
  .   ____          _            __ _ _
 /\\ / ___'_ __ _ _(_)_ __  __ _ \ \ \ \
( ( )\___ | '_ | '_| | '_ \/ _` | \ \ \ \
 \\/  ___)| |_)| | | | | || (_| |  ) ) ) )
  '  |____| .__|_| |_|_| |_\__, | / / / /
 =========|_|==============|___/=/_/_/_/

 :: Spring Boot ::                (v3.4.3)

2025-05-25T15:37:00.166Z  INFO 42081 --- [apiAE] [           main] com.AgroEnvios.apiAE.ApiAeApplication    : Starting ApiAeApplication v0.0.1-SNAPSHOT using Java 21.0.7 with PID 42081 (/opt/miapp/AgroEnvios/apiAE/target/apiAE-0.0.1-SNAPSHOT.jar started by root in /opt/miapp/AgroEnvios/apiAE)
2025-05-25T15:37:00.174Z  INFO 42081 --- [apiAE] [           main] com.AgroEnvios.apiAE.ApiAeApplication    : The following 1 profile is active: "prod"
2025-05-25T15:37:03.255Z  INFO 42081 --- [apiAE] [           main] .s.d.r.c.RepositoryConfigurationDelegate : Bootstrapping Spring Data JPA repositories in DEFAULT mode.
2025-05-25T15:37:03.471Z  INFO 42081 --- [apiAE] [           main] .s.d.r.c.RepositoryConfigurationDelegate : Finished Spring Data repository scanning in 198 ms. Found 7 JPA repository interfaces.
2025-05-25T15:37:05.386Z  INFO 42081 --- [apiAE] [           main] o.s.b.w.embedded.tomcat.TomcatWebServer  : Tomcat initialized with port 8080 (http)
2025-05-25T15:37:05.439Z  INFO 42081 --- [apiAE] [           main] o.apache.catalina.core.StandardService   : Starting service [Tomcat]
2025-05-25T15:37:05.440Z  INFO 42081 --- [apiAE] [           main] o.apache.catalina.core.StandardEngine    : Starting Servlet engine: [Apache Tomcat/10.1.36]
2025-05-25T15:37:05.525Z  INFO 42081 --- [apiAE] [           main] o.a.c.c.C.[Tomcat].[localhost].[/]       : Initializing Spring embedded WebApplicationContext
2025-05-25T15:37:05.527Z  INFO 42081 --- [apiAE] [           main] w.s.c.ServletWebServerApplicationContext : Root WebApplicationContext: initialization completed in 5167 ms
2025-05-25T15:37:05.948Z  INFO 42081 --- [apiAE] [           main] o.hibernate.jpa.internal.util.LogHelper  : HHH000204: Processing PersistenceUnitInfo [name: default]
2025-05-25T15:37:06.072Z  INFO 42081 --- [apiAE] [           main] org.hibernate.Version                    : HHH000412: Hibernate ORM core version 6.6.8.Final
2025-05-25T15:37:06.185Z  INFO 42081 --- [apiAE] [           main] o.h.c.internal.RegionFactoryInitiator    : HHH000026: Second-level cache disabled
2025-05-25T15:37:06.836Z  INFO 42081 --- [apiAE] [           main] o.s.o.j.p.SpringPersistenceUnitInfo      : No LoadTimeWeaver setup: ignoring JPA class transformer
2025-05-25T15:37:06.880Z  INFO 42081 --- [apiAE] [           main] com.zaxxer.hikari.HikariDataSource       : HikariPool-1 - Starting...
2025-05-25T15:37:07.353Z  INFO 42081 --- [apiAE] [           main] com.zaxxer.hikari.pool.HikariPool        : HikariPool-1 - Added connection com.mysql.cj.jdbc.ConnectionImpl@bd273b2
2025-05-25T15:37:07.358Z  INFO 42081 --- [apiAE] [           main] com.zaxxer.hikari.HikariDataSource       : HikariPool-1 - Start completed.
2025-05-25T15:37:07.481Z  WARN 42081 --- [apiAE] [           main] org.hibernate.orm.deprecation            : HHH90000025: MySQLDialect does not need to be specified explicitly using 'hibernate.dialect' (remove the property setting and it will be selected by default)
2025-05-25T15:37:07.552Z  INFO 42081 --- [apiAE] [           main] org.hibernate.orm.connections.pooling    : HHH10001005: Database info:
	Database JDBC URL [Connecting through datasource 'HikariDataSource (HikariPool-1)']
	Database driver: undefined/unknown
	Database version: 8.0.42
	Autocommit mode: undefined/unknown
	Isolation level: undefined/unknown
	Minimum pool size: undefined/unknown
	Maximum pool size: undefined/unknown
2025-05-25T15:37:10.171Z  INFO 42081 --- [apiAE] [           main] o.h.e.t.j.p.i.JtaPlatformInitiator       : HHH000489: No JTA platform available (set 'hibernate.transaction.jta.platform' to enable JTA platform integration)
2025-05-25T15:37:10.391Z  INFO 42081 --- [apiAE] [           main] j.LocalContainerEntityManagerFactoryBean : Initialized JPA EntityManagerFactory for persistence unit 'default'
2025-05-25T15:37:11.535Z  INFO 42081 --- [apiAE] [           main] r$InitializeUserDetailsManagerConfigurer : Global AuthenticationManager configured with UserDetailsService bean with name userDetailsServiceImpl
2025-05-25T15:37:11.822Z  WARN 42081 --- [apiAE] [           main] JpaBaseConfiguration$JpaWebConfiguration : spring.jpa.open-in-view is enabled by default. Therefore, database queries may be performed during view rendering. Explicitly configure spring.jpa.open-in-view to disable this warning
2025-05-25T15:37:13.977Z  INFO 42081 --- [apiAE] [           main] o.s.b.w.embedded.tomcat.TomcatWebServer  : Tomcat started on port 8080 (http) with context path '/'
2025-05-25T15:37:14.014Z  INFO 42081 --- [apiAE] [           main] com.AgroEnvios.apiAE.ApiAeApplication    : Started ApiAeApplication in 15.08 seconds (process running for 16.299)
2025-05-25T16:11:03.335Z  INFO 42081 --- [apiAE] [nio-8080-exec-1] o.a.c.c.C.[Tomcat].[localhost].[/]       : Initializing Spring DispatcherServlet 'dispatcherServlet'
2025-05-25T16:11:03.336Z  INFO 42081 --- [apiAE] [nio-8080-exec-1] o.s.web.servlet.DispatcherServlet        : Initializing Servlet 'dispatcherServlet'
2025-05-25T16:11:03.339Z  INFO 42081 --- [apiAE] [nio-8080-exec-1] o.s.web.servlet.DispatcherServlet        : Completed initialization in 2 ms
Hibernate: select u1_0.id,u1_0.apellido,u1_0.direccion,u1_0.email,u1_0.nombre,u1_0.organizacion,u1_0.password,u1_0.telefono from usuario u1_0 where u1_0.email=?
Hibernate: select o1_0.id,o1_0.descripcion,o1_0.direccion,o1_0.email,o1_0.nombre,o1_0.telefono from organizacion o1_0 where o1_0.id=?
Hibernate: select r1_0.usuario,r1_1.id,r1_1.descripcion,r1_1.nombre from usuario_rol r1_0 join rol r1_1 on r1_1.id=r1_0.rol where r1_0.usuario=?
Hibernate: select u1_0.id,u1_0.apellido,u1_0.direccion,u1_0.email,u1_0.nombre,u1_0.organizacion,u1_0.password,u1_0.telefono from usuario u1_0 where u1_0.email=?
Hibernate: select u1_0.id,u1_0.apellido,u1_0.direccion,u1_0.email,u1_0.nombre,u1_0.organizacion,u1_0.password,u1_0.telefono from usuario u1_0 where u1_0.email=?
Hibernate: select o1_0.id,o1_0.descripcion,o1_0.direccion,o1_0.email,o1_0.nombre,o1_0.telefono from organizacion o1_0 where o1_0.id=?
Hibernate: select r1_0.usuario,r1_1.id,r1_1.descripcion,r1_1.nombre from usuario_rol r1_0 join rol r1_1 on r1_1.id=r1_0.rol where r1_0.usuario=?
Usuario encontrado: fernenri33@gmail.com
Hibernate: select e1_0.id,e1_0.comentario_proveedor,e1_0.comentario_supervisor,e1_0.estado,e1_0.fecha_creacion,e1_0.fecha_entrega,e1_0.fecha_modificacion,e1_0.fecha_salida,e1_0.motorisata,e1_0.proveedor,e1_0.supervisor from envio e1_0 where e1_0.proveedor=?
Hibernate: select u1_0.id,u1_0.apellido,u1_0.direccion,u1_0.email,u1_0.nombre,u1_0.organizacion,u1_0.password,u1_0.telefono from usuario u1_0 where u1_0.email=?
Hibernate: select o1_0.id,o1_0.descripcion,o1_0.direccion,o1_0.email,o1_0.nombre,o1_0.telefono from organizacion o1_0 where o1_0.id=?
Hibernate: select r1_0.usuario,r1_1.id,r1_1.descripcion,r1_1.nombre from usuario_rol r1_0 join rol r1_1 on r1_1.id=r1_0.rol where r1_0.usuario=?
Usuario encontrado: fernenri33@gmail.com
Hibernate: insert into envio (comentario_proveedor,comentario_supervisor,estado,fecha_creacion,fecha_entrega,fecha_modificacion,fecha_salida,motorisata,proveedor,supervisor) values (?,?,?,?,?,?,?,?,?,?)
Hibernate: select p1_0.id,p1_0.cantidad,p1_0.descripcion,p1_0.nombre,p1_0.unidad_medida from producto p1_0
Hibernate: select e1_0.id,e1_0.comentario_proveedor,e1_0.comentario_supervisor,e1_0.estado,e1_0.fecha_creacion,e1_0.fecha_entrega,e1_0.fecha_modificacion,e1_0.fecha_salida,e1_0.motorisata,p1_0.id,p1_0.apellido,p1_0.direccion,p1_0.email,p1_0.nombre,o1_0.id,o1_0.descripcion,o1_0.direccion,o1_0.email,o1_0.nombre,o1_0.telefono,p1_0.password,r1_0.usuario,r1_1.id,r1_1.descripcion,r1_1.nombre,p1_0.telefono,s1_0.id,s1_0.apellido,s1_0.direccion,s1_0.email,s1_0.nombre,o2_0.id,o2_0.descripcion,o2_0.direccion,o2_0.email,o2_0.nombre,o2_0.telefono,s1_0.password,r2_0.usuario,r2_1.id,r2_1.descripcion,r2_1.nombre,s1_0.telefono from envio e1_0 left join usuario p1_0 on p1_0.id=e1_0.proveedor left join organizacion o1_0 on o1_0.id=p1_0.organizacion left join usuario_rol r1_0 on p1_0.id=r1_0.usuario left join rol r1_1 on r1_1.id=r1_0.rol left join usuario s1_0 on s1_0.id=e1_0.supervisor left join organizacion o2_0 on o2_0.id=s1_0.organizacion left join usuario_rol r2_0 on s1_0.id=r2_0.usuario left join rol r2_1 on r2_1.id=r2_0.rol where e1_0.id=?
Hibernate: select ed1_0.id,ed1_0.cantidad,ed1_0.envio,ed1_0.producto from envio_detalle ed1_0 where ed1_0.envio=?
Hibernate: insert into envio_detalle (cantidad,envio,producto) values (?,?,?)
Hibernate: select e1_0.id,e1_0.comentario_proveedor,e1_0.comentario_supervisor,e1_0.estado,e1_0.fecha_creacion,e1_0.fecha_entrega,e1_0.fecha_modificacion,e1_0.fecha_salida,e1_0.motorisata,p1_0.id,p1_0.apellido,p1_0.direccion,p1_0.email,p1_0.nombre,o1_0.id,o1_0.descripcion,o1_0.direccion,o1_0.email,o1_0.nombre,o1_0.telefono,p1_0.password,r1_0.usuario,r1_1.id,r1_1.descripcion,r1_1.nombre,p1_0.telefono,s1_0.id,s1_0.apellido,s1_0.direccion,s1_0.email,s1_0.nombre,o2_0.id,o2_0.descripcion,o2_0.direccion,o2_0.email,o2_0.nombre,o2_0.telefono,s1_0.password,r2_0.usuario,r2_1.id,r2_1.descripcion,r2_1.nombre,s1_0.telefono from envio e1_0 left join usuario p1_0 on p1_0.id=e1_0.proveedor left join organizacion o1_0 on o1_0.id=p1_0.organizacion left join usuario_rol r1_0 on p1_0.id=r1_0.usuario left join rol r1_1 on r1_1.id=r1_0.rol left join usuario s1_0 on s1_0.id=e1_0.supervisor left join organizacion o2_0 on o2_0.id=s1_0.organizacion left join usuario_rol r2_0 on s1_0.id=r2_0.usuario left join rol r2_1 on r2_1.id=r2_0.rol where e1_0.id=?
Hibernate: select ed1_0.id,ed1_0.cantidad,ed1_0.envio,ed1_0.producto from envio_detalle ed1_0 where ed1_0.envio=?
Hibernate: select p1_0.id,p1_0.cantidad,p1_0.descripcion,p1_0.nombre,p1_0.unidad_medida from producto p1_0 where p1_0.id=?
Hibernate: select u1_0.id,u1_0.apellido,u1_0.direccion,u1_0.email,u1_0.nombre,u1_0.organizacion,u1_0.password,u1_0.telefono from usuario u1_0 where u1_0.email=?
Hibernate: select o1_0.id,o1_0.descripcion,o1_0.direccion,o1_0.email,o1_0.nombre,o1_0.telefono from organizacion o1_0 where o1_0.id=?
Hibernate: select r1_0.usuario,r1_1.id,r1_1.descripcion,r1_1.nombre from usuario_rol r1_0 join rol r1_1 on r1_1.id=r1_0.rol where r1_0.usuario=?
Usuario encontrado: fernenri33@gmail.com
Hibernate: select e1_0.id,e1_0.comentario_proveedor,e1_0.comentario_supervisor,e1_0.estado,e1_0.fecha_creacion,e1_0.fecha_entrega,e1_0.fecha_modificacion,e1_0.fecha_salida,e1_0.motorisata,e1_0.proveedor,e1_0.supervisor from envio e1_0 where e1_0.proveedor=?
Hibernate: select e1_0.id,e1_0.comentario_proveedor,e1_0.comentario_supervisor,e1_0.estado,e1_0.fecha_creacion,e1_0.fecha_entrega,e1_0.fecha_modificacion,e1_0.fecha_salida,e1_0.motorisata,p1_0.id,p1_0.apellido,p1_0.direccion,p1_0.email,p1_0.nombre,o1_0.id,o1_0.descripcion,o1_0.direccion,o1_0.email,o1_0.nombre,o1_0.telefono,p1_0.password,r1_0.usuario,r1_1.id,r1_1.descripcion,r1_1.nombre,p1_0.telefono,s1_0.id,s1_0.apellido,s1_0.direccion,s1_0.email,s1_0.nombre,o2_0.id,o2_0.descripcion,o2_0.direccion,o2_0.email,o2_0.nombre,o2_0.telefono,s1_0.password,r2_0.usuario,r2_1.id,r2_1.descripcion,r2_1.nombre,s1_0.telefono from envio e1_0 left join usuario p1_0 on p1_0.id=e1_0.proveedor left join organizacion o1_0 on o1_0.id=p1_0.organizacion left join usuario_rol r1_0 on p1_0.id=r1_0.usuario left join rol r1_1 on r1_1.id=r1_0.rol left join usuario s1_0 on s1_0.id=e1_0.supervisor left join organizacion o2_0 on o2_0.id=s1_0.organizacion left join usuario_rol r2_0 on s1_0.id=r2_0.usuario left join rol r2_1 on r2_1.id=r2_0.rol where e1_0.id=?
Hibernate: select ed1_0.envio,ed1_0.id,ed1_0.cantidad,ed1_0.producto,p1_0.id,p1_0.cantidad,p1_0.descripcion,p1_0.nombre,p1_0.unidad_medida from envio_detalle ed1_0 left join producto p1_0 on p1_0.id=ed1_0.producto where ed1_0.envio=?
Hibernate: delete from envio where id=?
Hibernate: select u1_0.id,u1_0.apellido,u1_0.direccion,u1_0.email,u1_0.nombre,u1_0.organizacion,u1_0.password,u1_0.telefono from usuario u1_0 where u1_0.email=?
Hibernate: select o1_0.id,o1_0.descripcion,o1_0.direccion,o1_0.email,o1_0.nombre,o1_0.telefono from organizacion o1_0 where o1_0.id=?
Hibernate: select r1_0.usuario,r1_1.id,r1_1.descripcion,r1_1.nombre from usuario_rol r1_0 join rol r1_1 on r1_1.id=r1_0.rol where r1_0.usuario=?
Usuario encontrado: fernenri33@gmail.com
Hibernate: select e1_0.id,e1_0.comentario_proveedor,e1_0.comentario_supervisor,e1_0.estado,e1_0.fecha_creacion,e1_0.fecha_entrega,e1_0.fecha_modificacion,e1_0.fecha_salida,e1_0.motorisata,e1_0.proveedor,e1_0.supervisor from envio e1_0 where e1_0.proveedor=?
Hibernate: select p1_0.id,p1_0.cantidad,p1_0.descripcion,p1_0.nombre,p1_0.unidad_medida from producto p1_0
Hibernate: select e1_0.id,e1_0.comentario_proveedor,e1_0.comentario_supervisor,e1_0.estado,e1_0.fecha_creacion,e1_0.fecha_entrega,e1_0.fecha_modificacion,e1_0.fecha_salida,e1_0.motorisata,p1_0.id,p1_0.apellido,p1_0.direccion,p1_0.email,p1_0.nombre,o1_0.id,o1_0.descripcion,o1_0.direccion,o1_0.email,o1_0.nombre,o1_0.telefono,p1_0.password,r1_0.usuario,r1_1.id,r1_1.descripcion,r1_1.nombre,p1_0.telefono,s1_0.id,s1_0.apellido,s1_0.direccion,s1_0.email,s1_0.nombre,o2_0.id,o2_0.descripcion,o2_0.direccion,o2_0.email,o2_0.nombre,o2_0.telefono,s1_0.password,r2_0.usuario,r2_1.id,r2_1.descripcion,r2_1.nombre,s1_0.telefono from envio e1_0 left join usuario p1_0 on p1_0.id=e1_0.proveedor left join organizacion o1_0 on o1_0.id=p1_0.organizacion left join usuario_rol r1_0 on p1_0.id=r1_0.usuario left join rol r1_1 on r1_1.id=r1_0.rol left join usuario s1_0 on s1_0.id=e1_0.supervisor left join organizacion o2_0 on o2_0.id=s1_0.organizacion left join usuario_rol r2_0 on s1_0.id=r2_0.usuario left join rol r2_1 on r2_1.id=r2_0.rol where e1_0.id=?
Hibernate: select ed1_0.id,ed1_0.cantidad,ed1_0.envio,ed1_0.producto from envio_detalle ed1_0 where ed1_0.envio=?
Hibernate: select p1_0.id,p1_0.cantidad,p1_0.descripcion,p1_0.nombre,p1_0.unidad_medida from producto p1_0 where p1_0.id=?
Hibernate: insert into envio_detalle (cantidad,envio,producto) values (?,?,?)
Hibernate: select e1_0.id,e1_0.comentario_proveedor,e1_0.comentario_supervisor,e1_0.estado,e1_0.fecha_creacion,e1_0.fecha_entrega,e1_0.fecha_modificacion,e1_0.fecha_salida,e1_0.motorisata,p1_0.id,p1_0.apellido,p1_0.direccion,p1_0.email,p1_0.nombre,o1_0.id,o1_0.descripcion,o1_0.direccion,o1_0.email,o1_0.nombre,o1_0.telefono,p1_0.password,r1_0.usuario,r1_1.id,r1_1.descripcion,r1_1.nombre,p1_0.telefono,s1_0.id,s1_0.apellido,s1_0.direccion,s1_0.email,s1_0.nombre,o2_0.id,o2_0.descripcion,o2_0.direccion,o2_0.email,o2_0.nombre,o2_0.telefono,s1_0.password,r2_0.usuario,r2_1.id,r2_1.descripcion,r2_1.nombre,s1_0.telefono from envio e1_0 left join usuario p1_0 on p1_0.id=e1_0.proveedor left join organizacion o1_0 on o1_0.id=p1_0.organizacion left join usuario_rol r1_0 on p1_0.id=r1_0.usuario left join rol r1_1 on r1_1.id=r1_0.rol left join usuario s1_0 on s1_0.id=e1_0.supervisor left join organizacion o2_0 on o2_0.id=s1_0.organizacion left join usuario_rol r2_0 on s1_0.id=r2_0.usuario left join rol r2_1 on r2_1.id=r2_0.rol where e1_0.id=?
Hibernate: select ed1_0.id,ed1_0.cantidad,ed1_0.envio,ed1_0.producto from envio_detalle ed1_0 where ed1_0.envio=?
Hibernate: select p1_0.id,p1_0.cantidad,p1_0.descripcion,p1_0.nombre,p1_0.unidad_medida from producto p1_0 where p1_0.id=?
Hibernate: select p1_0.id,p1_0.cantidad,p1_0.descripcion,p1_0.nombre,p1_0.unidad_medida from producto p1_0 where p1_0.id=?
Hibernate: insert into envio_detalle (cantidad,envio,producto) values (?,?,?)
Hibernate: select e1_0.id,e1_0.comentario_proveedor,e1_0.comentario_supervisor,e1_0.estado,e1_0.fecha_creacion,e1_0.fecha_entrega,e1_0.fecha_modificacion,e1_0.fecha_salida,e1_0.motorisata,p1_0.id,p1_0.apellido,p1_0.direccion,p1_0.email,p1_0.nombre,o1_0.id,o1_0.descripcion,o1_0.direccion,o1_0.email,o1_0.nombre,o1_0.telefono,p1_0.password,r1_0.usuario,r1_1.id,r1_1.descripcion,r1_1.nombre,p1_0.telefono,s1_0.id,s1_0.apellido,s1_0.direccion,s1_0.email,s1_0.nombre,o2_0.id,o2_0.descripcion,o2_0.direccion,o2_0.email,o2_0.nombre,o2_0.telefono,s1_0.password,r2_0.usuario,r2_1.id,r2_1.descripcion,r2_1.nombre,s1_0.telefono from envio e1_0 left join usuario p1_0 on p1_0.id=e1_0.proveedor left join organizacion o1_0 on o1_0.id=p1_0.organizacion left join usuario_rol r1_0 on p1_0.id=r1_0.usuario left join rol r1_1 on r1_1.id=r1_0.rol left join usuario s1_0 on s1_0.id=e1_0.supervisor left join organizacion o2_0 on o2_0.id=s1_0.organizacion left join usuario_rol r2_0 on s1_0.id=r2_0.usuario left join rol r2_1 on r2_1.id=r2_0.rol where e1_0.id=?
Hibernate: select ed1_0.id,ed1_0.cantidad,ed1_0.envio,ed1_0.producto from envio_detalle ed1_0 where ed1_0.envio=?
Hibernate: select p1_0.id,p1_0.cantidad,p1_0.descripcion,p1_0.nombre,p1_0.unidad_medida from producto p1_0 where p1_0.id=?
Hibernate: select p1_0.id,p1_0.cantidad,p1_0.descripcion,p1_0.nombre,p1_0.unidad_medida from producto p1_0 where p1_0.id=?
Hibernate: select p1_0.id,p1_0.cantidad,p1_0.descripcion,p1_0.nombre,p1_0.unidad_medida from producto p1_0 where p1_0.id=?
Hibernate: select ed1_0.id,ed1_0.cantidad,ed1_0.envio,e1_0.id,e1_0.comentario_proveedor,e1_0.comentario_supervisor,e1_0.estado,e1_0.fecha_creacion,e1_0.fecha_entrega,e1_0.fecha_modificacion,e1_0.fecha_salida,e1_0.motorisata,p1_0.id,p1_0.apellido,p1_0.direccion,p1_0.email,p1_0.nombre,p1_0.organizacion,p1_0.password,p1_0.telefono,s1_0.id,s1_0.apellido,s1_0.direccion,s1_0.email,s1_0.nombre,s1_0.organizacion,s1_0.password,s1_0.telefono,ed1_0.producto,p2_0.id,p2_0.cantidad,p2_0.descripcion,p2_0.nombre,p2_0.unidad_medida from envio_detalle ed1_0 join envio e1_0 on e1_0.id=ed1_0.envio left join usuario p1_0 on p1_0.id=e1_0.proveedor left join usuario s1_0 on s1_0.id=e1_0.supervisor join producto p2_0 on p2_0.id=ed1_0.producto where ed1_0.id=?
Hibernate: select o1_0.id,o1_0.descripcion,o1_0.direccion,o1_0.email,o1_0.nombre,o1_0.telefono from organizacion o1_0 where o1_0.id=?
Hibernate: select r1_0.usuario,r1_1.id,r1_1.descripcion,r1_1.nombre from usuario_rol r1_0 join rol r1_1 on r1_1.id=r1_0.rol where r1_0.usuario=?
Hibernate: delete from envio_detalle where id=?
Hibernate: select e1_0.id,e1_0.comentario_proveedor,e1_0.comentario_supervisor,e1_0.estado,e1_0.fecha_creacion,e1_0.fecha_entrega,e1_0.fecha_modificacion,e1_0.fecha_salida,e1_0.motorisata,p1_0.id,p1_0.apellido,p1_0.direccion,p1_0.email,p1_0.nombre,o1_0.id,o1_0.descripcion,o1_0.direccion,o1_0.email,o1_0.nombre,o1_0.telefono,p1_0.password,r1_0.usuario,r1_1.id,r1_1.descripcion,r1_1.nombre,p1_0.telefono,s1_0.id,s1_0.apellido,s1_0.direccion,s1_0.email,s1_0.nombre,o2_0.id,o2_0.descripcion,o2_0.direccion,o2_0.email,o2_0.nombre,o2_0.telefono,s1_0.password,r2_0.usuario,r2_1.id,r2_1.descripcion,r2_1.nombre,s1_0.telefono from envio e1_0 left join usuario p1_0 on p1_0.id=e1_0.proveedor left join organizacion o1_0 on o1_0.id=p1_0.organizacion left join usuario_rol r1_0 on p1_0.id=r1_0.usuario left join rol r1_1 on r1_1.id=r1_0.rol left join usuario s1_0 on s1_0.id=e1_0.supervisor left join organizacion o2_0 on o2_0.id=s1_0.organizacion left join usuario_rol r2_0 on s1_0.id=r2_0.usuario left join rol r2_1 on r2_1.id=r2_0.rol where e1_0.id=?
Hibernate: select ed1_0.id,ed1_0.cantidad,ed1_0.envio,ed1_0.producto from envio_detalle ed1_0 where ed1_0.envio=?
Hibernate: select p1_0.id,p1_0.cantidad,p1_0.descripcion,p1_0.nombre,p1_0.unidad_medida from producto p1_0 where p1_0.id=?
Hibernate: select p1_0.id,p1_0.cantidad,p1_0.descripcion,p1_0.nombre,p1_0.unidad_medida from producto p1_0 where p1_0.id=?
Hibernate: select e1_0.id,e1_0.comentario_proveedor,e1_0.comentario_supervisor,e1_0.estado,e1_0.fecha_creacion,e1_0.fecha_entrega,e1_0.fecha_modificacion,e1_0.fecha_salida,e1_0.motorisata,p1_0.id,p1_0.apellido,p1_0.direccion,p1_0.email,p1_0.nombre,o1_0.id,o1_0.descripcion,o1_0.direccion,o1_0.email,o1_0.nombre,o1_0.telefono,p1_0.password,r1_0.usuario,r1_1.id,r1_1.descripcion,r1_1.nombre,p1_0.telefono,s1_0.id,s1_0.apellido,s1_0.direccion,s1_0.email,s1_0.nombre,o2_0.id,o2_0.descripcion,o2_0.direccion,o2_0.email,o2_0.nombre,o2_0.telefono,s1_0.password,r2_0.usuario,r2_1.id,r2_1.descripcion,r2_1.nombre,s1_0.telefono from envio e1_0 left join usuario p1_0 on p1_0.id=e1_0.proveedor left join organizacion o1_0 on o1_0.id=p1_0.organizacion left join usuario_rol r1_0 on p1_0.id=r1_0.usuario left join rol r1_1 on r1_1.id=r1_0.rol left join usuario s1_0 on s1_0.id=e1_0.supervisor left join organizacion o2_0 on o2_0.id=s1_0.organizacion left join usuario_rol r2_0 on s1_0.id=r2_0.usuario left join rol r2_1 on r2_1.id=r2_0.rol where e1_0.id=?
Hibernate: update envio set comentario_proveedor=?,comentario_supervisor=?,estado=?,fecha_creacion=?,fecha_entrega=?,fecha_modificacion=?,fecha_salida=?,motorisata=?,proveedor=?,supervisor=? where id=?
Hibernate: select u1_0.id,u1_0.apellido,u1_0.direccion,u1_0.email,u1_0.nombre,u1_0.organizacion,u1_0.password,u1_0.telefono from usuario u1_0 where u1_0.email=?
Hibernate: select o1_0.id,o1_0.descripcion,o1_0.direccion,o1_0.email,o1_0.nombre,o1_0.telefono from organizacion o1_0 where o1_0.id=?
Hibernate: select r1_0.usuario,r1_1.id,r1_1.descripcion,r1_1.nombre from usuario_rol r1_0 join rol r1_1 on r1_1.id=r1_0.rol where r1_0.usuario=?
Usuario encontrado: fernenri33@gmail.com
Hibernate: select e1_0.id,e1_0.comentario_proveedor,e1_0.comentario_supervisor,e1_0.estado,e1_0.fecha_creacion,e1_0.fecha_entrega,e1_0.fecha_modificacion,e1_0.fecha_salida,e1_0.motorisata,e1_0.proveedor,e1_0.supervisor from envio e1_0 where e1_0.proveedor=?
Hibernate: select u1_0.id,u1_0.apellido,u1_0.direccion,u1_0.email,u1_0.nombre,u1_0.organizacion,u1_0.password,u1_0.telefono from usuario u1_0 where u1_0.email=?
Hibernate: select o1_0.id,o1_0.descripcion,o1_0.direccion,o1_0.email,o1_0.nombre,o1_0.telefono from organizacion o1_0 where o1_0.id=?
Hibernate: select r1_0.usuario,r1_1.id,r1_1.descripcion,r1_1.nombre from usuario_rol r1_0 join rol r1_1 on r1_1.id=r1_0.rol where r1_0.usuario=?
Usuario encontrado: fernenri33@gmail.com
Hibernate: insert into envio (comentario_proveedor,comentario_supervisor,estado,fecha_creacion,fecha_entrega,fecha_modificacion,fecha_salida,motorisata,proveedor,supervisor) values (?,?,?,?,?,?,?,?,?,?)
Hibernate: select p1_0.id,p1_0.cantidad,p1_0.descripcion,p1_0.nombre,p1_0.unidad_medida from producto p1_0
Hibernate: select e1_0.id,e1_0.comentario_proveedor,e1_0.comentario_supervisor,e1_0.estado,e1_0.fecha_creacion,e1_0.fecha_entrega,e1_0.fecha_modificacion,e1_0.fecha_salida,e1_0.motorisata,p1_0.id,p1_0.apellido,p1_0.direccion,p1_0.email,p1_0.nombre,o1_0.id,o1_0.descripcion,o1_0.direccion,o1_0.email,o1_0.nombre,o1_0.telefono,p1_0.password,r1_0.usuario,r1_1.id,r1_1.descripcion,r1_1.nombre,p1_0.telefono,s1_0.id,s1_0.apellido,s1_0.direccion,s1_0.email,s1_0.nombre,o2_0.id,o2_0.descripcion,o2_0.direccion,o2_0.email,o2_0.nombre,o2_0.telefono,s1_0.password,r2_0.usuario,r2_1.id,r2_1.descripcion,r2_1.nombre,s1_0.telefono from envio e1_0 left join usuario p1_0 on p1_0.id=e1_0.proveedor left join organizacion o1_0 on o1_0.id=p1_0.organizacion left join usuario_rol r1_0 on p1_0.id=r1_0.usuario left join rol r1_1 on r1_1.id=r1_0.rol left join usuario s1_0 on s1_0.id=e1_0.supervisor left join organizacion o2_0 on o2_0.id=s1_0.organizacion left join usuario_rol r2_0 on s1_0.id=r2_0.usuario left join rol r2_1 on r2_1.id=r2_0.rol where e1_0.id=?
Hibernate: select ed1_0.id,ed1_0.cantidad,ed1_0.envio,ed1_0.producto from envio_detalle ed1_0 where ed1_0.envio=?
Hibernate: insert into envio_detalle (cantidad,envio,producto) values (?,?,?)
Hibernate: select e1_0.id,e1_0.comentario_proveedor,e1_0.comentario_supervisor,e1_0.estado,e1_0.fecha_creacion,e1_0.fecha_entrega,e1_0.fecha_modificacion,e1_0.fecha_salida,e1_0.motorisata,p1_0.id,p1_0.apellido,p1_0.direccion,p1_0.email,p1_0.nombre,o1_0.id,o1_0.descripcion,o1_0.direccion,o1_0.email,o1_0.nombre,o1_0.telefono,p1_0.password,r1_0.usuario,r1_1.id,r1_1.descripcion,r1_1.nombre,p1_0.telefono,s1_0.id,s1_0.apellido,s1_0.direccion,s1_0.email,s1_0.nombre,o2_0.id,o2_0.descripcion,o2_0.direccion,o2_0.email,o2_0.nombre,o2_0.telefono,s1_0.password,r2_0.usuario,r2_1.id,r2_1.descripcion,r2_1.nombre,s1_0.telefono from envio e1_0 left join usuario p1_0 on p1_0.id=e1_0.proveedor left join organizacion o1_0 on o1_0.id=p1_0.organizacion left join usuario_rol r1_0 on p1_0.id=r1_0.usuario left join rol r1_1 on r1_1.id=r1_0.rol left join usuario s1_0 on s1_0.id=e1_0.supervisor left join organizacion o2_0 on o2_0.id=s1_0.organizacion left join usuario_rol r2_0 on s1_0.id=r2_0.usuario left join rol r2_1 on r2_1.id=r2_0.rol where e1_0.id=?
Hibernate: select ed1_0.id,ed1_0.cantidad,ed1_0.envio,ed1_0.producto from envio_detalle ed1_0 where ed1_0.envio=?
Hibernate: select p1_0.id,p1_0.cantidad,p1_0.descripcion,p1_0.nombre,p1_0.unidad_medida from producto p1_0 where p1_0.id=?
Hibernate: insert into envio_detalle (cantidad,envio,producto) values (?,?,?)
Hibernate: select e1_0.id,e1_0.comentario_proveedor,e1_0.comentario_supervisor,e1_0.estado,e1_0.fecha_creacion,e1_0.fecha_entrega,e1_0.fecha_modificacion,e1_0.fecha_salida,e1_0.motorisata,p1_0.id,p1_0.apellido,p1_0.direccion,p1_0.email,p1_0.nombre,o1_0.id,o1_0.descripcion,o1_0.direccion,o1_0.email,o1_0.nombre,o1_0.telefono,p1_0.password,r1_0.usuario,r1_1.id,r1_1.descripcion,r1_1.nombre,p1_0.telefono,s1_0.id,s1_0.apellido,s1_0.direccion,s1_0.email,s1_0.nombre,o2_0.id,o2_0.descripcion,o2_0.direccion,o2_0.email,o2_0.nombre,o2_0.telefono,s1_0.password,r2_0.usuario,r2_1.id,r2_1.descripcion,r2_1.nombre,s1_0.telefono from envio e1_0 left join usuario p1_0 on p1_0.id=e1_0.proveedor left join organizacion o1_0 on o1_0.id=p1_0.organizacion left join usuario_rol r1_0 on p1_0.id=r1_0.usuario left join rol r1_1 on r1_1.id=r1_0.rol left join usuario s1_0 on s1_0.id=e1_0.supervisor left join organizacion o2_0 on o2_0.id=s1_0.organizacion left join usuario_rol r2_0 on s1_0.id=r2_0.usuario left join rol r2_1 on r2_1.id=r2_0.rol where e1_0.id=?
Hibernate: select ed1_0.id,ed1_0.cantidad,ed1_0.envio,ed1_0.producto from envio_detalle ed1_0 where ed1_0.envio=?
Hibernate: select p1_0.id,p1_0.cantidad,p1_0.descripcion,p1_0.nombre,p1_0.unidad_medida from producto p1_0 where p1_0.id=?
Hibernate: select p1_0.id,p1_0.cantidad,p1_0.descripcion,p1_0.nombre,p1_0.unidad_medida from producto p1_0 where p1_0.id=?
Hibernate: insert into envio_detalle (cantidad,envio,producto) values (?,?,?)
Hibernate: select e1_0.id,e1_0.comentario_proveedor,e1_0.comentario_supervisor,e1_0.estado,e1_0.fecha_creacion,e1_0.fecha_entrega,e1_0.fecha_modificacion,e1_0.fecha_salida,e1_0.motorisata,p1_0.id,p1_0.apellido,p1_0.direccion,p1_0.email,p1_0.nombre,o1_0.id,o1_0.descripcion,o1_0.direccion,o1_0.email,o1_0.nombre,o1_0.telefono,p1_0.password,r1_0.usuario,r1_1.id,r1_1.descripcion,r1_1.nombre,p1_0.telefono,s1_0.id,s1_0.apellido,s1_0.direccion,s1_0.email,s1_0.nombre,o2_0.id,o2_0.descripcion,o2_0.direccion,o2_0.email,o2_0.nombre,o2_0.telefono,s1_0.password,r2_0.usuario,r2_1.id,r2_1.descripcion,r2_1.nombre,s1_0.telefono from envio e1_0 left join usuario p1_0 on p1_0.id=e1_0.proveedor left join organizacion o1_0 on o1_0.id=p1_0.organizacion left join usuario_rol r1_0 on p1_0.id=r1_0.usuario left join rol r1_1 on r1_1.id=r1_0.rol left join usuario s1_0 on s1_0.id=e1_0.supervisor left join organizacion o2_0 on o2_0.id=s1_0.organizacion left join usuario_rol r2_0 on s1_0.id=r2_0.usuario left join rol r2_1 on r2_1.id=r2_0.rol where e1_0.id=?
Hibernate: select ed1_0.id,ed1_0.cantidad,ed1_0.envio,ed1_0.producto from envio_detalle ed1_0 where ed1_0.envio=?
Hibernate: select p1_0.id,p1_0.cantidad,p1_0.descripcion,p1_0.nombre,p1_0.unidad_medida from producto p1_0 where p1_0.id=?
Hibernate: select p1_0.id,p1_0.cantidad,p1_0.descripcion,p1_0.nombre,p1_0.unidad_medida from producto p1_0 where p1_0.id=?
Hibernate: select p1_0.id,p1_0.cantidad,p1_0.descripcion,p1_0.nombre,p1_0.unidad_medida from producto p1_0 where p1_0.id=?
Hibernate: select e1_0.id,e1_0.comentario_proveedor,e1_0.comentario_supervisor,e1_0.estado,e1_0.fecha_creacion,e1_0.fecha_entrega,e1_0.fecha_modificacion,e1_0.fecha_salida,e1_0.motorisata,p1_0.id,p1_0.apellido,p1_0.direccion,p1_0.email,p1_0.nombre,o1_0.id,o1_0.descripcion,o1_0.direccion,o1_0.email,o1_0.nombre,o1_0.telefono,p1_0.password,r1_0.usuario,r1_1.id,r1_1.descripcion,r1_1.nombre,p1_0.telefono,s1_0.id,s1_0.apellido,s1_0.direccion,s1_0.email,s1_0.nombre,o2_0.id,o2_0.descripcion,o2_0.direccion,o2_0.email,o2_0.nombre,o2_0.telefono,s1_0.password,r2_0.usuario,r2_1.id,r2_1.descripcion,r2_1.nombre,s1_0.telefono from envio e1_0 left join usuario p1_0 on p1_0.id=e1_0.proveedor left join organizacion o1_0 on o1_0.id=p1_0.organizacion left join usuario_rol r1_0 on p1_0.id=r1_0.usuario left join rol r1_1 on r1_1.id=r1_0.rol left join usuario s1_0 on s1_0.id=e1_0.supervisor left join organizacion o2_0 on o2_0.id=s1_0.organizacion left join usuario_rol r2_0 on s1_0.id=r2_0.usuario left join rol r2_1 on r2_1.id=r2_0.rol where e1_0.id=?
Hibernate: update envio set comentario_proveedor=?,comentario_supervisor=?,estado=?,fecha_creacion=?,fecha_entrega=?,fecha_modificacion=?,fecha_salida=?,motorisata=?,proveedor=?,supervisor=? where id=?
Hibernate: select u1_0.id,u1_0.apellido,u1_0.direccion,u1_0.email,u1_0.nombre,u1_0.organizacion,u1_0.password,u1_0.telefono from usuario u1_0 where u1_0.email=?
Hibernate: select o1_0.id,o1_0.descripcion,o1_0.direccion,o1_0.email,o1_0.nombre,o1_0.telefono from organizacion o1_0 where o1_0.id=?
Hibernate: select r1_0.usuario,r1_1.id,r1_1.descripcion,r1_1.nombre from usuario_rol r1_0 join rol r1_1 on r1_1.id=r1_0.rol where r1_0.usuario=?
Usuario encontrado: fernenri33@gmail.com
Hibernate: select e1_0.id,e1_0.comentario_proveedor,e1_0.comentario_supervisor,e1_0.estado,e1_0.fecha_creacion,e1_0.fecha_entrega,e1_0.fecha_modificacion,e1_0.fecha_salida,e1_0.motorisata,e1_0.proveedor,e1_0.supervisor from envio e1_0 where e1_0.proveedor=?
Hibernate: select u1_0.id,u1_0.apellido,u1_0.direccion,u1_0.email,u1_0.nombre,u1_0.organizacion,u1_0.password,u1_0.telefono from usuario u1_0 where u1_0.email=?
Hibernate: select o1_0.id,o1_0.descripcion,o1_0.direccion,o1_0.email,o1_0.nombre,o1_0.telefono from organizacion o1_0 where o1_0.id=?
Hibernate: select r1_0.usuario,r1_1.id,r1_1.descripcion,r1_1.nombre from usuario_rol r1_0 join rol r1_1 on r1_1.id=r1_0.rol where r1_0.usuario=?
Usuario encontrado: fernenri33@gmail.com
Hibernate: insert into envio (comentario_proveedor,comentario_supervisor,estado,fecha_creacion,fecha_entrega,fecha_modificacion,fecha_salida,motorisata,proveedor,supervisor) values (?,?,?,?,?,?,?,?,?,?)
Hibernate: select p1_0.id,p1_0.cantidad,p1_0.descripcion,p1_0.nombre,p1_0.unidad_medida from producto p1_0
Hibernate: select e1_0.id,e1_0.comentario_proveedor,e1_0.comentario_supervisor,e1_0.estado,e1_0.fecha_creacion,e1_0.fecha_entrega,e1_0.fecha_modificacion,e1_0.fecha_salida,e1_0.motorisata,p1_0.id,p1_0.apellido,p1_0.direccion,p1_0.email,p1_0.nombre,o1_0.id,o1_0.descripcion,o1_0.direccion,o1_0.email,o1_0.nombre,o1_0.telefono,p1_0.password,r1_0.usuario,r1_1.id,r1_1.descripcion,r1_1.nombre,p1_0.telefono,s1_0.id,s1_0.apellido,s1_0.direccion,s1_0.email,s1_0.nombre,o2_0.id,o2_0.descripcion,o2_0.direccion,o2_0.email,o2_0.nombre,o2_0.telefono,s1_0.password,r2_0.usuario,r2_1.id,r2_1.descripcion,r2_1.nombre,s1_0.telefono from envio e1_0 left join usuario p1_0 on p1_0.id=e1_0.proveedor left join organizacion o1_0 on o1_0.id=p1_0.organizacion left join usuario_rol r1_0 on p1_0.id=r1_0.usuario left join rol r1_1 on r1_1.id=r1_0.rol left join usuario s1_0 on s1_0.id=e1_0.supervisor left join organizacion o2_0 on o2_0.id=s1_0.organizacion left join usuario_rol r2_0 on s1_0.id=r2_0.usuario left join rol r2_1 on r2_1.id=r2_0.rol where e1_0.id=?
Hibernate: select ed1_0.id,ed1_0.cantidad,ed1_0.envio,ed1_0.producto from envio_detalle ed1_0 where ed1_0.envio=?
Hibernate: select u1_0.id,u1_0.apellido,u1_0.direccion,u1_0.email,u1_0.nombre,u1_0.organizacion,u1_0.password,u1_0.telefono from usuario u1_0 where u1_0.email=?
Hibernate: select o1_0.id,o1_0.descripcion,o1_0.direccion,o1_0.email,o1_0.nombre,o1_0.telefono from organizacion o1_0 where o1_0.id=?
Hibernate: select r1_0.usuario,r1_1.id,r1_1.descripcion,r1_1.nombre from usuario_rol r1_0 join rol r1_1 on r1_1.id=r1_0.rol where r1_0.usuario=?
Hibernate: select u1_0.id,u1_0.apellido,u1_0.direccion,u1_0.email,u1_0.nombre,u1_0.organizacion,u1_0.password,u1_0.telefono from usuario u1_0 where u1_0.email=?
Hibernate: select u1_0.id,u1_0.apellido,u1_0.direccion,u1_0.email,u1_0.nombre,u1_0.organizacion,u1_0.password,u1_0.telefono from usuario u1_0 where u1_0.email=?
Hibernate: select o1_0.id,o1_0.descripcion,o1_0.direccion,o1_0.email,o1_0.nombre,o1_0.telefono from organizacion o1_0 where o1_0.id=?
Hibernate: select r1_0.usuario,r1_1.id,r1_1.descripcion,r1_1.nombre from usuario_rol r1_0 join rol r1_1 on r1_1.id=r1_0.rol where r1_0.usuario=?
Usuario encontrado: fernenri33@gmail.com
Hibernate: select e1_0.id,e1_0.comentario_proveedor,e1_0.comentario_supervisor,e1_0.estado,e1_0.fecha_creacion,e1_0.fecha_entrega,e1_0.fecha_modificacion,e1_0.fecha_salida,e1_0.motorisata,e1_0.proveedor,e1_0.supervisor from envio e1_0 where e1_0.proveedor=?
Hibernate: select e1_0.id,e1_0.comentario_proveedor,e1_0.comentario_supervisor,e1_0.estado,e1_0.fecha_creacion,e1_0.fecha_entrega,e1_0.fecha_modificacion,e1_0.fecha_salida,e1_0.motorisata,e1_0.proveedor,e1_0.supervisor from envio e1_0
Hibernate: select u1_0.id,u1_0.apellido,u1_0.direccion,u1_0.email,u1_0.nombre,o1_0.id,o1_0.descripcion,o1_0.direccion,o1_0.email,o1_0.nombre,o1_0.telefono,u1_0.password,r1_0.usuario,r1_1.id,r1_1.descripcion,r1_1.nombre,u1_0.telefono from usuario u1_0 left join organizacion o1_0 on o1_0.id=u1_0.organizacion left join usuario_rol r1_0 on u1_0.id=r1_0.usuario left join rol r1_1 on r1_1.id=r1_0.rol where u1_0.id=?
Hibernate: select u1_0.id,u1_0.apellido,u1_0.direccion,u1_0.email,u1_0.nombre,o1_0.id,o1_0.descripcion,o1_0.direccion,o1_0.email,o1_0.nombre,o1_0.telefono,u1_0.password,r1_0.usuario,r1_1.id,r1_1.descripcion,r1_1.nombre,u1_0.telefono from usuario u1_0 left join organizacion o1_0 on o1_0.id=u1_0.organizacion left join usuario_rol r1_0 on u1_0.id=r1_0.usuario left join rol r1_1 on r1_1.id=r1_0.rol where u1_0.id=?
Hibernate: select e1_0.id,e1_0.comentario_proveedor,e1_0.comentario_supervisor,e1_0.estado,e1_0.fecha_creacion,e1_0.fecha_entrega,e1_0.fecha_modificacion,e1_0.fecha_salida,e1_0.motorisata,e1_0.proveedor,e1_0.supervisor from envio e1_0
Hibernate: select u1_0.id,u1_0.apellido,u1_0.direccion,u1_0.email,u1_0.nombre,o1_0.id,o1_0.descripcion,o1_0.direccion,o1_0.email,o1_0.nombre,o1_0.telefono,u1_0.password,r1_0.usuario,r1_1.id,r1_1.descripcion,r1_1.nombre,u1_0.telefono from usuario u1_0 left join organizacion o1_0 on o1_0.id=u1_0.organizacion left join usuario_rol r1_0 on u1_0.id=r1_0.usuario left join rol r1_1 on r1_1.id=r1_0.rol where u1_0.id=?
Hibernate: select u1_0.id,u1_0.apellido,u1_0.direccion,u1_0.email,u1_0.nombre,o1_0.id,o1_0.descripcion,o1_0.direccion,o1_0.email,o1_0.nombre,o1_0.telefono,u1_0.password,r1_0.usuario,r1_1.id,r1_1.descripcion,r1_1.nombre,u1_0.telefono from usuario u1_0 left join organizacion o1_0 on o1_0.id=u1_0.organizacion left join usuario_rol r1_0 on u1_0.id=r1_0.usuario left join rol r1_1 on r1_1.id=r1_0.rol where u1_0.id=?
Hibernate: select u1_0.id,u1_0.apellido,u1_0.direccion,u1_0.email,u1_0.nombre,u1_0.organizacion,u1_0.password,u1_0.telefono from usuario u1_0 where u1_0.email=?
Hibernate: select o1_0.id,o1_0.descripcion,o1_0.direccion,o1_0.email,o1_0.nombre,o1_0.telefono from organizacion o1_0 where o1_0.id=?
Hibernate: select r1_0.usuario,r1_1.id,r1_1.descripcion,r1_1.nombre from usuario_rol r1_0 join rol r1_1 on r1_1.id=r1_0.rol where r1_0.usuario=?
Usuario encontrado: fernenri33@gmail.com
Hibernate: select e1_0.id,e1_0.comentario_proveedor,e1_0.comentario_supervisor,e1_0.estado,e1_0.fecha_creacion,e1_0.fecha_entrega,e1_0.fecha_modificacion,e1_0.fecha_salida,e1_0.motorisata,e1_0.proveedor,e1_0.supervisor from envio e1_0 where e1_0.proveedor=?
Hibernate: select u1_0.id,u1_0.apellido,u1_0.direccion,u1_0.email,u1_0.nombre,u1_0.organizacion,u1_0.password,u1_0.telefono from usuario u1_0 where u1_0.email=?
Hibernate: select o1_0.id,o1_0.descripcion,o1_0.direccion,o1_0.email,o1_0.nombre,o1_0.telefono from organizacion o1_0 where o1_0.id=?
Hibernate: select r1_0.usuario,r1_1.id,r1_1.descripcion,r1_1.nombre from usuario_rol r1_0 join rol r1_1 on r1_1.id=r1_0.rol where r1_0.usuario=?
Usuario encontrado: fernenri33@gmail.com
Hibernate: select e1_0.id,e1_0.comentario_proveedor,e1_0.comentario_supervisor,e1_0.estado,e1_0.fecha_creacion,e1_0.fecha_entrega,e1_0.fecha_modificacion,e1_0.fecha_salida,e1_0.motorisata,e1_0.proveedor,e1_0.supervisor from envio e1_0 where e1_0.proveedor=?
Hibernate: select e1_0.id,e1_0.comentario_proveedor,e1_0.comentario_supervisor,e1_0.estado,e1_0.fecha_creacion,e1_0.fecha_entrega,e1_0.fecha_modificacion,e1_0.fecha_salida,e1_0.motorisata,p1_0.id,p1_0.apellido,p1_0.direccion,p1_0.email,p1_0.nombre,o1_0.id,o1_0.descripcion,o1_0.direccion,o1_0.email,o1_0.nombre,o1_0.telefono,p1_0.password,r1_0.usuario,r1_1.id,r1_1.descripcion,r1_1.nombre,p1_0.telefono,s1_0.id,s1_0.apellido,s1_0.direccion,s1_0.email,s1_0.nombre,o2_0.id,o2_0.descripcion,o2_0.direccion,o2_0.email,o2_0.nombre,o2_0.telefono,s1_0.password,r2_0.usuario,r2_1.id,r2_1.descripcion,r2_1.nombre,s1_0.telefono from envio e1_0 left join usuario p1_0 on p1_0.id=e1_0.proveedor left join organizacion o1_0 on o1_0.id=p1_0.organizacion left join usuario_rol r1_0 on p1_0.id=r1_0.usuario left join rol r1_1 on r1_1.id=r1_0.rol left join usuario s1_0 on s1_0.id=e1_0.supervisor left join organizacion o2_0 on o2_0.id=s1_0.organizacion left join usuario_rol r2_0 on s1_0.id=r2_0.usuario left join rol r2_1 on r2_1.id=r2_0.rol where e1_0.id=?
Hibernate: select ed1_0.envio,ed1_0.id,ed1_0.cantidad,ed1_0.producto,p1_0.id,p1_0.cantidad,p1_0.descripcion,p1_0.nombre,p1_0.unidad_medida from envio_detalle ed1_0 left join producto p1_0 on p1_0.id=ed1_0.producto where ed1_0.envio=?
Hibernate: delete from envio where id=?
Hibernate: select u1_0.id,u1_0.apellido,u1_0.direccion,u1_0.email,u1_0.nombre,u1_0.organizacion,u1_0.password,u1_0.telefono from usuario u1_0 where u1_0.email=?
Hibernate: select o1_0.id,o1_0.descripcion,o1_0.direccion,o1_0.email,o1_0.nombre,o1_0.telefono from organizacion o1_0 where o1_0.id=?
Hibernate: select r1_0.usuario,r1_1.id,r1_1.descripcion,r1_1.nombre from usuario_rol r1_0 join rol r1_1 on r1_1.id=r1_0.rol where r1_0.usuario=?
Usuario encontrado: fernenri33@gmail.com
Hibernate: select e1_0.id,e1_0.comentario_proveedor,e1_0.comentario_supervisor,e1_0.estado,e1_0.fecha_creacion,e1_0.fecha_entrega,e1_0.fecha_modificacion,e1_0.fecha_salida,e1_0.motorisata,e1_0.proveedor,e1_0.supervisor from envio e1_0 where e1_0.proveedor=?
Hibernate: select u1_0.id,u1_0.apellido,u1_0.direccion,u1_0.email,u1_0.nombre,u1_0.organizacion,u1_0.password,u1_0.telefono from usuario u1_0 where u1_0.email=?
Hibernate: select o1_0.id,o1_0.descripcion,o1_0.direccion,o1_0.email,o1_0.nombre,o1_0.telefono from organizacion o1_0 where o1_0.id=?
Hibernate: select r1_0.usuario,r1_1.id,r1_1.descripcion,r1_1.nombre from usuario_rol r1_0 join rol r1_1 on r1_1.id=r1_0.rol where r1_0.usuario=?
Usuario encontrado: fernenri33@gmail.com
Hibernate: select e1_0.id,e1_0.comentario_proveedor,e1_0.comentario_supervisor,e1_0.estado,e1_0.fecha_creacion,e1_0.fecha_entrega,e1_0.fecha_modificacion,e1_0.fecha_salida,e1_0.motorisata,e1_0.proveedor,e1_0.supervisor from envio e1_0 where e1_0.proveedor=?
Hibernate: select u1_0.id,u1_0.apellido,u1_0.direccion,u1_0.email,u1_0.nombre,u1_0.organizacion,u1_0.password,u1_0.telefono from usuario u1_0 where u1_0.email=?
Hibernate: select o1_0.id,o1_0.descripcion,o1_0.direccion,o1_0.email,o1_0.nombre,o1_0.telefono from organizacion o1_0 where o1_0.id=?
Hibernate: select r1_0.usuario,r1_1.id,r1_1.descripcion,r1_1.nombre from usuario_rol r1_0 join rol r1_1 on r1_1.id=r1_0.rol where r1_0.usuario=?
Hibernate: select r1_0.usuario,r1_1.id,r1_1.descripcion,r1_1.nombre from usuario_rol r1_0 join rol r1_1 on r1_1.id=r1_0.rol where r1_0.usuario=?
Hibernate: select u1_0.id,u1_0.apellido,u1_0.direccion,u1_0.email,u1_0.nombre,u1_0.organizacion,u1_0.password,u1_0.telefono from usuario u1_0 where u1_0.email=?
Hibernate: select o1_0.id,o1_0.descripcion,o1_0.direccion,o1_0.email,o1_0.nombre,o1_0.telefono from organizacion o1_0 where o1_0.id=?
Hibernate: select r1_0.usuario,r1_1.id,r1_1.descripcion,r1_1.nombre from usuario_rol r1_0 join rol r1_1 on r1_1.id=r1_0.rol where r1_0.usuario=?
Hibernate: select r1_0.usuario,r1_1.id,r1_1.descripcion,r1_1.nombre from usuario_rol r1_0 join rol r1_1 on r1_1.id=r1_0.rol where r1_0.usuario=?
Hibernate: select u1_0.id,u1_0.apellido,u1_0.direccion,u1_0.email,u1_0.nombre,u1_0.organizacion,u1_0.password,u1_0.telefono from usuario u1_0 where u1_0.email=?
Hibernate: select o1_0.id,o1_0.descripcion,o1_0.direccion,o1_0.email,o1_0.nombre,o1_0.telefono from organizacion o1_0 where o1_0.id=?
Hibernate: select r1_0.usuario,r1_1.id,r1_1.descripcion,r1_1.nombre from usuario_rol r1_0 join rol r1_1 on r1_1.id=r1_0.rol where r1_0.usuario=?
Hibernate: select u1_0.id,u1_0.apellido,u1_0.direccion,u1_0.email,u1_0.nombre,u1_0.organizacion,u1_0.password,u1_0.telefono from usuario u1_0 where u1_0.email=?
Hibernate: select o1_0.id,o1_0.descripcion,o1_0.direccion,o1_0.email,o1_0.nombre,o1_0.telefono from organizacion o1_0 where o1_0.id=?
Hibernate: select r1_0.usuario,r1_1.id,r1_1.descripcion,r1_1.nombre from usuario_rol r1_0 join rol r1_1 on r1_1.id=r1_0.rol where r1_0.usuario=?
Hibernate: select u1_0.id,u1_0.apellido,u1_0.direccion,u1_0.email,u1_0.nombre,u1_0.organizacion,u1_0.password,u1_0.telefono from usuario u1_0 where u1_0.email=?
Hibernate: select o1_0.id,o1_0.descripcion,o1_0.direccion,o1_0.email,o1_0.nombre,o1_0.telefono from organizacion o1_0 where o1_0.id=?
Hibernate: select r1_0.usuario,r1_1.id,r1_1.descripcion,r1_1.nombre from usuario_rol r1_0 join rol r1_1 on r1_1.id=r1_0.rol where r1_0.usuario=?
Hibernate: select u1_0.id,u1_0.apellido,u1_0.direccion,u1_0.email,u1_0.nombre,u1_0.organizacion,u1_0.password,u1_0.telefono from usuario u1_0 where u1_0.email=?
Hibernate: select o1_0.id,o1_0.descripcion,o1_0.direccion,o1_0.email,o1_0.nombre,o1_0.telefono from organizacion o1_0 where o1_0.id=?
Hibernate: select r1_0.usuario,r1_1.id,r1_1.descripcion,r1_1.nombre from usuario_rol r1_0 join rol r1_1 on r1_1.id=r1_0.rol where r1_0.usuario=?
Hibernate: select u1_0.id,u1_0.apellido,u1_0.direccion,u1_0.email,u1_0.nombre,u1_0.organizacion,u1_0.password,u1_0.telefono from usuario u1_0 where u1_0.email=?
Hibernate: select u1_0.id,u1_0.apellido,u1_0.direccion,u1_0.email,u1_0.nombre,u1_0.organizacion,u1_0.password,u1_0.telefono from usuario u1_0 where u1_0.email=?
Hibernate: select o1_0.id,o1_0.descripcion,o1_0.direccion,o1_0.email,o1_0.nombre,o1_0.telefono from organizacion o1_0 where o1_0.id=?
Hibernate: select r1_0.usuario,r1_1.id,r1_1.descripcion,r1_1.nombre from usuario_rol r1_0 join rol r1_1 on r1_1.id=r1_0.rol where r1_0.usuario=?
Hibernate: select u1_0.id,u1_0.apellido,u1_0.direccion,u1_0.email,u1_0.nombre,u1_0.organizacion,u1_0.password,u1_0.telefono from usuario u1_0 where u1_0.email=?
Hibernate: select u1_0.id,u1_0.apellido,u1_0.direccion,u1_0.email,u1_0.nombre,u1_0.organizacion,u1_0.password,u1_0.telefono from usuario u1_0 where u1_0.email=?
Hibernate: select o1_0.id,o1_0.descripcion,o1_0.direccion,o1_0.email,o1_0.nombre,o1_0.telefono from organizacion o1_0 where o1_0.id=?
Hibernate: select r1_0.usuario,r1_1.id,r1_1.descripcion,r1_1.nombre from usuario_rol r1_0 join rol r1_1 on r1_1.id=r1_0.rol where r1_0.usuario=?
Hibernate: select u1_0.id,u1_0.apellido,u1_0.direccion,u1_0.email,u1_0.nombre,u1_0.organizacion,u1_0.password,u1_0.telefono from usuario u1_0 where u1_0.email=?
Hibernate: select u1_0.id,u1_0.apellido,u1_0.direccion,u1_0.email,u1_0.nombre,u1_0.organizacion,u1_0.password,u1_0.telefono from usuario u1_0 where u1_0.email=?
Hibernate: select o1_0.id,o1_0.descripcion,o1_0.direccion,o1_0.email,o1_0.nombre,o1_0.telefono from organizacion o1_0 where o1_0.id=?
Hibernate: select r1_0.usuario,r1_1.id,r1_1.descripcion,r1_1.nombre from usuario_rol r1_0 join rol r1_1 on r1_1.id=r1_0.rol where r1_0.usuario=?
Hibernate: select u1_0.id,u1_0.apellido,u1_0.direccion,u1_0.email,u1_0.nombre,u1_0.organizacion,u1_0.password,u1_0.telefono from usuario u1_0 where u1_0.email=?
Hibernate: select u1_0.id,u1_0.apellido,u1_0.direccion,u1_0.email,u1_0.nombre,u1_0.organizacion,u1_0.password,u1_0.telefono from usuario u1_0 where u1_0.email=?
Hibernate: select o1_0.id,o1_0.descripcion,o1_0.direccion,o1_0.email,o1_0.nombre,o1_0.telefono from organizacion o1_0 where o1_0.id=?
Hibernate: select r1_0.usuario,r1_1.id,r1_1.descripcion,r1_1.nombre from usuario_rol r1_0 join rol r1_1 on r1_1.id=r1_0.rol where r1_0.usuario=?
Hibernate: select u1_0.id,u1_0.apellido,u1_0.direccion,u1_0.email,u1_0.nombre,u1_0.organizacion,u1_0.password,u1_0.telefono from usuario u1_0 where u1_0.email=?
Hibernate: select u1_0.id,u1_0.apellido,u1_0.direccion,u1_0.email,u1_0.nombre,u1_0.organizacion,u1_0.password,u1_0.telefono from usuario u1_0 where u1_0.email=?
Hibernate: select o1_0.id,o1_0.descripcion,o1_0.direccion,o1_0.email,o1_0.nombre,o1_0.telefono from organizacion o1_0 where o1_0.id=?
Hibernate: select r1_0.usuario,r1_1.id,r1_1.descripcion,r1_1.nombre from usuario_rol r1_0 join rol r1_1 on r1_1.id=r1_0.rol where r1_0.usuario=?
Usuario encontrado: ejemplo@gmail.com
Hibernate: select e1_0.id,e1_0.comentario_proveedor,e1_0.comentario_supervisor,e1_0.estado,e1_0.fecha_creacion,e1_0.fecha_entrega,e1_0.fecha_modificacion,e1_0.fecha_salida,e1_0.motorisata,e1_0.proveedor,e1_0.supervisor from envio e1_0 where e1_0.proveedor=?
Hibernate: select u1_0.id,u1_0.apellido,u1_0.direccion,u1_0.email,u1_0.nombre,u1_0.organizacion,u1_0.password,u1_0.telefono from usuario u1_0 where u1_0.email=?
Hibernate: select o1_0.id,o1_0.descripcion,o1_0.direccion,o1_0.email,o1_0.nombre,o1_0.telefono from organizacion o1_0 where o1_0.id=?
Hibernate: select r1_0.usuario,r1_1.id,r1_1.descripcion,r1_1.nombre from usuario_rol r1_0 join rol r1_1 on r1_1.id=r1_0.rol where r1_0.usuario=?
Usuario encontrado: ejemplo@gmail.com
Hibernate: insert into envio (comentario_proveedor,comentario_supervisor,estado,fecha_creacion,fecha_entrega,fecha_modificacion,fecha_salida,motorisata,proveedor,supervisor) values (?,?,?,?,?,?,?,?,?,?)
Hibernate: select p1_0.id,p1_0.cantidad,p1_0.descripcion,p1_0.nombre,p1_0.unidad_medida from producto p1_0
Hibernate: select e1_0.id,e1_0.comentario_proveedor,e1_0.comentario_supervisor,e1_0.estado,e1_0.fecha_creacion,e1_0.fecha_entrega,e1_0.fecha_modificacion,e1_0.fecha_salida,e1_0.motorisata,p1_0.id,p1_0.apellido,p1_0.direccion,p1_0.email,p1_0.nombre,o1_0.id,o1_0.descripcion,o1_0.direccion,o1_0.email,o1_0.nombre,o1_0.telefono,p1_0.password,r1_0.usuario,r1_1.id,r1_1.descripcion,r1_1.nombre,p1_0.telefono,s1_0.id,s1_0.apellido,s1_0.direccion,s1_0.email,s1_0.nombre,o2_0.id,o2_0.descripcion,o2_0.direccion,o2_0.email,o2_0.nombre,o2_0.telefono,s1_0.password,r2_0.usuario,r2_1.id,r2_1.descripcion,r2_1.nombre,s1_0.telefono from envio e1_0 left join usuario p1_0 on p1_0.id=e1_0.proveedor left join organizacion o1_0 on o1_0.id=p1_0.organizacion left join usuario_rol r1_0 on p1_0.id=r1_0.usuario left join rol r1_1 on r1_1.id=r1_0.rol left join usuario s1_0 on s1_0.id=e1_0.supervisor left join organizacion o2_0 on o2_0.id=s1_0.organizacion left join usuario_rol r2_0 on s1_0.id=r2_0.usuario left join rol r2_1 on r2_1.id=r2_0.rol where e1_0.id=?
Hibernate: select ed1_0.id,ed1_0.cantidad,ed1_0.envio,ed1_0.producto from envio_detalle ed1_0 where ed1_0.envio=?
Hibernate: insert into envio_detalle (cantidad,envio,producto) values (?,?,?)
Hibernate: select e1_0.id,e1_0.comentario_proveedor,e1_0.comentario_supervisor,e1_0.estado,e1_0.fecha_creacion,e1_0.fecha_entrega,e1_0.fecha_modificacion,e1_0.fecha_salida,e1_0.motorisata,p1_0.id,p1_0.apellido,p1_0.direccion,p1_0.email,p1_0.nombre,o1_0.id,o1_0.descripcion,o1_0.direccion,o1_0.email,o1_0.nombre,o1_0.telefono,p1_0.password,r1_0.usuario,r1_1.id,r1_1.descripcion,r1_1.nombre,p1_0.telefono,s1_0.id,s1_0.apellido,s1_0.direccion,s1_0.email,s1_0.nombre,o2_0.id,o2_0.descripcion,o2_0.direccion,o2_0.email,o2_0.nombre,o2_0.telefono,s1_0.password,r2_0.usuario,r2_1.id,r2_1.descripcion,r2_1.nombre,s1_0.telefono from envio e1_0 left join usuario p1_0 on p1_0.id=e1_0.proveedor left join organizacion o1_0 on o1_0.id=p1_0.organizacion left join usuario_rol r1_0 on p1_0.id=r1_0.usuario left join rol r1_1 on r1_1.id=r1_0.rol left join usuario s1_0 on s1_0.id=e1_0.supervisor left join organizacion o2_0 on o2_0.id=s1_0.organizacion left join usuario_rol r2_0 on s1_0.id=r2_0.usuario left join rol r2_1 on r2_1.id=r2_0.rol where e1_0.id=?
Hibernate: select ed1_0.id,ed1_0.cantidad,ed1_0.envio,ed1_0.producto from envio_detalle ed1_0 where ed1_0.envio=?
Hibernate: select p1_0.id,p1_0.cantidad,p1_0.descripcion,p1_0.nombre,p1_0.unidad_medida from producto p1_0 where p1_0.id=?
Hibernate: select u1_0.id,u1_0.apellido,u1_0.direccion,u1_0.email,u1_0.nombre,u1_0.organizacion,u1_0.password,u1_0.telefono from usuario u1_0 where u1_0.email=?
Hibernate: select o1_0.id,o1_0.descripcion,o1_0.direccion,o1_0.email,o1_0.nombre,o1_0.telefono from organizacion o1_0 where o1_0.id=?
Hibernate: select r1_0.usuario,r1_1.id,r1_1.descripcion,r1_1.nombre from usuario_rol r1_0 join rol r1_1 on r1_1.id=r1_0.rol where r1_0.usuario=?
Usuario encontrado: ejemplo@gmail.com
Hibernate: select e1_0.id,e1_0.comentario_proveedor,e1_0.comentario_supervisor,e1_0.estado,e1_0.fecha_creacion,e1_0.fecha_entrega,e1_0.fecha_modificacion,e1_0.fecha_salida,e1_0.motorisata,e1_0.proveedor,e1_0.supervisor from envio e1_0 where e1_0.proveedor=?
Hibernate: select u1_0.id,u1_0.apellido,u1_0.direccion,u1_0.email,u1_0.nombre,u1_0.organizacion,u1_0.password,u1_0.telefono from usuario u1_0 where u1_0.email=?
Hibernate: select o1_0.id,o1_0.descripcion,o1_0.direccion,o1_0.email,o1_0.nombre,o1_0.telefono from organizacion o1_0 where o1_0.id=?
Hibernate: select r1_0.usuario,r1_1.id,r1_1.descripcion,r1_1.nombre from usuario_rol r1_0 join rol r1_1 on r1_1.id=r1_0.rol where r1_0.usuario=?
Hibernate: select u1_0.id,u1_0.apellido,u1_0.direccion,u1_0.email,u1_0.nombre,u1_0.organizacion,u1_0.password,u1_0.telefono from usuario u1_0 where u1_0.email=?
Hibernate: select e1_0.id,e1_0.comentario_proveedor,e1_0.comentario_supervisor,e1_0.estado,e1_0.fecha_creacion,e1_0.fecha_entrega,e1_0.fecha_modificacion,e1_0.fecha_salida,e1_0.motorisata,e1_0.proveedor,e1_0.supervisor from envio e1_0
Hibernate: select u1_0.id,u1_0.apellido,u1_0.direccion,u1_0.email,u1_0.nombre,o1_0.id,o1_0.descripcion,o1_0.direccion,o1_0.email,o1_0.nombre,o1_0.telefono,u1_0.password,r1_0.usuario,r1_1.id,r1_1.descripcion,r1_1.nombre,u1_0.telefono from usuario u1_0 left join organizacion o1_0 on o1_0.id=u1_0.organizacion left join usuario_rol r1_0 on u1_0.id=r1_0.usuario left join rol r1_1 on r1_1.id=r1_0.rol where u1_0.id=?
Hibernate: select u1_0.id,u1_0.apellido,u1_0.direccion,u1_0.email,u1_0.nombre,o1_0.id,o1_0.descripcion,o1_0.direccion,o1_0.email,o1_0.nombre,o1_0.telefono,u1_0.password,r1_0.usuario,r1_1.id,r1_1.descripcion,r1_1.nombre,u1_0.telefono from usuario u1_0 left join organizacion o1_0 on o1_0.id=u1_0.organizacion left join usuario_rol r1_0 on u1_0.id=r1_0.usuario left join rol r1_1 on r1_1.id=r1_0.rol where u1_0.id=?
Hibernate: select u1_0.id,u1_0.apellido,u1_0.direccion,u1_0.email,u1_0.nombre,o1_0.id,o1_0.descripcion,o1_0.direccion,o1_0.email,o1_0.nombre,o1_0.telefono,u1_0.password,r1_0.usuario,r1_1.id,r1_1.descripcion,r1_1.nombre,u1_0.telefono from usuario u1_0 left join organizacion o1_0 on o1_0.id=u1_0.organizacion left join usuario_rol r1_0 on u1_0.id=r1_0.usuario left join rol r1_1 on r1_1.id=r1_0.rol where u1_0.id=?
Hibernate: select e1_0.id,e1_0.comentario_proveedor,e1_0.comentario_supervisor,e1_0.estado,e1_0.fecha_creacion,e1_0.fecha_entrega,e1_0.fecha_modificacion,e1_0.fecha_salida,e1_0.motorisata,e1_0.proveedor,e1_0.supervisor from envio e1_0
Hibernate: select u1_0.id,u1_0.apellido,u1_0.direccion,u1_0.email,u1_0.nombre,o1_0.id,o1_0.descripcion,o1_0.direccion,o1_0.email,o1_0.nombre,o1_0.telefono,u1_0.password,r1_0.usuario,r1_1.id,r1_1.descripcion,r1_1.nombre,u1_0.telefono from usuario u1_0 left join organizacion o1_0 on o1_0.id=u1_0.organizacion left join usuario_rol r1_0 on u1_0.id=r1_0.usuario left join rol r1_1 on r1_1.id=r1_0.rol where u1_0.id=?
Hibernate: select u1_0.id,u1_0.apellido,u1_0.direccion,u1_0.email,u1_0.nombre,o1_0.id,o1_0.descripcion,o1_0.direccion,o1_0.email,o1_0.nombre,o1_0.telefono,u1_0.password,r1_0.usuario,r1_1.id,r1_1.descripcion,r1_1.nombre,u1_0.telefono from usuario u1_0 left join organizacion o1_0 on o1_0.id=u1_0.organizacion left join usuario_rol r1_0 on u1_0.id=r1_0.usuario left join rol r1_1 on r1_1.id=r1_0.rol where u1_0.id=?
Hibernate: select u1_0.id,u1_0.apellido,u1_0.direccion,u1_0.email,u1_0.nombre,o1_0.id,o1_0.descripcion,o1_0.direccion,o1_0.email,o1_0.nombre,o1_0.telefono,u1_0.password,r1_0.usuario,r1_1.id,r1_1.descripcion,r1_1.nombre,u1_0.telefono from usuario u1_0 left join organizacion o1_0 on o1_0.id=u1_0.organizacion left join usuario_rol r1_0 on u1_0.id=r1_0.usuario left join rol r1_1 on r1_1.id=r1_0.rol where u1_0.id=?
Hibernate: select e1_0.id,e1_0.comentario_proveedor,e1_0.comentario_supervisor,e1_0.estado,e1_0.fecha_creacion,e1_0.fecha_entrega,e1_0.fecha_modificacion,e1_0.fecha_salida,e1_0.motorisata,e1_0.proveedor,e1_0.supervisor from envio e1_0
Hibernate: select u1_0.id,u1_0.apellido,u1_0.direccion,u1_0.email,u1_0.nombre,o1_0.id,o1_0.descripcion,o1_0.direccion,o1_0.email,o1_0.nombre,o1_0.telefono,u1_0.password,r1_0.usuario,r1_1.id,r1_1.descripcion,r1_1.nombre,u1_0.telefono from usuario u1_0 left join organizacion o1_0 on o1_0.id=u1_0.organizacion left join usuario_rol r1_0 on u1_0.id=r1_0.usuario left join rol r1_1 on r1_1.id=r1_0.rol where u1_0.id=?
Hibernate: select u1_0.id,u1_0.apellido,u1_0.direccion,u1_0.email,u1_0.nombre,o1_0.id,o1_0.descripcion,o1_0.direccion,o1_0.email,o1_0.nombre,o1_0.telefono,u1_0.password,r1_0.usuario,r1_1.id,r1_1.descripcion,r1_1.nombre,u1_0.telefono from usuario u1_0 left join organizacion o1_0 on o1_0.id=u1_0.organizacion left join usuario_rol r1_0 on u1_0.id=r1_0.usuario left join rol r1_1 on r1_1.id=r1_0.rol where u1_0.id=?
Hibernate: select u1_0.id,u1_0.apellido,u1_0.direccion,u1_0.email,u1_0.nombre,o1_0.id,o1_0.descripcion,o1_0.direccion,o1_0.email,o1_0.nombre,o1_0.telefono,u1_0.password,r1_0.usuario,r1_1.id,r1_1.descripcion,r1_1.nombre,u1_0.telefono from usuario u1_0 left join organizacion o1_0 on o1_0.id=u1_0.organizacion left join usuario_rol r1_0 on u1_0.id=r1_0.usuario left join rol r1_1 on r1_1.id=r1_0.rol where u1_0.id=?
Hibernate: select e1_0.id,e1_0.comentario_proveedor,e1_0.comentario_supervisor,e1_0.estado,e1_0.fecha_creacion,e1_0.fecha_entrega,e1_0.fecha_modificacion,e1_0.fecha_salida,e1_0.motorisata,e1_0.proveedor,e1_0.supervisor from envio e1_0
Hibernate: select u1_0.id,u1_0.apellido,u1_0.direccion,u1_0.email,u1_0.nombre,o1_0.id,o1_0.descripcion,o1_0.direccion,o1_0.email,o1_0.nombre,o1_0.telefono,u1_0.password,r1_0.usuario,r1_1.id,r1_1.descripcion,r1_1.nombre,u1_0.telefono from usuario u1_0 left join organizacion o1_0 on o1_0.id=u1_0.organizacion left join usuario_rol r1_0 on u1_0.id=r1_0.usuario left join rol r1_1 on r1_1.id=r1_0.rol where u1_0.id=?
Hibernate: select u1_0.id,u1_0.apellido,u1_0.direccion,u1_0.email,u1_0.nombre,o1_0.id,o1_0.descripcion,o1_0.direccion,o1_0.email,o1_0.nombre,o1_0.telefono,u1_0.password,r1_0.usuario,r1_1.id,r1_1.descripcion,r1_1.nombre,u1_0.telefono from usuario u1_0 left join organizacion o1_0 on o1_0.id=u1_0.organizacion left join usuario_rol r1_0 on u1_0.id=r1_0.usuario left join rol r1_1 on r1_1.id=r1_0.rol where u1_0.id=?
Hibernate: select u1_0.id,u1_0.apellido,u1_0.direccion,u1_0.email,u1_0.nombre,o1_0.id,o1_0.descripcion,o1_0.direccion,o1_0.email,o1_0.nombre,o1_0.telefono,u1_0.password,r1_0.usuario,r1_1.id,r1_1.descripcion,r1_1.nombre,u1_0.telefono from usuario u1_0 left join organizacion o1_0 on o1_0.id=u1_0.organizacion left join usuario_rol r1_0 on u1_0.id=r1_0.usuario left join rol r1_1 on r1_1.id=r1_0.rol where u1_0.id=?
Hibernate: select p1_0.id,p1_0.cantidad,p1_0.descripcion,p1_0.nombre,p1_0.unidad_medida from producto p1_0
Hibernate: select e1_0.id,e1_0.comentario_proveedor,e1_0.comentario_supervisor,e1_0.estado,e1_0.fecha_creacion,e1_0.fecha_entrega,e1_0.fecha_modificacion,e1_0.fecha_salida,e1_0.motorisata,p1_0.id,p1_0.apellido,p1_0.direccion,p1_0.email,p1_0.nombre,o1_0.id,o1_0.descripcion,o1_0.direccion,o1_0.email,o1_0.nombre,o1_0.telefono,p1_0.password,r1_0.usuario,r1_1.id,r1_1.descripcion,r1_1.nombre,p1_0.telefono,s1_0.id,s1_0.apellido,s1_0.direccion,s1_0.email,s1_0.nombre,o2_0.id,o2_0.descripcion,o2_0.direccion,o2_0.email,o2_0.nombre,o2_0.telefono,s1_0.password,r2_0.usuario,r2_1.id,r2_1.descripcion,r2_1.nombre,s1_0.telefono from envio e1_0 left join usuario p1_0 on p1_0.id=e1_0.proveedor left join organizacion o1_0 on o1_0.id=p1_0.organizacion left join usuario_rol r1_0 on p1_0.id=r1_0.usuario left join rol r1_1 on r1_1.id=r1_0.rol left join usuario s1_0 on s1_0.id=e1_0.supervisor left join organizacion o2_0 on o2_0.id=s1_0.organizacion left join usuario_rol r2_0 on s1_0.id=r2_0.usuario left join rol r2_1 on r2_1.id=r2_0.rol where e1_0.id=?
Hibernate: select ed1_0.id,ed1_0.cantidad,ed1_0.envio,ed1_0.producto from envio_detalle ed1_0 where ed1_0.envio=?
Hibernate: select e1_0.id,e1_0.comentario_proveedor,e1_0.comentario_supervisor,e1_0.estado,e1_0.fecha_creacion,e1_0.fecha_entrega,e1_0.fecha_modificacion,e1_0.fecha_salida,e1_0.motorisata,e1_0.proveedor,e1_0.supervisor from envio e1_0
Hibernate: select u1_0.id,u1_0.apellido,u1_0.direccion,u1_0.email,u1_0.nombre,o1_0.id,o1_0.descripcion,o1_0.direccion,o1_0.email,o1_0.nombre,o1_0.telefono,u1_0.password,r1_0.usuario,r1_1.id,r1_1.descripcion,r1_1.nombre,u1_0.telefono from usuario u1_0 left join organizacion o1_0 on o1_0.id=u1_0.organizacion left join usuario_rol r1_0 on u1_0.id=r1_0.usuario left join rol r1_1 on r1_1.id=r1_0.rol where u1_0.id=?
Hibernate: select u1_0.id,u1_0.apellido,u1_0.direccion,u1_0.email,u1_0.nombre,o1_0.id,o1_0.descripcion,o1_0.direccion,o1_0.email,o1_0.nombre,o1_0.telefono,u1_0.password,r1_0.usuario,r1_1.id,r1_1.descripcion,r1_1.nombre,u1_0.telefono from usuario u1_0 left join organizacion o1_0 on o1_0.id=u1_0.organizacion left join usuario_rol r1_0 on u1_0.id=r1_0.usuario left join rol r1_1 on r1_1.id=r1_0.rol where u1_0.id=?
Hibernate: select u1_0.id,u1_0.apellido,u1_0.direccion,u1_0.email,u1_0.nombre,o1_0.id,o1_0.descripcion,o1_0.direccion,o1_0.email,o1_0.nombre,o1_0.telefono,u1_0.password,r1_0.usuario,r1_1.id,r1_1.descripcion,r1_1.nombre,u1_0.telefono from usuario u1_0 left join organizacion o1_0 on o1_0.id=u1_0.organizacion left join usuario_rol r1_0 on u1_0.id=r1_0.usuario left join rol r1_1 on r1_1.id=r1_0.rol where u1_0.id=?
Hibernate: select p1_0.id,p1_0.cantidad,p1_0.descripcion,p1_0.nombre,p1_0.unidad_medida from producto p1_0
Hibernate: select e1_0.id,e1_0.comentario_proveedor,e1_0.comentario_supervisor,e1_0.estado,e1_0.fecha_creacion,e1_0.fecha_entrega,e1_0.fecha_modificacion,e1_0.fecha_salida,e1_0.motorisata,p1_0.id,p1_0.apellido,p1_0.direccion,p1_0.email,p1_0.nombre,o1_0.id,o1_0.descripcion,o1_0.direccion,o1_0.email,o1_0.nombre,o1_0.telefono,p1_0.password,r1_0.usuario,r1_1.id,r1_1.descripcion,r1_1.nombre,p1_0.telefono,s1_0.id,s1_0.apellido,s1_0.direccion,s1_0.email,s1_0.nombre,o2_0.id,o2_0.descripcion,o2_0.direccion,o2_0.email,o2_0.nombre,o2_0.telefono,s1_0.password,r2_0.usuario,r2_1.id,r2_1.descripcion,r2_1.nombre,s1_0.telefono from envio e1_0 left join usuario p1_0 on p1_0.id=e1_0.proveedor left join organizacion o1_0 on o1_0.id=p1_0.organizacion left join usuario_rol r1_0 on p1_0.id=r1_0.usuario left join rol r1_1 on r1_1.id=r1_0.rol left join usuario s1_0 on s1_0.id=e1_0.supervisor left join organizacion o2_0 on o2_0.id=s1_0.organizacion left join usuario_rol r2_0 on s1_0.id=r2_0.usuario left join rol r2_1 on r2_1.id=r2_0.rol where e1_0.id=?
Hibernate: select ed1_0.id,ed1_0.cantidad,ed1_0.envio,ed1_0.producto from envio_detalle ed1_0 where ed1_0.envio=?
Hibernate: select e1_0.id,e1_0.comentario_proveedor,e1_0.comentario_supervisor,e1_0.estado,e1_0.fecha_creacion,e1_0.fecha_entrega,e1_0.fecha_modificacion,e1_0.fecha_salida,e1_0.motorisata,e1_0.proveedor,e1_0.supervisor from envio e1_0
Hibernate: select u1_0.id,u1_0.apellido,u1_0.direccion,u1_0.email,u1_0.nombre,o1_0.id,o1_0.descripcion,o1_0.direccion,o1_0.email,o1_0.nombre,o1_0.telefono,u1_0.password,r1_0.usuario,r1_1.id,r1_1.descripcion,r1_1.nombre,u1_0.telefono from usuario u1_0 left join organizacion o1_0 on o1_0.id=u1_0.organizacion left join usuario_rol r1_0 on u1_0.id=r1_0.usuario left join rol r1_1 on r1_1.id=r1_0.rol where u1_0.id=?
Hibernate: select u1_0.id,u1_0.apellido,u1_0.direccion,u1_0.email,u1_0.nombre,o1_0.id,o1_0.descripcion,o1_0.direccion,o1_0.email,o1_0.nombre,o1_0.telefono,u1_0.password,r1_0.usuario,r1_1.id,r1_1.descripcion,r1_1.nombre,u1_0.telefono from usuario u1_0 left join organizacion o1_0 on o1_0.id=u1_0.organizacion left join usuario_rol r1_0 on u1_0.id=r1_0.usuario left join rol r1_1 on r1_1.id=r1_0.rol where u1_0.id=?
Hibernate: select u1_0.id,u1_0.apellido,u1_0.direccion,u1_0.email,u1_0.nombre,o1_0.id,o1_0.descripcion,o1_0.direccion,o1_0.email,o1_0.nombre,o1_0.telefono,u1_0.password,r1_0.usuario,r1_1.id,r1_1.descripcion,r1_1.nombre,u1_0.telefono from usuario u1_0 left join organizacion o1_0 on o1_0.id=u1_0.organizacion left join usuario_rol r1_0 on u1_0.id=r1_0.usuario left join rol r1_1 on r1_1.id=r1_0.rol where u1_0.id=?
Hibernate: select e1_0.id,e1_0.comentario_proveedor,e1_0.comentario_supervisor,e1_0.estado,e1_0.fecha_creacion,e1_0.fecha_entrega,e1_0.fecha_modificacion,e1_0.fecha_salida,e1_0.motorisata,e1_0.proveedor,e1_0.supervisor from envio e1_0
Hibernate: select u1_0.id,u1_0.apellido,u1_0.direccion,u1_0.email,u1_0.nombre,o1_0.id,o1_0.descripcion,o1_0.direccion,o1_0.email,o1_0.nombre,o1_0.telefono,u1_0.password,r1_0.usuario,r1_1.id,r1_1.descripcion,r1_1.nombre,u1_0.telefono from usuario u1_0 left join organizacion o1_0 on o1_0.id=u1_0.organizacion left join usuario_rol r1_0 on u1_0.id=r1_0.usuario left join rol r1_1 on r1_1.id=r1_0.rol where u1_0.id=?
Hibernate: select u1_0.id,u1_0.apellido,u1_0.direccion,u1_0.email,u1_0.nombre,o1_0.id,o1_0.descripcion,o1_0.direccion,o1_0.email,o1_0.nombre,o1_0.telefono,u1_0.password,r1_0.usuario,r1_1.id,r1_1.descripcion,r1_1.nombre,u1_0.telefono from usuario u1_0 left join organizacion o1_0 on o1_0.id=u1_0.organizacion left join usuario_rol r1_0 on u1_0.id=r1_0.usuario left join rol r1_1 on r1_1.id=r1_0.rol where u1_0.id=?
Hibernate: select u1_0.id,u1_0.apellido,u1_0.direccion,u1_0.email,u1_0.nombre,o1_0.id,o1_0.descripcion,o1_0.direccion,o1_0.email,o1_0.nombre,o1_0.telefono,u1_0.password,r1_0.usuario,r1_1.id,r1_1.descripcion,r1_1.nombre,u1_0.telefono from usuario u1_0 left join organizacion o1_0 on o1_0.id=u1_0.organizacion left join usuario_rol r1_0 on u1_0.id=r1_0.usuario left join rol r1_1 on r1_1.id=r1_0.rol where u1_0.id=?
Hibernate: select e1_0.id,e1_0.comentario_proveedor,e1_0.comentario_supervisor,e1_0.estado,e1_0.fecha_creacion,e1_0.fecha_entrega,e1_0.fecha_modificacion,e1_0.fecha_salida,e1_0.motorisata,e1_0.proveedor,e1_0.supervisor from envio e1_0
Hibernate: select u1_0.id,u1_0.apellido,u1_0.direccion,u1_0.email,u1_0.nombre,o1_0.id,o1_0.descripcion,o1_0.direccion,o1_0.email,o1_0.nombre,o1_0.telefono,u1_0.password,r1_0.usuario,r1_1.id,r1_1.descripcion,r1_1.nombre,u1_0.telefono from usuario u1_0 left join organizacion o1_0 on o1_0.id=u1_0.organizacion left join usuario_rol r1_0 on u1_0.id=r1_0.usuario left join rol r1_1 on r1_1.id=r1_0.rol where u1_0.id=?
Hibernate: select u1_0.id,u1_0.apellido,u1_0.direccion,u1_0.email,u1_0.nombre,o1_0.id,o1_0.descripcion,o1_0.direccion,o1_0.email,o1_0.nombre,o1_0.telefono,u1_0.password,r1_0.usuario,r1_1.id,r1_1.descripcion,r1_1.nombre,u1_0.telefono from usuario u1_0 left join organizacion o1_0 on o1_0.id=u1_0.organizacion left join usuario_rol r1_0 on u1_0.id=r1_0.usuario left join rol r1_1 on r1_1.id=r1_0.rol where u1_0.id=?
Hibernate: select u1_0.id,u1_0.apellido,u1_0.direccion,u1_0.email,u1_0.nombre,o1_0.id,o1_0.descripcion,o1_0.direccion,o1_0.email,o1_0.nombre,o1_0.telefono,u1_0.password,r1_0.usuario,r1_1.id,r1_1.descripcion,r1_1.nombre,u1_0.telefono from usuario u1_0 left join organizacion o1_0 on o1_0.id=u1_0.organizacion left join usuario_rol r1_0 on u1_0.id=r1_0.usuario left join rol r1_1 on r1_1.id=r1_0.rol where u1_0.id=?
Hibernate: select u1_0.id,u1_0.apellido,u1_0.direccion,u1_0.email,u1_0.nombre,u1_0.organizacion,u1_0.password,u1_0.telefono from usuario u1_0 where u1_0.email=?
Hibernate: select o1_0.id,o1_0.descripcion,o1_0.direccion,o1_0.email,o1_0.nombre,o1_0.telefono from organizacion o1_0 where o1_0.id=?
Hibernate: select r1_0.usuario,r1_1.id,r1_1.descripcion,r1_1.nombre from usuario_rol r1_0 join rol r1_1 on r1_1.id=r1_0.rol where r1_0.usuario=?
Usuario encontrado: fernenri33@gmail.com
Hibernate: select e1_0.id,e1_0.comentario_proveedor,e1_0.comentario_supervisor,e1_0.estado,e1_0.fecha_creacion,e1_0.fecha_entrega,e1_0.fecha_modificacion,e1_0.fecha_salida,e1_0.motorisata,e1_0.proveedor,e1_0.supervisor from envio e1_0 where e1_0.proveedor=?
Hibernate: select u1_0.id,u1_0.apellido,u1_0.direccion,u1_0.email,u1_0.nombre,u1_0.organizacion,u1_0.password,u1_0.telefono from usuario u1_0 where u1_0.email=?
Hibernate: select o1_0.id,o1_0.descripcion,o1_0.direccion,o1_0.email,o1_0.nombre,o1_0.telefono from organizacion o1_0 where o1_0.id=?
Hibernate: select r1_0.usuario,r1_1.id,r1_1.descripcion,r1_1.nombre from usuario_rol r1_0 join rol r1_1 on r1_1.id=r1_0.rol where r1_0.usuario=?
Usuario encontrado: fernenri33@gmail.com
Hibernate: insert into envio (comentario_proveedor,comentario_supervisor,estado,fecha_creacion,fecha_entrega,fecha_modificacion,fecha_salida,motorisata,proveedor,supervisor) values (?,?,?,?,?,?,?,?,?,?)
Hibernate: select p1_0.id,p1_0.cantidad,p1_0.descripcion,p1_0.nombre,p1_0.unidad_medida from producto p1_0
Hibernate: select e1_0.id,e1_0.comentario_proveedor,e1_0.comentario_supervisor,e1_0.estado,e1_0.fecha_creacion,e1_0.fecha_entrega,e1_0.fecha_modificacion,e1_0.fecha_salida,e1_0.motorisata,p1_0.id,p1_0.apellido,p1_0.direccion,p1_0.email,p1_0.nombre,o1_0.id,o1_0.descripcion,o1_0.direccion,o1_0.email,o1_0.nombre,o1_0.telefono,p1_0.password,r1_0.usuario,r1_1.id,r1_1.descripcion,r1_1.nombre,p1_0.telefono,s1_0.id,s1_0.apellido,s1_0.direccion,s1_0.email,s1_0.nombre,o2_0.id,o2_0.descripcion,o2_0.direccion,o2_0.email,o2_0.nombre,o2_0.telefono,s1_0.password,r2_0.usuario,r2_1.id,r2_1.descripcion,r2_1.nombre,s1_0.telefono from envio e1_0 left join usuario p1_0 on p1_0.id=e1_0.proveedor left join organizacion o1_0 on o1_0.id=p1_0.organizacion left join usuario_rol r1_0 on p1_0.id=r1_0.usuario left join rol r1_1 on r1_1.id=r1_0.rol left join usuario s1_0 on s1_0.id=e1_0.supervisor left join organizacion o2_0 on o2_0.id=s1_0.organizacion left join usuario_rol r2_0 on s1_0.id=r2_0.usuario left join rol r2_1 on r2_1.id=r2_0.rol where e1_0.id=?
Hibernate: select ed1_0.id,ed1_0.cantidad,ed1_0.envio,ed1_0.producto from envio_detalle ed1_0 where ed1_0.envio=?
Hibernate: select u1_0.id,u1_0.apellido,u1_0.direccion,u1_0.email,u1_0.nombre,u1_0.organizacion,u1_0.password,u1_0.telefono from usuario u1_0 where u1_0.email=?
Hibernate: select o1_0.id,o1_0.descripcion,o1_0.direccion,o1_0.email,o1_0.nombre,o1_0.telefono from organizacion o1_0 where o1_0.id=?
Hibernate: select r1_0.usuario,r1_1.id,r1_1.descripcion,r1_1.nombre from usuario_rol r1_0 join rol r1_1 on r1_1.id=r1_0.rol where r1_0.usuario=?
Usuario encontrado: fernenri33@gmail.com
Hibernate: select e1_0.id,e1_0.comentario_proveedor,e1_0.comentario_supervisor,e1_0.estado,e1_0.fecha_creacion,e1_0.fecha_entrega,e1_0.fecha_modificacion,e1_0.fecha_salida,e1_0.motorisata,e1_0.proveedor,e1_0.supervisor from envio e1_0 where e1_0.proveedor=?
Hibernate: select e1_0.id,e1_0.comentario_proveedor,e1_0.comentario_supervisor,e1_0.estado,e1_0.fecha_creacion,e1_0.fecha_entrega,e1_0.fecha_modificacion,e1_0.fecha_salida,e1_0.motorisata,p1_0.id,p1_0.apellido,p1_0.direccion,p1_0.email,p1_0.nombre,o1_0.id,o1_0.descripcion,o1_0.direccion,o1_0.email,o1_0.nombre,o1_0.telefono,p1_0.password,r1_0.usuario,r1_1.id,r1_1.descripcion,r1_1.nombre,p1_0.telefono,s1_0.id,s1_0.apellido,s1_0.direccion,s1_0.email,s1_0.nombre,o2_0.id,o2_0.descripcion,o2_0.direccion,o2_0.email,o2_0.nombre,o2_0.telefono,s1_0.password,r2_0.usuario,r2_1.id,r2_1.descripcion,r2_1.nombre,s1_0.telefono from envio e1_0 left join usuario p1_0 on p1_0.id=e1_0.proveedor left join organizacion o1_0 on o1_0.id=p1_0.organizacion left join usuario_rol r1_0 on p1_0.id=r1_0.usuario left join rol r1_1 on r1_1.id=r1_0.rol left join usuario s1_0 on s1_0.id=e1_0.supervisor left join organizacion o2_0 on o2_0.id=s1_0.organizacion left join usuario_rol r2_0 on s1_0.id=r2_0.usuario left join rol r2_1 on r2_1.id=r2_0.rol where e1_0.id=?
Hibernate: select ed1_0.envio,ed1_0.id,ed1_0.cantidad,ed1_0.producto,p1_0.id,p1_0.cantidad,p1_0.descripcion,p1_0.nombre,p1_0.unidad_medida from envio_detalle ed1_0 left join producto p1_0 on p1_0.id=ed1_0.producto where ed1_0.envio=?
Hibernate: delete from envio where id=?
Hibernate: select u1_0.id,u1_0.apellido,u1_0.direccion,u1_0.email,u1_0.nombre,u1_0.organizacion,u1_0.password,u1_0.telefono from usuario u1_0 where u1_0.email=?
Hibernate: select o1_0.id,o1_0.descripcion,o1_0.direccion,o1_0.email,o1_0.nombre,o1_0.telefono from organizacion o1_0 where o1_0.id=?
Hibernate: select r1_0.usuario,r1_1.id,r1_1.descripcion,r1_1.nombre from usuario_rol r1_0 join rol r1_1 on r1_1.id=r1_0.rol where r1_0.usuario=?
Usuario encontrado: fernenri33@gmail.com
Hibernate: select e1_0.id,e1_0.comentario_proveedor,e1_0.comentario_supervisor,e1_0.estado,e1_0.fecha_creacion,e1_0.fecha_entrega,e1_0.fecha_modificacion,e1_0.fecha_salida,e1_0.motorisata,e1_0.proveedor,e1_0.supervisor from envio e1_0 where e1_0.proveedor=?
Hibernate: select p1_0.id,p1_0.cantidad,p1_0.descripcion,p1_0.nombre,p1_0.unidad_medida from producto p1_0
Hibernate: select u1_0.id,u1_0.apellido,u1_0.direccion,u1_0.email,u1_0.nombre,u1_0.organizacion,u1_0.password,u1_0.telefono from usuario u1_0 where u1_0.email=?
Hibernate: select o1_0.id,o1_0.descripcion,o1_0.direccion,o1_0.email,o1_0.nombre,o1_0.telefono from organizacion o1_0 where o1_0.id=?
Hibernate: select r1_0.usuario,r1_1.id,r1_1.descripcion,r1_1.nombre from usuario_rol r1_0 join rol r1_1 on r1_1.id=r1_0.rol where r1_0.usuario=?
Usuario encontrado: fernenri33@gmail.com
Hibernate: select e1_0.id,e1_0.comentario_proveedor,e1_0.comentario_supervisor,e1_0.estado,e1_0.fecha_creacion,e1_0.fecha_entrega,e1_0.fecha_modificacion,e1_0.fecha_salida,e1_0.motorisata,e1_0.proveedor,e1_0.supervisor from envio e1_0 where e1_0.proveedor=?
Hibernate: select e1_0.id,e1_0.comentario_proveedor,e1_0.comentario_supervisor,e1_0.estado,e1_0.fecha_creacion,e1_0.fecha_entrega,e1_0.fecha_modificacion,e1_0.fecha_salida,e1_0.motorisata,p1_0.id,p1_0.apellido,p1_0.direccion,p1_0.email,p1_0.nombre,o1_0.id,o1_0.descripcion,o1_0.direccion,o1_0.email,o1_0.nombre,o1_0.telefono,p1_0.password,r1_0.usuario,r1_1.id,r1_1.descripcion,r1_1.nombre,p1_0.telefono,s1_0.id,s1_0.apellido,s1_0.direccion,s1_0.email,s1_0.nombre,o2_0.id,o2_0.descripcion,o2_0.direccion,o2_0.email,o2_0.nombre,o2_0.telefono,s1_0.password,r2_0.usuario,r2_1.id,r2_1.descripcion,r2_1.nombre,s1_0.telefono from envio e1_0 left join usuario p1_0 on p1_0.id=e1_0.proveedor left join organizacion o1_0 on o1_0.id=p1_0.organizacion left join usuario_rol r1_0 on p1_0.id=r1_0.usuario left join rol r1_1 on r1_1.id=r1_0.rol left join usuario s1_0 on s1_0.id=e1_0.supervisor left join organizacion o2_0 on o2_0.id=s1_0.organizacion left join usuario_rol r2_0 on s1_0.id=r2_0.usuario left join rol r2_1 on r2_1.id=r2_0.rol where e1_0.id=?
Hibernate: select ed1_0.id,ed1_0.cantidad,ed1_0.envio,ed1_0.producto from envio_detalle ed1_0 where ed1_0.envio is null
Hibernate: select e1_0.id,e1_0.comentario_proveedor,e1_0.comentario_supervisor,e1_0.estado,e1_0.fecha_creacion,e1_0.fecha_entrega,e1_0.fecha_modificacion,e1_0.fecha_salida,e1_0.motorisata,e1_0.proveedor,e1_0.supervisor from envio e1_0
Hibernate: select u1_0.id,u1_0.apellido,u1_0.direccion,u1_0.email,u1_0.nombre,o1_0.id,o1_0.descripcion,o1_0.direccion,o1_0.email,o1_0.nombre,o1_0.telefono,u1_0.password,r1_0.usuario,r1_1.id,r1_1.descripcion,r1_1.nombre,u1_0.telefono from usuario u1_0 left join organizacion o1_0 on o1_0.id=u1_0.organizacion left join usuario_rol r1_0 on u1_0.id=r1_0.usuario left join rol r1_1 on r1_1.id=r1_0.rol where u1_0.id=?
Hibernate: select u1_0.id,u1_0.apellido,u1_0.direccion,u1_0.email,u1_0.nombre,o1_0.id,o1_0.descripcion,o1_0.direccion,o1_0.email,o1_0.nombre,o1_0.telefono,u1_0.password,r1_0.usuario,r1_1.id,r1_1.descripcion,r1_1.nombre,u1_0.telefono from usuario u1_0 left join organizacion o1_0 on o1_0.id=u1_0.organizacion left join usuario_rol r1_0 on u1_0.id=r1_0.usuario left join rol r1_1 on r1_1.id=r1_0.rol where u1_0.id=?
Hibernate: select u1_0.id,u1_0.apellido,u1_0.direccion,u1_0.email,u1_0.nombre,o1_0.id,o1_0.descripcion,o1_0.direccion,o1_0.email,o1_0.nombre,o1_0.telefono,u1_0.password,r1_0.usuario,r1_1.id,r1_1.descripcion,r1_1.nombre,u1_0.telefono from usuario u1_0 left join organizacion o1_0 on o1_0.id=u1_0.organizacion left join usuario_rol r1_0 on u1_0.id=r1_0.usuario left join rol r1_1 on r1_1.id=r1_0.rol where u1_0.id=?
Hibernate: select e1_0.id,e1_0.comentario_proveedor,e1_0.comentario_supervisor,e1_0.estado,e1_0.fecha_creacion,e1_0.fecha_entrega,e1_0.fecha_modificacion,e1_0.fecha_salida,e1_0.motorisata,e1_0.proveedor,e1_0.supervisor from envio e1_0
Hibernate: select u1_0.id,u1_0.apellido,u1_0.direccion,u1_0.email,u1_0.nombre,o1_0.id,o1_0.descripcion,o1_0.direccion,o1_0.email,o1_0.nombre,o1_0.telefono,u1_0.password,r1_0.usuario,r1_1.id,r1_1.descripcion,r1_1.nombre,u1_0.telefono from usuario u1_0 left join organizacion o1_0 on o1_0.id=u1_0.organizacion left join usuario_rol r1_0 on u1_0.id=r1_0.usuario left join rol r1_1 on r1_1.id=r1_0.rol where u1_0.id=?
Hibernate: select u1_0.id,u1_0.apellido,u1_0.direccion,u1_0.email,u1_0.nombre,o1_0.id,o1_0.descripcion,o1_0.direccion,o1_0.email,o1_0.nombre,o1_0.telefono,u1_0.password,r1_0.usuario,r1_1.id,r1_1.descripcion,r1_1.nombre,u1_0.telefono from usuario u1_0 left join organizacion o1_0 on o1_0.id=u1_0.organizacion left join usuario_rol r1_0 on u1_0.id=r1_0.usuario left join rol r1_1 on r1_1.id=r1_0.rol where u1_0.id=?
Hibernate: select u1_0.id,u1_0.apellido,u1_0.direccion,u1_0.email,u1_0.nombre,o1_0.id,o1_0.descripcion,o1_0.direccion,o1_0.email,o1_0.nombre,o1_0.telefono,u1_0.password,r1_0.usuario,r1_1.id,r1_1.descripcion,r1_1.nombre,u1_0.telefono from usuario u1_0 left join organizacion o1_0 on o1_0.id=u1_0.organizacion left join usuario_rol r1_0 on u1_0.id=r1_0.usuario left join rol r1_1 on r1_1.id=r1_0.rol where u1_0.id=?
Hibernate: select e1_0.id,e1_0.comentario_proveedor,e1_0.comentario_supervisor,e1_0.estado,e1_0.fecha_creacion,e1_0.fecha_entrega,e1_0.fecha_modificacion,e1_0.fecha_salida,e1_0.motorisata,e1_0.proveedor,e1_0.supervisor from envio e1_0
Hibernate: select u1_0.id,u1_0.apellido,u1_0.direccion,u1_0.email,u1_0.nombre,o1_0.id,o1_0.descripcion,o1_0.direccion,o1_0.email,o1_0.nombre,o1_0.telefono,u1_0.password,r1_0.usuario,r1_1.id,r1_1.descripcion,r1_1.nombre,u1_0.telefono from usuario u1_0 left join organizacion o1_0 on o1_0.id=u1_0.organizacion left join usuario_rol r1_0 on u1_0.id=r1_0.usuario left join rol r1_1 on r1_1.id=r1_0.rol where u1_0.id=?
Hibernate: select u1_0.id,u1_0.apellido,u1_0.direccion,u1_0.email,u1_0.nombre,o1_0.id,o1_0.descripcion,o1_0.direccion,o1_0.email,o1_0.nombre,o1_0.telefono,u1_0.password,r1_0.usuario,r1_1.id,r1_1.descripcion,r1_1.nombre,u1_0.telefono from usuario u1_0 left join organizacion o1_0 on o1_0.id=u1_0.organizacion left join usuario_rol r1_0 on u1_0.id=r1_0.usuario left join rol r1_1 on r1_1.id=r1_0.rol where u1_0.id=?
Hibernate: select u1_0.id,u1_0.apellido,u1_0.direccion,u1_0.email,u1_0.nombre,o1_0.id,o1_0.descripcion,o1_0.direccion,o1_0.email,o1_0.nombre,o1_0.telefono,u1_0.password,r1_0.usuario,r1_1.id,r1_1.descripcion,r1_1.nombre,u1_0.telefono from usuario u1_0 left join organizacion o1_0 on o1_0.id=u1_0.organizacion left join usuario_rol r1_0 on u1_0.id=r1_0.usuario left join rol r1_1 on r1_1.id=r1_0.rol where u1_0.id=?
Hibernate: select e1_0.id,e1_0.comentario_proveedor,e1_0.comentario_supervisor,e1_0.estado,e1_0.fecha_creacion,e1_0.fecha_entrega,e1_0.fecha_modificacion,e1_0.fecha_salida,e1_0.motorisata,e1_0.proveedor,e1_0.supervisor from envio e1_0
Hibernate: select u1_0.id,u1_0.apellido,u1_0.direccion,u1_0.email,u1_0.nombre,o1_0.id,o1_0.descripcion,o1_0.direccion,o1_0.email,o1_0.nombre,o1_0.telefono,u1_0.password,r1_0.usuario,r1_1.id,r1_1.descripcion,r1_1.nombre,u1_0.telefono from usuario u1_0 left join organizacion o1_0 on o1_0.id=u1_0.organizacion left join usuario_rol r1_0 on u1_0.id=r1_0.usuario left join rol r1_1 on r1_1.id=r1_0.rol where u1_0.id=?
Hibernate: select u1_0.id,u1_0.apellido,u1_0.direccion,u1_0.email,u1_0.nombre,o1_0.id,o1_0.descripcion,o1_0.direccion,o1_0.email,o1_0.nombre,o1_0.telefono,u1_0.password,r1_0.usuario,r1_1.id,r1_1.descripcion,r1_1.nombre,u1_0.telefono from usuario u1_0 left join organizacion o1_0 on o1_0.id=u1_0.organizacion left join usuario_rol r1_0 on u1_0.id=r1_0.usuario left join rol r1_1 on r1_1.id=r1_0.rol where u1_0.id=?
Hibernate: select u1_0.id,u1_0.apellido,u1_0.direccion,u1_0.email,u1_0.nombre,o1_0.id,o1_0.descripcion,o1_0.direccion,o1_0.email,o1_0.nombre,o1_0.telefono,u1_0.password,r1_0.usuario,r1_1.id,r1_1.descripcion,r1_1.nombre,u1_0.telefono from usuario u1_0 left join organizacion o1_0 on o1_0.id=u1_0.organizacion left join usuario_rol r1_0 on u1_0.id=r1_0.usuario left join rol r1_1 on r1_1.id=r1_0.rol where u1_0.id=?
Hibernate: select e1_0.id,e1_0.comentario_proveedor,e1_0.comentario_supervisor,e1_0.estado,e1_0.fecha_creacion,e1_0.fecha_entrega,e1_0.fecha_modificacion,e1_0.fecha_salida,e1_0.motorisata,e1_0.proveedor,e1_0.supervisor from envio e1_0
Hibernate: select u1_0.id,u1_0.apellido,u1_0.direccion,u1_0.email,u1_0.nombre,o1_0.id,o1_0.descripcion,o1_0.direccion,o1_0.email,o1_0.nombre,o1_0.telefono,u1_0.password,r1_0.usuario,r1_1.id,r1_1.descripcion,r1_1.nombre,u1_0.telefono from usuario u1_0 left join organizacion o1_0 on o1_0.id=u1_0.organizacion left join usuario_rol r1_0 on u1_0.id=r1_0.usuario left join rol r1_1 on r1_1.id=r1_0.rol where u1_0.id=?
Hibernate: select u1_0.id,u1_0.apellido,u1_0.direccion,u1_0.email,u1_0.nombre,o1_0.id,o1_0.descripcion,o1_0.direccion,o1_0.email,o1_0.nombre,o1_0.telefono,u1_0.password,r1_0.usuario,r1_1.id,r1_1.descripcion,r1_1.nombre,u1_0.telefono from usuario u1_0 left join organizacion o1_0 on o1_0.id=u1_0.organizacion left join usuario_rol r1_0 on u1_0.id=r1_0.usuario left join rol r1_1 on r1_1.id=r1_0.rol where u1_0.id=?
Hibernate: select u1_0.id,u1_0.apellido,u1_0.direccion,u1_0.email,u1_0.nombre,o1_0.id,o1_0.descripcion,o1_0.direccion,o1_0.email,o1_0.nombre,o1_0.telefono,u1_0.password,r1_0.usuario,r1_1.id,r1_1.descripcion,r1_1.nombre,u1_0.telefono from usuario u1_0 left join organizacion o1_0 on o1_0.id=u1_0.organizacion left join usuario_rol r1_0 on u1_0.id=r1_0.usuario left join rol r1_1 on r1_1.id=r1_0.rol where u1_0.id=?
Hibernate: select p1_0.id,p1_0.cantidad,p1_0.descripcion,p1_0.nombre,p1_0.unidad_medida from producto p1_0
Hibernate: select e1_0.id,e1_0.comentario_proveedor,e1_0.comentario_supervisor,e1_0.estado,e1_0.fecha_creacion,e1_0.fecha_entrega,e1_0.fecha_modificacion,e1_0.fecha_salida,e1_0.motorisata,p1_0.id,p1_0.apellido,p1_0.direccion,p1_0.email,p1_0.nombre,o1_0.id,o1_0.descripcion,o1_0.direccion,o1_0.email,o1_0.nombre,o1_0.telefono,p1_0.password,r1_0.usuario,r1_1.id,r1_1.descripcion,r1_1.nombre,p1_0.telefono,s1_0.id,s1_0.apellido,s1_0.direccion,s1_0.email,s1_0.nombre,o2_0.id,o2_0.descripcion,o2_0.direccion,o2_0.email,o2_0.nombre,o2_0.telefono,s1_0.password,r2_0.usuario,r2_1.id,r2_1.descripcion,r2_1.nombre,s1_0.telefono from envio e1_0 left join usuario p1_0 on p1_0.id=e1_0.proveedor left join organizacion o1_0 on o1_0.id=p1_0.organizacion left join usuario_rol r1_0 on p1_0.id=r1_0.usuario left join rol r1_1 on r1_1.id=r1_0.rol left join usuario s1_0 on s1_0.id=e1_0.supervisor left join organizacion o2_0 on o2_0.id=s1_0.organizacion left join usuario_rol r2_0 on s1_0.id=r2_0.usuario left join rol r2_1 on r2_1.id=r2_0.rol where e1_0.id=?
Hibernate: select ed1_0.id,ed1_0.cantidad,ed1_0.envio,ed1_0.producto from envio_detalle ed1_0 where ed1_0.envio=?
Hibernate: select e1_0.id,e1_0.comentario_proveedor,e1_0.comentario_supervisor,e1_0.estado,e1_0.fecha_creacion,e1_0.fecha_entrega,e1_0.fecha_modificacion,e1_0.fecha_salida,e1_0.motorisata,e1_0.proveedor,e1_0.supervisor from envio e1_0
Hibernate: select u1_0.id,u1_0.apellido,u1_0.direccion,u1_0.email,u1_0.nombre,o1_0.id,o1_0.descripcion,o1_0.direccion,o1_0.email,o1_0.nombre,o1_0.telefono,u1_0.password,r1_0.usuario,r1_1.id,r1_1.descripcion,r1_1.nombre,u1_0.telefono from usuario u1_0 left join organizacion o1_0 on o1_0.id=u1_0.organizacion left join usuario_rol r1_0 on u1_0.id=r1_0.usuario left join rol r1_1 on r1_1.id=r1_0.rol where u1_0.id=?
Hibernate: select u1_0.id,u1_0.apellido,u1_0.direccion,u1_0.email,u1_0.nombre,o1_0.id,o1_0.descripcion,o1_0.direccion,o1_0.email,o1_0.nombre,o1_0.telefono,u1_0.password,r1_0.usuario,r1_1.id,r1_1.descripcion,r1_1.nombre,u1_0.telefono from usuario u1_0 left join organizacion o1_0 on o1_0.id=u1_0.organizacion left join usuario_rol r1_0 on u1_0.id=r1_0.usuario left join rol r1_1 on r1_1.id=r1_0.rol where u1_0.id=?
Hibernate: select u1_0.id,u1_0.apellido,u1_0.direccion,u1_0.email,u1_0.nombre,o1_0.id,o1_0.descripcion,o1_0.direccion,o1_0.email,o1_0.nombre,o1_0.telefono,u1_0.password,r1_0.usuario,r1_1.id,r1_1.descripcion,r1_1.nombre,u1_0.telefono from usuario u1_0 left join organizacion o1_0 on o1_0.id=u1_0.organizacion left join usuario_rol r1_0 on u1_0.id=r1_0.usuario left join rol r1_1 on r1_1.id=r1_0.rol where u1_0.id=?
Hibernate: select e1_0.id,e1_0.comentario_proveedor,e1_0.comentario_supervisor,e1_0.estado,e1_0.fecha_creacion,e1_0.fecha_entrega,e1_0.fecha_modificacion,e1_0.fecha_salida,e1_0.motorisata,e1_0.proveedor,e1_0.supervisor from envio e1_0
Hibernate: select u1_0.id,u1_0.apellido,u1_0.direccion,u1_0.email,u1_0.nombre,o1_0.id,o1_0.descripcion,o1_0.direccion,o1_0.email,o1_0.nombre,o1_0.telefono,u1_0.password,r1_0.usuario,r1_1.id,r1_1.descripcion,r1_1.nombre,u1_0.telefono from usuario u1_0 left join organizacion o1_0 on o1_0.id=u1_0.organizacion left join usuario_rol r1_0 on u1_0.id=r1_0.usuario left join rol r1_1 on r1_1.id=r1_0.rol where u1_0.id=?
Hibernate: select u1_0.id,u1_0.apellido,u1_0.direccion,u1_0.email,u1_0.nombre,o1_0.id,o1_0.descripcion,o1_0.direccion,o1_0.email,o1_0.nombre,o1_0.telefono,u1_0.password,r1_0.usuario,r1_1.id,r1_1.descripcion,r1_1.nombre,u1_0.telefono from usuario u1_0 left join organizacion o1_0 on o1_0.id=u1_0.organizacion left join usuario_rol r1_0 on u1_0.id=r1_0.usuario left join rol r1_1 on r1_1.id=r1_0.rol where u1_0.id=?
Hibernate: select u1_0.id,u1_0.apellido,u1_0.direccion,u1_0.email,u1_0.nombre,o1_0.id,o1_0.descripcion,o1_0.direccion,o1_0.email,o1_0.nombre,o1_0.telefono,u1_0.password,r1_0.usuario,r1_1.id,r1_1.descripcion,r1_1.nombre,u1_0.telefono from usuario u1_0 left join organizacion o1_0 on o1_0.id=u1_0.organizacion left join usuario_rol r1_0 on u1_0.id=r1_0.usuario left join rol r1_1 on r1_1.id=r1_0.rol where u1_0.id=?
Hibernate: select e1_0.id,e1_0.comentario_proveedor,e1_0.comentario_supervisor,e1_0.estado,e1_0.fecha_creacion,e1_0.fecha_entrega,e1_0.fecha_modificacion,e1_0.fecha_salida,e1_0.motorisata,e1_0.proveedor,e1_0.supervisor from envio e1_0
Hibernate: select u1_0.id,u1_0.apellido,u1_0.direccion,u1_0.email,u1_0.nombre,o1_0.id,o1_0.descripcion,o1_0.direccion,o1_0.email,o1_0.nombre,o1_0.telefono,u1_0.password,r1_0.usuario,r1_1.id,r1_1.descripcion,r1_1.nombre,u1_0.telefono from usuario u1_0 left join organizacion o1_0 on o1_0.id=u1_0.organizacion left join usuario_rol r1_0 on u1_0.id=r1_0.usuario left join rol r1_1 on r1_1.id=r1_0.rol where u1_0.id=?
Hibernate: select u1_0.id,u1_0.apellido,u1_0.direccion,u1_0.email,u1_0.nombre,o1_0.id,o1_0.descripcion,o1_0.direccion,o1_0.email,o1_0.nombre,o1_0.telefono,u1_0.password,r1_0.usuario,r1_1.id,r1_1.descripcion,r1_1.nombre,u1_0.telefono from usuario u1_0 left join organizacion o1_0 on o1_0.id=u1_0.organizacion left join usuario_rol r1_0 on u1_0.id=r1_0.usuario left join rol r1_1 on r1_1.id=r1_0.rol where u1_0.id=?
Hibernate: select u1_0.id,u1_0.apellido,u1_0.direccion,u1_0.email,u1_0.nombre,o1_0.id,o1_0.descripcion,o1_0.direccion,o1_0.email,o1_0.nombre,o1_0.telefono,u1_0.password,r1_0.usuario,r1_1.id,r1_1.descripcion,r1_1.nombre,u1_0.telefono from usuario u1_0 left join organizacion o1_0 on o1_0.id=u1_0.organizacion left join usuario_rol r1_0 on u1_0.id=r1_0.usuario left join rol r1_1 on r1_1.id=r1_0.rol where u1_0.id=?
Hibernate: select e1_0.id,e1_0.comentario_proveedor,e1_0.comentario_supervisor,e1_0.estado,e1_0.fecha_creacion,e1_0.fecha_entrega,e1_0.fecha_modificacion,e1_0.fecha_salida,e1_0.motorisata,e1_0.proveedor,e1_0.supervisor from envio e1_0
Hibernate: select u1_0.id,u1_0.apellido,u1_0.direccion,u1_0.email,u1_0.nombre,o1_0.id,o1_0.descripcion,o1_0.direccion,o1_0.email,o1_0.nombre,o1_0.telefono,u1_0.password,r1_0.usuario,r1_1.id,r1_1.descripcion,r1_1.nombre,u1_0.telefono from usuario u1_0 left join organizacion o1_0 on o1_0.id=u1_0.organizacion left join usuario_rol r1_0 on u1_0.id=r1_0.usuario left join rol r1_1 on r1_1.id=r1_0.rol where u1_0.id=?
Hibernate: select u1_0.id,u1_0.apellido,u1_0.direccion,u1_0.email,u1_0.nombre,o1_0.id,o1_0.descripcion,o1_0.direccion,o1_0.email,o1_0.nombre,o1_0.telefono,u1_0.password,r1_0.usuario,r1_1.id,r1_1.descripcion,r1_1.nombre,u1_0.telefono from usuario u1_0 left join organizacion o1_0 on o1_0.id=u1_0.organizacion left join usuario_rol r1_0 on u1_0.id=r1_0.usuario left join rol r1_1 on r1_1.id=r1_0.rol where u1_0.id=?
Hibernate: select u1_0.id,u1_0.apellido,u1_0.direccion,u1_0.email,u1_0.nombre,o1_0.id,o1_0.descripcion,o1_0.direccion,o1_0.email,o1_0.nombre,o1_0.telefono,u1_0.password,r1_0.usuario,r1_1.id,r1_1.descripcion,r1_1.nombre,u1_0.telefono from usuario u1_0 left join organizacion o1_0 on o1_0.id=u1_0.organizacion left join usuario_rol r1_0 on u1_0.id=r1_0.usuario left join rol r1_1 on r1_1.id=r1_0.rol where u1_0.id=?
Hibernate: select e1_0.id,e1_0.comentario_proveedor,e1_0.comentario_supervisor,e1_0.estado,e1_0.fecha_creacion,e1_0.fecha_entrega,e1_0.fecha_modificacion,e1_0.fecha_salida,e1_0.motorisata,e1_0.proveedor,e1_0.supervisor from envio e1_0
Hibernate: select u1_0.id,u1_0.apellido,u1_0.direccion,u1_0.email,u1_0.nombre,o1_0.id,o1_0.descripcion,o1_0.direccion,o1_0.email,o1_0.nombre,o1_0.telefono,u1_0.password,r1_0.usuario,r1_1.id,r1_1.descripcion,r1_1.nombre,u1_0.telefono from usuario u1_0 left join organizacion o1_0 on o1_0.id=u1_0.organizacion left join usuario_rol r1_0 on u1_0.id=r1_0.usuario left join rol r1_1 on r1_1.id=r1_0.rol where u1_0.id=?
Hibernate: select u1_0.id,u1_0.apellido,u1_0.direccion,u1_0.email,u1_0.nombre,o1_0.id,o1_0.descripcion,o1_0.direccion,o1_0.email,o1_0.nombre,o1_0.telefono,u1_0.password,r1_0.usuario,r1_1.id,r1_1.descripcion,r1_1.nombre,u1_0.telefono from usuario u1_0 left join organizacion o1_0 on o1_0.id=u1_0.organizacion left join usuario_rol r1_0 on u1_0.id=r1_0.usuario left join rol r1_1 on r1_1.id=r1_0.rol where u1_0.id=?
Hibernate: select u1_0.id,u1_0.apellido,u1_0.direccion,u1_0.email,u1_0.nombre,o1_0.id,o1_0.descripcion,o1_0.direccion,o1_0.email,o1_0.nombre,o1_0.telefono,u1_0.password,r1_0.usuario,r1_1.id,r1_1.descripcion,r1_1.nombre,u1_0.telefono from usuario u1_0 left join organizacion o1_0 on o1_0.id=u1_0.organizacion left join usuario_rol r1_0 on u1_0.id=r1_0.usuario left join rol r1_1 on r1_1.id=r1_0.rol where u1_0.id=?
Hibernate: select e1_0.id,e1_0.comentario_proveedor,e1_0.comentario_supervisor,e1_0.estado,e1_0.fecha_creacion,e1_0.fecha_entrega,e1_0.fecha_modificacion,e1_0.fecha_salida,e1_0.motorisata,e1_0.proveedor,e1_0.supervisor from envio e1_0
Hibernate: select u1_0.id,u1_0.apellido,u1_0.direccion,u1_0.email,u1_0.nombre,o1_0.id,o1_0.descripcion,o1_0.direccion,o1_0.email,o1_0.nombre,o1_0.telefono,u1_0.password,r1_0.usuario,r1_1.id,r1_1.descripcion,r1_1.nombre,u1_0.telefono from usuario u1_0 left join organizacion o1_0 on o1_0.id=u1_0.organizacion left join usuario_rol r1_0 on u1_0.id=r1_0.usuario left join rol r1_1 on r1_1.id=r1_0.rol where u1_0.id=?
Hibernate: select u1_0.id,u1_0.apellido,u1_0.direccion,u1_0.email,u1_0.nombre,o1_0.id,o1_0.descripcion,o1_0.direccion,o1_0.email,o1_0.nombre,o1_0.telefono,u1_0.password,r1_0.usuario,r1_1.id,r1_1.descripcion,r1_1.nombre,u1_0.telefono from usuario u1_0 left join organizacion o1_0 on o1_0.id=u1_0.organizacion left join usuario_rol r1_0 on u1_0.id=r1_0.usuario left join rol r1_1 on r1_1.id=r1_0.rol where u1_0.id=?
Hibernate: select u1_0.id,u1_0.apellido,u1_0.direccion,u1_0.email,u1_0.nombre,o1_0.id,o1_0.descripcion,o1_0.direccion,o1_0.email,o1_0.nombre,o1_0.telefono,u1_0.password,r1_0.usuario,r1_1.id,r1_1.descripcion,r1_1.nombre,u1_0.telefono from usuario u1_0 left join organizacion o1_0 on o1_0.id=u1_0.organizacion left join usuario_rol r1_0 on u1_0.id=r1_0.usuario left join rol r1_1 on r1_1.id=r1_0.rol where u1_0.id=?
Hibernate: select e1_0.id,e1_0.comentario_proveedor,e1_0.comentario_supervisor,e1_0.estado,e1_0.fecha_creacion,e1_0.fecha_entrega,e1_0.fecha_modificacion,e1_0.fecha_salida,e1_0.motorisata,e1_0.proveedor,e1_0.supervisor from envio e1_0
Hibernate: select u1_0.id,u1_0.apellido,u1_0.direccion,u1_0.email,u1_0.nombre,o1_0.id,o1_0.descripcion,o1_0.direccion,o1_0.email,o1_0.nombre,o1_0.telefono,u1_0.password,r1_0.usuario,r1_1.id,r1_1.descripcion,r1_1.nombre,u1_0.telefono from usuario u1_0 left join organizacion o1_0 on o1_0.id=u1_0.organizacion left join usuario_rol r1_0 on u1_0.id=r1_0.usuario left join rol r1_1 on r1_1.id=r1_0.rol where u1_0.id=?
Hibernate: select u1_0.id,u1_0.apellido,u1_0.direccion,u1_0.email,u1_0.nombre,o1_0.id,o1_0.descripcion,o1_0.direccion,o1_0.email,o1_0.nombre,o1_0.telefono,u1_0.password,r1_0.usuario,r1_1.id,r1_1.descripcion,r1_1.nombre,u1_0.telefono from usuario u1_0 left join organizacion o1_0 on o1_0.id=u1_0.organizacion left join usuario_rol r1_0 on u1_0.id=r1_0.usuario left join rol r1_1 on r1_1.id=r1_0.rol where u1_0.id=?
Hibernate: select u1_0.id,u1_0.apellido,u1_0.direccion,u1_0.email,u1_0.nombre,o1_0.id,o1_0.descripcion,o1_0.direccion,o1_0.email,o1_0.nombre,o1_0.telefono,u1_0.password,r1_0.usuario,r1_1.id,r1_1.descripcion,r1_1.nombre,u1_0.telefono from usuario u1_0 left join organizacion o1_0 on o1_0.id=u1_0.organizacion left join usuario_rol r1_0 on u1_0.id=r1_0.usuario left join rol r1_1 on r1_1.id=r1_0.rol where u1_0.id=?
Hibernate: select p1_0.id,p1_0.cantidad,p1_0.descripcion,p1_0.nombre,p1_0.unidad_medida from producto p1_0
Hibernate: select e1_0.id,e1_0.comentario_proveedor,e1_0.comentario_supervisor,e1_0.estado,e1_0.fecha_creacion,e1_0.fecha_entrega,e1_0.fecha_modificacion,e1_0.fecha_salida,e1_0.motorisata,p1_0.id,p1_0.apellido,p1_0.direccion,p1_0.email,p1_0.nombre,o1_0.id,o1_0.descripcion,o1_0.direccion,o1_0.email,o1_0.nombre,o1_0.telefono,p1_0.password,r1_0.usuario,r1_1.id,r1_1.descripcion,r1_1.nombre,p1_0.telefono,s1_0.id,s1_0.apellido,s1_0.direccion,s1_0.email,s1_0.nombre,o2_0.id,o2_0.descripcion,o2_0.direccion,o2_0.email,o2_0.nombre,o2_0.telefono,s1_0.password,r2_0.usuario,r2_1.id,r2_1.descripcion,r2_1.nombre,s1_0.telefono from envio e1_0 left join usuario p1_0 on p1_0.id=e1_0.proveedor left join organizacion o1_0 on o1_0.id=p1_0.organizacion left join usuario_rol r1_0 on p1_0.id=r1_0.usuario left join rol r1_1 on r1_1.id=r1_0.rol left join usuario s1_0 on s1_0.id=e1_0.supervisor left join organizacion o2_0 on o2_0.id=s1_0.organizacion left join usuario_rol r2_0 on s1_0.id=r2_0.usuario left join rol r2_1 on r2_1.id=r2_0.rol where e1_0.id=?
Hibernate: select ed1_0.id,ed1_0.cantidad,ed1_0.envio,ed1_0.producto from envio_detalle ed1_0 where ed1_0.envio=?
Hibernate: select p1_0.id,p1_0.cantidad,p1_0.descripcion,p1_0.nombre,p1_0.unidad_medida from producto p1_0
Hibernate: select e1_0.id,e1_0.comentario_proveedor,e1_0.comentario_supervisor,e1_0.estado,e1_0.fecha_creacion,e1_0.fecha_entrega,e1_0.fecha_modificacion,e1_0.fecha_salida,e1_0.motorisata,p1_0.id,p1_0.apellido,p1_0.direccion,p1_0.email,p1_0.nombre,o1_0.id,o1_0.descripcion,o1_0.direccion,o1_0.email,o1_0.nombre,o1_0.telefono,p1_0.password,r1_0.usuario,r1_1.id,r1_1.descripcion,r1_1.nombre,p1_0.telefono,s1_0.id,s1_0.apellido,s1_0.direccion,s1_0.email,s1_0.nombre,o2_0.id,o2_0.descripcion,o2_0.direccion,o2_0.email,o2_0.nombre,o2_0.telefono,s1_0.password,r2_0.usuario,r2_1.id,r2_1.descripcion,r2_1.nombre,s1_0.telefono from envio e1_0 left join usuario p1_0 on p1_0.id=e1_0.proveedor left join organizacion o1_0 on o1_0.id=p1_0.organizacion left join usuario_rol r1_0 on p1_0.id=r1_0.usuario left join rol r1_1 on r1_1.id=r1_0.rol left join usuario s1_0 on s1_0.id=e1_0.supervisor left join organizacion o2_0 on o2_0.id=s1_0.organizacion left join usuario_rol r2_0 on s1_0.id=r2_0.usuario left join rol r2_1 on r2_1.id=r2_0.rol where e1_0.id=?
Hibernate: select ed1_0.id,ed1_0.cantidad,ed1_0.envio,ed1_0.producto from envio_detalle ed1_0 where ed1_0.envio=?
Hibernate: select p1_0.id,p1_0.cantidad,p1_0.descripcion,p1_0.nombre,p1_0.unidad_medida from producto p1_0
Hibernate: select e1_0.id,e1_0.comentario_proveedor,e1_0.comentario_supervisor,e1_0.estado,e1_0.fecha_creacion,e1_0.fecha_entrega,e1_0.fecha_modificacion,e1_0.fecha_salida,e1_0.motorisata,p1_0.id,p1_0.apellido,p1_0.direccion,p1_0.email,p1_0.nombre,o1_0.id,o1_0.descripcion,o1_0.direccion,o1_0.email,o1_0.nombre,o1_0.telefono,p1_0.password,r1_0.usuario,r1_1.id,r1_1.descripcion,r1_1.nombre,p1_0.telefono,s1_0.id,s1_0.apellido,s1_0.direccion,s1_0.email,s1_0.nombre,o2_0.id,o2_0.descripcion,o2_0.direccion,o2_0.email,o2_0.nombre,o2_0.telefono,s1_0.password,r2_0.usuario,r2_1.id,r2_1.descripcion,r2_1.nombre,s1_0.telefono from envio e1_0 left join usuario p1_0 on p1_0.id=e1_0.proveedor left join organizacion o1_0 on o1_0.id=p1_0.organizacion left join usuario_rol r1_0 on p1_0.id=r1_0.usuario left join rol r1_1 on r1_1.id=r1_0.rol left join usuario s1_0 on s1_0.id=e1_0.supervisor left join organizacion o2_0 on o2_0.id=s1_0.organizacion left join usuario_rol r2_0 on s1_0.id=r2_0.usuario left join rol r2_1 on r2_1.id=r2_0.rol where e1_0.id=?
Hibernate: select ed1_0.id,ed1_0.cantidad,ed1_0.envio,ed1_0.producto from envio_detalle ed1_0 where ed1_0.envio=?
Hibernate: select p1_0.id,p1_0.cantidad,p1_0.descripcion,p1_0.nombre,p1_0.unidad_medida from producto p1_0
Hibernate: select e1_0.id,e1_0.comentario_proveedor,e1_0.comentario_supervisor,e1_0.estado,e1_0.fecha_creacion,e1_0.fecha_entrega,e1_0.fecha_modificacion,e1_0.fecha_salida,e1_0.motorisata,p1_0.id,p1_0.apellido,p1_0.direccion,p1_0.email,p1_0.nombre,o1_0.id,o1_0.descripcion,o1_0.direccion,o1_0.email,o1_0.nombre,o1_0.telefono,p1_0.password,r1_0.usuario,r1_1.id,r1_1.descripcion,r1_1.nombre,p1_0.telefono,s1_0.id,s1_0.apellido,s1_0.direccion,s1_0.email,s1_0.nombre,o2_0.id,o2_0.descripcion,o2_0.direccion,o2_0.email,o2_0.nombre,o2_0.telefono,s1_0.password,r2_0.usuario,r2_1.id,r2_1.descripcion,r2_1.nombre,s1_0.telefono from envio e1_0 left join usuario p1_0 on p1_0.id=e1_0.proveedor left join organizacion o1_0 on o1_0.id=p1_0.organizacion left join usuario_rol r1_0 on p1_0.id=r1_0.usuario left join rol r1_1 on r1_1.id=r1_0.rol left join usuario s1_0 on s1_0.id=e1_0.supervisor left join organizacion o2_0 on o2_0.id=s1_0.organizacion left join usuario_rol r2_0 on s1_0.id=r2_0.usuario left join rol r2_1 on r2_1.id=r2_0.rol where e1_0.id=?
Hibernate: select ed1_0.id,ed1_0.cantidad,ed1_0.envio,ed1_0.producto from envio_detalle ed1_0 where ed1_0.envio=?
Hibernate: select p1_0.id,p1_0.cantidad,p1_0.descripcion,p1_0.nombre,p1_0.unidad_medida from producto p1_0
Hibernate: select e1_0.id,e1_0.comentario_proveedor,e1_0.comentario_supervisor,e1_0.estado,e1_0.fecha_creacion,e1_0.fecha_entrega,e1_0.fecha_modificacion,e1_0.fecha_salida,e1_0.motorisata,p1_0.id,p1_0.apellido,p1_0.direccion,p1_0.email,p1_0.nombre,o1_0.id,o1_0.descripcion,o1_0.direccion,o1_0.email,o1_0.nombre,o1_0.telefono,p1_0.password,r1_0.usuario,r1_1.id,r1_1.descripcion,r1_1.nombre,p1_0.telefono,s1_0.id,s1_0.apellido,s1_0.direccion,s1_0.email,s1_0.nombre,o2_0.id,o2_0.descripcion,o2_0.direccion,o2_0.email,o2_0.nombre,o2_0.telefono,s1_0.password,r2_0.usuario,r2_1.id,r2_1.descripcion,r2_1.nombre,s1_0.telefono from envio e1_0 left join usuario p1_0 on p1_0.id=e1_0.proveedor left join organizacion o1_0 on o1_0.id=p1_0.organizacion left join usuario_rol r1_0 on p1_0.id=r1_0.usuario left join rol r1_1 on r1_1.id=r1_0.rol left join usuario s1_0 on s1_0.id=e1_0.supervisor left join organizacion o2_0 on o2_0.id=s1_0.organizacion left join usuario_rol r2_0 on s1_0.id=r2_0.usuario left join rol r2_1 on r2_1.id=r2_0.rol where e1_0.id=?
Hibernate: select ed1_0.id,ed1_0.cantidad,ed1_0.envio,ed1_0.producto from envio_detalle ed1_0 where ed1_0.envio=?
Hibernate: select p1_0.id,p1_0.cantidad,p1_0.descripcion,p1_0.nombre,p1_0.unidad_medida from producto p1_0
Hibernate: select e1_0.id,e1_0.comentario_proveedor,e1_0.comentario_supervisor,e1_0.estado,e1_0.fecha_creacion,e1_0.fecha_entrega,e1_0.fecha_modificacion,e1_0.fecha_salida,e1_0.motorisata,p1_0.id,p1_0.apellido,p1_0.direccion,p1_0.email,p1_0.nombre,o1_0.id,o1_0.descripcion,o1_0.direccion,o1_0.email,o1_0.nombre,o1_0.telefono,p1_0.password,r1_0.usuario,r1_1.id,r1_1.descripcion,r1_1.nombre,p1_0.telefono,s1_0.id,s1_0.apellido,s1_0.direccion,s1_0.email,s1_0.nombre,o2_0.id,o2_0.descripcion,o2_0.direccion,o2_0.email,o2_0.nombre,o2_0.telefono,s1_0.password,r2_0.usuario,r2_1.id,r2_1.descripcion,r2_1.nombre,s1_0.telefono from envio e1_0 left join usuario p1_0 on p1_0.id=e1_0.proveedor left join organizacion o1_0 on o1_0.id=p1_0.organizacion left join usuario_rol r1_0 on p1_0.id=r1_0.usuario left join rol r1_1 on r1_1.id=r1_0.rol left join usuario s1_0 on s1_0.id=e1_0.supervisor left join organizacion o2_0 on o2_0.id=s1_0.organizacion left join usuario_rol r2_0 on s1_0.id=r2_0.usuario left join rol r2_1 on r2_1.id=r2_0.rol where e1_0.id=?
Hibernate: select ed1_0.id,ed1_0.cantidad,ed1_0.envio,ed1_0.producto from envio_detalle ed1_0 where ed1_0.envio=?
Hibernate: select p1_0.id,p1_0.cantidad,p1_0.descripcion,p1_0.nombre,p1_0.unidad_medida from producto p1_0
Hibernate: select e1_0.id,e1_0.comentario_proveedor,e1_0.comentario_supervisor,e1_0.estado,e1_0.fecha_creacion,e1_0.fecha_entrega,e1_0.fecha_modificacion,e1_0.fecha_salida,e1_0.motorisata,p1_0.id,p1_0.apellido,p1_0.direccion,p1_0.email,p1_0.nombre,o1_0.id,o1_0.descripcion,o1_0.direccion,o1_0.email,o1_0.nombre,o1_0.telefono,p1_0.password,r1_0.usuario,r1_1.id,r1_1.descripcion,r1_1.nombre,p1_0.telefono,s1_0.id,s1_0.apellido,s1_0.direccion,s1_0.email,s1_0.nombre,o2_0.id,o2_0.descripcion,o2_0.direccion,o2_0.email,o2_0.nombre,o2_0.telefono,s1_0.password,r2_0.usuario,r2_1.id,r2_1.descripcion,r2_1.nombre,s1_0.telefono from envio e1_0 left join usuario p1_0 on p1_0.id=e1_0.proveedor left join organizacion o1_0 on o1_0.id=p1_0.organizacion left join usuario_rol r1_0 on p1_0.id=r1_0.usuario left join rol r1_1 on r1_1.id=r1_0.rol left join usuario s1_0 on s1_0.id=e1_0.supervisor left join organizacion o2_0 on o2_0.id=s1_0.organizacion left join usuario_rol r2_0 on s1_0.id=r2_0.usuario left join rol r2_1 on r2_1.id=r2_0.rol where e1_0.id=?
Hibernate: select ed1_0.id,ed1_0.cantidad,ed1_0.envio,ed1_0.producto from envio_detalle ed1_0 where ed1_0.envio=?
Hibernate: select p1_0.id,p1_0.cantidad,p1_0.descripcion,p1_0.nombre,p1_0.unidad_medida from producto p1_0
Hibernate: select e1_0.id,e1_0.comentario_proveedor,e1_0.comentario_supervisor,e1_0.estado,e1_0.fecha_creacion,e1_0.fecha_entrega,e1_0.fecha_modificacion,e1_0.fecha_salida,e1_0.motorisata,p1_0.id,p1_0.apellido,p1_0.direccion,p1_0.email,p1_0.nombre,o1_0.id,o1_0.descripcion,o1_0.direccion,o1_0.email,o1_0.nombre,o1_0.telefono,p1_0.password,r1_0.usuario,r1_1.id,r1_1.descripcion,r1_1.nombre,p1_0.telefono,s1_0.id,s1_0.apellido,s1_0.direccion,s1_0.email,s1_0.nombre,o2_0.id,o2_0.descripcion,o2_0.direccion,o2_0.email,o2_0.nombre,o2_0.telefono,s1_0.password,r2_0.usuario,r2_1.id,r2_1.descripcion,r2_1.nombre,s1_0.telefono from envio e1_0 left join usuario p1_0 on p1_0.id=e1_0.proveedor left join organizacion o1_0 on o1_0.id=p1_0.organizacion left join usuario_rol r1_0 on p1_0.id=r1_0.usuario left join rol r1_1 on r1_1.id=r1_0.rol left join usuario s1_0 on s1_0.id=e1_0.supervisor left join organizacion o2_0 on o2_0.id=s1_0.organizacion left join usuario_rol r2_0 on s1_0.id=r2_0.usuario left join rol r2_1 on r2_1.id=r2_0.rol where e1_0.id=?
Hibernate: select ed1_0.id,ed1_0.cantidad,ed1_0.envio,ed1_0.producto from envio_detalle ed1_0 where ed1_0.envio=?
Hibernate: select p1_0.id,p1_0.cantidad,p1_0.descripcion,p1_0.nombre,p1_0.unidad_medida from producto p1_0
Hibernate: select e1_0.id,e1_0.comentario_proveedor,e1_0.comentario_supervisor,e1_0.estado,e1_0.fecha_creacion,e1_0.fecha_entrega,e1_0.fecha_modificacion,e1_0.fecha_salida,e1_0.motorisata,p1_0.id,p1_0.apellido,p1_0.direccion,p1_0.email,p1_0.nombre,o1_0.id,o1_0.descripcion,o1_0.direccion,o1_0.email,o1_0.nombre,o1_0.telefono,p1_0.password,r1_0.usuario,r1_1.id,r1_1.descripcion,r1_1.nombre,p1_0.telefono,s1_0.id,s1_0.apellido,s1_0.direccion,s1_0.email,s1_0.nombre,o2_0.id,o2_0.descripcion,o2_0.direccion,o2_0.email,o2_0.nombre,o2_0.telefono,s1_0.password,r2_0.usuario,r2_1.id,r2_1.descripcion,r2_1.nombre,s1_0.telefono from envio e1_0 left join usuario p1_0 on p1_0.id=e1_0.proveedor left join organizacion o1_0 on o1_0.id=p1_0.organizacion left join usuario_rol r1_0 on p1_0.id=r1_0.usuario left join rol r1_1 on r1_1.id=r1_0.rol left join usuario s1_0 on s1_0.id=e1_0.supervisor left join organizacion o2_0 on o2_0.id=s1_0.organizacion left join usuario_rol r2_0 on s1_0.id=r2_0.usuario left join rol r2_1 on r2_1.id=r2_0.rol where e1_0.id=?
Hibernate: select ed1_0.id,ed1_0.cantidad,ed1_0.envio,ed1_0.producto from envio_detalle ed1_0 where ed1_0.envio=?
Hibernate: select u1_0.id,u1_0.apellido,u1_0.direccion,u1_0.email,u1_0.nombre,u1_0.organizacion,u1_0.password,u1_0.telefono from usuario u1_0 where u1_0.email=?
Hibernate: select o1_0.id,o1_0.descripcion,o1_0.direccion,o1_0.email,o1_0.nombre,o1_0.telefono from organizacion o1_0 where o1_0.id=?
Hibernate: select r1_0.usuario,r1_1.id,r1_1.descripcion,r1_1.nombre from usuario_rol r1_0 join rol r1_1 on r1_1.id=r1_0.rol where r1_0.usuario=?
Usuario encontrado: fernenri33@gmail.com
Hibernate: select e1_0.id,e1_0.comentario_proveedor,e1_0.comentario_supervisor,e1_0.estado,e1_0.fecha_creacion,e1_0.fecha_entrega,e1_0.fecha_modificacion,e1_0.fecha_salida,e1_0.motorisata,e1_0.proveedor,e1_0.supervisor from envio e1_0 where e1_0.proveedor=?
Hibernate: select p1_0.id,p1_0.cantidad,p1_0.descripcion,p1_0.nombre,p1_0.unidad_medida from producto p1_0
Hibernate: select e1_0.id,e1_0.comentario_proveedor,e1_0.comentario_supervisor,e1_0.estado,e1_0.fecha_creacion,e1_0.fecha_entrega,e1_0.fecha_modificacion,e1_0.fecha_salida,e1_0.motorisata,p1_0.id,p1_0.apellido,p1_0.direccion,p1_0.email,p1_0.nombre,o1_0.id,o1_0.descripcion,o1_0.direccion,o1_0.email,o1_0.nombre,o1_0.telefono,p1_0.password,r1_0.usuario,r1_1.id,r1_1.descripcion,r1_1.nombre,p1_0.telefono,s1_0.id,s1_0.apellido,s1_0.direccion,s1_0.email,s1_0.nombre,o2_0.id,o2_0.descripcion,o2_0.direccion,o2_0.email,o2_0.nombre,o2_0.telefono,s1_0.password,r2_0.usuario,r2_1.id,r2_1.descripcion,r2_1.nombre,s1_0.telefono from envio e1_0 left join usuario p1_0 on p1_0.id=e1_0.proveedor left join organizacion o1_0 on o1_0.id=p1_0.organizacion left join usuario_rol r1_0 on p1_0.id=r1_0.usuario left join rol r1_1 on r1_1.id=r1_0.rol left join usuario s1_0 on s1_0.id=e1_0.supervisor left join organizacion o2_0 on o2_0.id=s1_0.organizacion left join usuario_rol r2_0 on s1_0.id=r2_0.usuario left join rol r2_1 on r2_1.id=r2_0.rol where e1_0.id=?
Hibernate: select ed1_0.id,ed1_0.cantidad,ed1_0.envio,ed1_0.producto from envio_detalle ed1_0 where ed1_0.envio=?
Hibernate: select e1_0.id,e1_0.comentario_proveedor,e1_0.comentario_supervisor,e1_0.estado,e1_0.fecha_creacion,e1_0.fecha_entrega,e1_0.fecha_modificacion,e1_0.fecha_salida,e1_0.motorisata,e1_0.proveedor,e1_0.supervisor from envio e1_0
Hibernate: select u1_0.id,u1_0.apellido,u1_0.direccion,u1_0.email,u1_0.nombre,o1_0.id,o1_0.descripcion,o1_0.direccion,o1_0.email,o1_0.nombre,o1_0.telefono,u1_0.password,r1_0.usuario,r1_1.id,r1_1.descripcion,r1_1.nombre,u1_0.telefono from usuario u1_0 left join organizacion o1_0 on o1_0.id=u1_0.organizacion left join usuario_rol r1_0 on u1_0.id=r1_0.usuario left join rol r1_1 on r1_1.id=r1_0.rol where u1_0.id=?
Hibernate: select u1_0.id,u1_0.apellido,u1_0.direccion,u1_0.email,u1_0.nombre,o1_0.id,o1_0.descripcion,o1_0.direccion,o1_0.email,o1_0.nombre,o1_0.telefono,u1_0.password,r1_0.usuario,r1_1.id,r1_1.descripcion,r1_1.nombre,u1_0.telefono from usuario u1_0 left join organizacion o1_0 on o1_0.id=u1_0.organizacion left join usuario_rol r1_0 on u1_0.id=r1_0.usuario left join rol r1_1 on r1_1.id=r1_0.rol where u1_0.id=?
Hibernate: select u1_0.id,u1_0.apellido,u1_0.direccion,u1_0.email,u1_0.nombre,o1_0.id,o1_0.descripcion,o1_0.direccion,o1_0.email,o1_0.nombre,o1_0.telefono,u1_0.password,r1_0.usuario,r1_1.id,r1_1.descripcion,r1_1.nombre,u1_0.telefono from usuario u1_0 left join organizacion o1_0 on o1_0.id=u1_0.organizacion left join usuario_rol r1_0 on u1_0.id=r1_0.usuario left join rol r1_1 on r1_1.id=r1_0.rol where u1_0.id=?
Hibernate: select p1_0.id,p1_0.cantidad,p1_0.descripcion,p1_0.nombre,p1_0.unidad_medida from producto p1_0
Hibernate: select e1_0.id,e1_0.comentario_proveedor,e1_0.comentario_supervisor,e1_0.estado,e1_0.fecha_creacion,e1_0.fecha_entrega,e1_0.fecha_modificacion,e1_0.fecha_salida,e1_0.motorisata,p1_0.id,p1_0.apellido,p1_0.direccion,p1_0.email,p1_0.nombre,o1_0.id,o1_0.descripcion,o1_0.direccion,o1_0.email,o1_0.nombre,o1_0.telefono,p1_0.password,r1_0.usuario,r1_1.id,r1_1.descripcion,r1_1.nombre,p1_0.telefono,s1_0.id,s1_0.apellido,s1_0.direccion,s1_0.email,s1_0.nombre,o2_0.id,o2_0.descripcion,o2_0.direccion,o2_0.email,o2_0.nombre,o2_0.telefono,s1_0.password,r2_0.usuario,r2_1.id,r2_1.descripcion,r2_1.nombre,s1_0.telefono from envio e1_0 left join usuario p1_0 on p1_0.id=e1_0.proveedor left join organizacion o1_0 on o1_0.id=p1_0.organizacion left join usuario_rol r1_0 on p1_0.id=r1_0.usuario left join rol r1_1 on r1_1.id=r1_0.rol left join usuario s1_0 on s1_0.id=e1_0.supervisor left join organizacion o2_0 on o2_0.id=s1_0.organizacion left join usuario_rol r2_0 on s1_0.id=r2_0.usuario left join rol r2_1 on r2_1.id=r2_0.rol where e1_0.id=?
Hibernate: select ed1_0.id,ed1_0.cantidad,ed1_0.envio,ed1_0.producto from envio_detalle ed1_0 where ed1_0.envio=?
Hibernate: select e1_0.id,e1_0.comentario_proveedor,e1_0.comentario_supervisor,e1_0.estado,e1_0.fecha_creacion,e1_0.fecha_entrega,e1_0.fecha_modificacion,e1_0.fecha_salida,e1_0.motorisata,e1_0.proveedor,e1_0.supervisor from envio e1_0
Hibernate: select u1_0.id,u1_0.apellido,u1_0.direccion,u1_0.email,u1_0.nombre,o1_0.id,o1_0.descripcion,o1_0.direccion,o1_0.email,o1_0.nombre,o1_0.telefono,u1_0.password,r1_0.usuario,r1_1.id,r1_1.descripcion,r1_1.nombre,u1_0.telefono from usuario u1_0 left join organizacion o1_0 on o1_0.id=u1_0.organizacion left join usuario_rol r1_0 on u1_0.id=r1_0.usuario left join rol r1_1 on r1_1.id=r1_0.rol where u1_0.id=?
Hibernate: select u1_0.id,u1_0.apellido,u1_0.direccion,u1_0.email,u1_0.nombre,o1_0.id,o1_0.descripcion,o1_0.direccion,o1_0.email,o1_0.nombre,o1_0.telefono,u1_0.password,r1_0.usuario,r1_1.id,r1_1.descripcion,r1_1.nombre,u1_0.telefono from usuario u1_0 left join organizacion o1_0 on o1_0.id=u1_0.organizacion left join usuario_rol r1_0 on u1_0.id=r1_0.usuario left join rol r1_1 on r1_1.id=r1_0.rol where u1_0.id=?
Hibernate: select u1_0.id,u1_0.apellido,u1_0.direccion,u1_0.email,u1_0.nombre,o1_0.id,o1_0.descripcion,o1_0.direccion,o1_0.email,o1_0.nombre,o1_0.telefono,u1_0.password,r1_0.usuario,r1_1.id,r1_1.descripcion,r1_1.nombre,u1_0.telefono from usuario u1_0 left join organizacion o1_0 on o1_0.id=u1_0.organizacion left join usuario_rol r1_0 on u1_0.id=r1_0.usuario left join rol r1_1 on r1_1.id=r1_0.rol where u1_0.id=?
Hibernate: select p1_0.id,p1_0.cantidad,p1_0.descripcion,p1_0.nombre,p1_0.unidad_medida from producto p1_0
Hibernate: select e1_0.id,e1_0.comentario_proveedor,e1_0.comentario_supervisor,e1_0.estado,e1_0.fecha_creacion,e1_0.fecha_entrega,e1_0.fecha_modificacion,e1_0.fecha_salida,e1_0.motorisata,p1_0.id,p1_0.apellido,p1_0.direccion,p1_0.email,p1_0.nombre,o1_0.id,o1_0.descripcion,o1_0.direccion,o1_0.email,o1_0.nombre,o1_0.telefono,p1_0.password,r1_0.usuario,r1_1.id,r1_1.descripcion,r1_1.nombre,p1_0.telefono,s1_0.id,s1_0.apellido,s1_0.direccion,s1_0.email,s1_0.nombre,o2_0.id,o2_0.descripcion,o2_0.direccion,o2_0.email,o2_0.nombre,o2_0.telefono,s1_0.password,r2_0.usuario,r2_1.id,r2_1.descripcion,r2_1.nombre,s1_0.telefono from envio e1_0 left join usuario p1_0 on p1_0.id=e1_0.proveedor left join organizacion o1_0 on o1_0.id=p1_0.organizacion left join usuario_rol r1_0 on p1_0.id=r1_0.usuario left join rol r1_1 on r1_1.id=r1_0.rol left join usuario s1_0 on s1_0.id=e1_0.supervisor left join organizacion o2_0 on o2_0.id=s1_0.organizacion left join usuario_rol r2_0 on s1_0.id=r2_0.usuario left join rol r2_1 on r2_1.id=r2_0.rol where e1_0.id=?
Hibernate: select ed1_0.id,ed1_0.cantidad,ed1_0.envio,ed1_0.producto from envio_detalle ed1_0 where ed1_0.envio=?
Hibernate: select e1_0.id,e1_0.comentario_proveedor,e1_0.comentario_supervisor,e1_0.estado,e1_0.fecha_creacion,e1_0.fecha_entrega,e1_0.fecha_modificacion,e1_0.fecha_salida,e1_0.motorisata,e1_0.proveedor,e1_0.supervisor from envio e1_0
Hibernate: select u1_0.id,u1_0.apellido,u1_0.direccion,u1_0.email,u1_0.nombre,o1_0.id,o1_0.descripcion,o1_0.direccion,o1_0.email,o1_0.nombre,o1_0.telefono,u1_0.password,r1_0.usuario,r1_1.id,r1_1.descripcion,r1_1.nombre,u1_0.telefono from usuario u1_0 left join organizacion o1_0 on o1_0.id=u1_0.organizacion left join usuario_rol r1_0 on u1_0.id=r1_0.usuario left join rol r1_1 on r1_1.id=r1_0.rol where u1_0.id=?
Hibernate: select u1_0.id,u1_0.apellido,u1_0.direccion,u1_0.email,u1_0.nombre,o1_0.id,o1_0.descripcion,o1_0.direccion,o1_0.email,o1_0.nombre,o1_0.telefono,u1_0.password,r1_0.usuario,r1_1.id,r1_1.descripcion,r1_1.nombre,u1_0.telefono from usuario u1_0 left join organizacion o1_0 on o1_0.id=u1_0.organizacion left join usuario_rol r1_0 on u1_0.id=r1_0.usuario left join rol r1_1 on r1_1.id=r1_0.rol where u1_0.id=?
Hibernate: select u1_0.id,u1_0.apellido,u1_0.direccion,u1_0.email,u1_0.nombre,o1_0.id,o1_0.descripcion,o1_0.direccion,o1_0.email,o1_0.nombre,o1_0.telefono,u1_0.password,r1_0.usuario,r1_1.id,r1_1.descripcion,r1_1.nombre,u1_0.telefono from usuario u1_0 left join organizacion o1_0 on o1_0.id=u1_0.organizacion left join usuario_rol r1_0 on u1_0.id=r1_0.usuario left join rol r1_1 on r1_1.id=r1_0.rol where u1_0.id=?
Hibernate: select p1_0.id,p1_0.cantidad,p1_0.descripcion,p1_0.nombre,p1_0.unidad_medida from producto p1_0
Hibernate: select e1_0.id,e1_0.comentario_proveedor,e1_0.comentario_supervisor,e1_0.estado,e1_0.fecha_creacion,e1_0.fecha_entrega,e1_0.fecha_modificacion,e1_0.fecha_salida,e1_0.motorisata,p1_0.id,p1_0.apellido,p1_0.direccion,p1_0.email,p1_0.nombre,o1_0.id,o1_0.descripcion,o1_0.direccion,o1_0.email,o1_0.nombre,o1_0.telefono,p1_0.password,r1_0.usuario,r1_1.id,r1_1.descripcion,r1_1.nombre,p1_0.telefono,s1_0.id,s1_0.apellido,s1_0.direccion,s1_0.email,s1_0.nombre,o2_0.id,o2_0.descripcion,o2_0.direccion,o2_0.email,o2_0.nombre,o2_0.telefono,s1_0.password,r2_0.usuario,r2_1.id,r2_1.descripcion,r2_1.nombre,s1_0.telefono from envio e1_0 left join usuario p1_0 on p1_0.id=e1_0.proveedor left join organizacion o1_0 on o1_0.id=p1_0.organizacion left join usuario_rol r1_0 on p1_0.id=r1_0.usuario left join rol r1_1 on r1_1.id=r1_0.rol left join usuario s1_0 on s1_0.id=e1_0.supervisor left join organizacion o2_0 on o2_0.id=s1_0.organizacion left join usuario_rol r2_0 on s1_0.id=r2_0.usuario left join rol r2_1 on r2_1.id=r2_0.rol where e1_0.id=?
Hibernate: select ed1_0.id,ed1_0.cantidad,ed1_0.envio,ed1_0.producto from envio_detalle ed1_0 where ed1_0.envio=?
Hibernate: select p1_0.id,p1_0.cantidad,p1_0.descripcion,p1_0.nombre,p1_0.unidad_medida from producto p1_0
Hibernate: select e1_0.id,e1_0.comentario_proveedor,e1_0.comentario_supervisor,e1_0.estado,e1_0.fecha_creacion,e1_0.fecha_entrega,e1_0.fecha_modificacion,e1_0.fecha_salida,e1_0.motorisata,p1_0.id,p1_0.apellido,p1_0.direccion,p1_0.email,p1_0.nombre,o1_0.id,o1_0.descripcion,o1_0.direccion,o1_0.email,o1_0.nombre,o1_0.telefono,p1_0.password,r1_0.usuario,r1_1.id,r1_1.descripcion,r1_1.nombre,p1_0.telefono,s1_0.id,s1_0.apellido,s1_0.direccion,s1_0.email,s1_0.nombre,o2_0.id,o2_0.descripcion,o2_0.direccion,o2_0.email,o2_0.nombre,o2_0.telefono,s1_0.password,r2_0.usuario,r2_1.id,r2_1.descripcion,r2_1.nombre,s1_0.telefono from envio e1_0 left join usuario p1_0 on p1_0.id=e1_0.proveedor left join organizacion o1_0 on o1_0.id=p1_0.organizacion left join usuario_rol r1_0 on p1_0.id=r1_0.usuario left join rol r1_1 on r1_1.id=r1_0.rol left join usuario s1_0 on s1_0.id=e1_0.supervisor left join organizacion o2_0 on o2_0.id=s1_0.organizacion left join usuario_rol r2_0 on s1_0.id=r2_0.usuario left join rol r2_1 on r2_1.id=r2_0.rol where e1_0.id=?
Hibernate: select ed1_0.id,ed1_0.cantidad,ed1_0.envio,ed1_0.producto from envio_detalle ed1_0 where ed1_0.envio=?
Hibernate: select p1_0.id,p1_0.cantidad,p1_0.descripcion,p1_0.nombre,p1_0.unidad_medida from producto p1_0
Hibernate: select e1_0.id,e1_0.comentario_proveedor,e1_0.comentario_supervisor,e1_0.estado,e1_0.fecha_creacion,e1_0.fecha_entrega,e1_0.fecha_modificacion,e1_0.fecha_salida,e1_0.motorisata,p1_0.id,p1_0.apellido,p1_0.direccion,p1_0.email,p1_0.nombre,o1_0.id,o1_0.descripcion,o1_0.direccion,o1_0.email,o1_0.nombre,o1_0.telefono,p1_0.password,r1_0.usuario,r1_1.id,r1_1.descripcion,r1_1.nombre,p1_0.telefono,s1_0.id,s1_0.apellido,s1_0.direccion,s1_0.email,s1_0.nombre,o2_0.id,o2_0.descripcion,o2_0.direccion,o2_0.email,o2_0.nombre,o2_0.telefono,s1_0.password,r2_0.usuario,r2_1.id,r2_1.descripcion,r2_1.nombre,s1_0.telefono from envio e1_0 left join usuario p1_0 on p1_0.id=e1_0.proveedor left join organizacion o1_0 on o1_0.id=p1_0.organizacion left join usuario_rol r1_0 on p1_0.id=r1_0.usuario left join rol r1_1 on r1_1.id=r1_0.rol left join usuario s1_0 on s1_0.id=e1_0.supervisor left join organizacion o2_0 on o2_0.id=s1_0.organizacion left join usuario_rol r2_0 on s1_0.id=r2_0.usuario left join rol r2_1 on r2_1.id=r2_0.rol where e1_0.id=?
Hibernate: select ed1_0.id,ed1_0.cantidad,ed1_0.envio,ed1_0.producto from envio_detalle ed1_0 where ed1_0.envio=?
Hibernate: select p1_0.id,p1_0.cantidad,p1_0.descripcion,p1_0.nombre,p1_0.unidad_medida from producto p1_0
Hibernate: select e1_0.id,e1_0.comentario_proveedor,e1_0.comentario_supervisor,e1_0.estado,e1_0.fecha_creacion,e1_0.fecha_entrega,e1_0.fecha_modificacion,e1_0.fecha_salida,e1_0.motorisata,p1_0.id,p1_0.apellido,p1_0.direccion,p1_0.email,p1_0.nombre,o1_0.id,o1_0.descripcion,o1_0.direccion,o1_0.email,o1_0.nombre,o1_0.telefono,p1_0.password,r1_0.usuario,r1_1.id,r1_1.descripcion,r1_1.nombre,p1_0.telefono,s1_0.id,s1_0.apellido,s1_0.direccion,s1_0.email,s1_0.nombre,o2_0.id,o2_0.descripcion,o2_0.direccion,o2_0.email,o2_0.nombre,o2_0.telefono,s1_0.password,r2_0.usuario,r2_1.id,r2_1.descripcion,r2_1.nombre,s1_0.telefono from envio e1_0 left join usuario p1_0 on p1_0.id=e1_0.proveedor left join organizacion o1_0 on o1_0.id=p1_0.organizacion left join usuario_rol r1_0 on p1_0.id=r1_0.usuario left join rol r1_1 on r1_1.id=r1_0.rol left join usuario s1_0 on s1_0.id=e1_0.supervisor left join organizacion o2_0 on o2_0.id=s1_0.organizacion left join usuario_rol r2_0 on s1_0.id=r2_0.usuario left join rol r2_1 on r2_1.id=r2_0.rol where e1_0.id=?
Hibernate: select ed1_0.id,ed1_0.cantidad,ed1_0.envio,ed1_0.producto from envio_detalle ed1_0 where ed1_0.envio=?
Hibernate: select p1_0.id,p1_0.cantidad,p1_0.descripcion,p1_0.nombre,p1_0.unidad_medida from producto p1_0
Hibernate: select e1_0.id,e1_0.comentario_proveedor,e1_0.comentario_supervisor,e1_0.estado,e1_0.fecha_creacion,e1_0.fecha_entrega,e1_0.fecha_modificacion,e1_0.fecha_salida,e1_0.motorisata,p1_0.id,p1_0.apellido,p1_0.direccion,p1_0.email,p1_0.nombre,o1_0.id,o1_0.descripcion,o1_0.direccion,o1_0.email,o1_0.nombre,o1_0.telefono,p1_0.password,r1_0.usuario,r1_1.id,r1_1.descripcion,r1_1.nombre,p1_0.telefono,s1_0.id,s1_0.apellido,s1_0.direccion,s1_0.email,s1_0.nombre,o2_0.id,o2_0.descripcion,o2_0.direccion,o2_0.email,o2_0.nombre,o2_0.telefono,s1_0.password,r2_0.usuario,r2_1.id,r2_1.descripcion,r2_1.nombre,s1_0.telefono from envio e1_0 left join usuario p1_0 on p1_0.id=e1_0.proveedor left join organizacion o1_0 on o1_0.id=p1_0.organizacion left join usuario_rol r1_0 on p1_0.id=r1_0.usuario left join rol r1_1 on r1_1.id=r1_0.rol left join usuario s1_0 on s1_0.id=e1_0.supervisor left join organizacion o2_0 on o2_0.id=s1_0.organizacion left join usuario_rol r2_0 on s1_0.id=r2_0.usuario left join rol r2_1 on r2_1.id=r2_0.rol where e1_0.id=?
Hibernate: select ed1_0.id,ed1_0.cantidad,ed1_0.envio,ed1_0.producto from envio_detalle ed1_0 where ed1_0.envio=?
Hibernate: select p1_0.id,p1_0.cantidad,p1_0.descripcion,p1_0.nombre,p1_0.unidad_medida from producto p1_0
Hibernate: select e1_0.id,e1_0.comentario_proveedor,e1_0.comentario_supervisor,e1_0.estado,e1_0.fecha_creacion,e1_0.fecha_entrega,e1_0.fecha_modificacion,e1_0.fecha_salida,e1_0.motorisata,p1_0.id,p1_0.apellido,p1_0.direccion,p1_0.email,p1_0.nombre,o1_0.id,o1_0.descripcion,o1_0.direccion,o1_0.email,o1_0.nombre,o1_0.telefono,p1_0.password,r1_0.usuario,r1_1.id,r1_1.descripcion,r1_1.nombre,p1_0.telefono,s1_0.id,s1_0.apellido,s1_0.direccion,s1_0.email,s1_0.nombre,o2_0.id,o2_0.descripcion,o2_0.direccion,o2_0.email,o2_0.nombre,o2_0.telefono,s1_0.password,r2_0.usuario,r2_1.id,r2_1.descripcion,r2_1.nombre,s1_0.telefono from envio e1_0 left join usuario p1_0 on p1_0.id=e1_0.proveedor left join organizacion o1_0 on o1_0.id=p1_0.organizacion left join usuario_rol r1_0 on p1_0.id=r1_0.usuario left join rol r1_1 on r1_1.id=r1_0.rol left join usuario s1_0 on s1_0.id=e1_0.supervisor left join organizacion o2_0 on o2_0.id=s1_0.organizacion left join usuario_rol r2_0 on s1_0.id=r2_0.usuario left join rol r2_1 on r2_1.id=r2_0.rol where e1_0.id=?
Hibernate: select ed1_0.id,ed1_0.cantidad,ed1_0.envio,ed1_0.producto from envio_detalle ed1_0 where ed1_0.envio=?
Hibernate: select p1_0.id,p1_0.cantidad,p1_0.descripcion,p1_0.nombre,p1_0.unidad_medida from producto p1_0
Hibernate: select e1_0.id,e1_0.comentario_proveedor,e1_0.comentario_supervisor,e1_0.estado,e1_0.fecha_creacion,e1_0.fecha_entrega,e1_0.fecha_modificacion,e1_0.fecha_salida,e1_0.motorisata,p1_0.id,p1_0.apellido,p1_0.direccion,p1_0.email,p1_0.nombre,o1_0.id,o1_0.descripcion,o1_0.direccion,o1_0.email,o1_0.nombre,o1_0.telefono,p1_0.password,r1_0.usuario,r1_1.id,r1_1.descripcion,r1_1.nombre,p1_0.telefono,s1_0.id,s1_0.apellido,s1_0.direccion,s1_0.email,s1_0.nombre,o2_0.id,o2_0.descripcion,o2_0.direccion,o2_0.email,o2_0.nombre,o2_0.telefono,s1_0.password,r2_0.usuario,r2_1.id,r2_1.descripcion,r2_1.nombre,s1_0.telefono from envio e1_0 left join usuario p1_0 on p1_0.id=e1_0.proveedor left join organizacion o1_0 on o1_0.id=p1_0.organizacion left join usuario_rol r1_0 on p1_0.id=r1_0.usuario left join rol r1_1 on r1_1.id=r1_0.rol left join usuario s1_0 on s1_0.id=e1_0.supervisor left join organizacion o2_0 on o2_0.id=s1_0.organizacion left join usuario_rol r2_0 on s1_0.id=r2_0.usuario left join rol r2_1 on r2_1.id=r2_0.rol where e1_0.id=?
Hibernate: select ed1_0.id,ed1_0.cantidad,ed1_0.envio,ed1_0.producto from envio_detalle ed1_0 where ed1_0.envio=?
Hibernate: select p1_0.id,p1_0.cantidad,p1_0.descripcion,p1_0.nombre,p1_0.unidad_medida from producto p1_0
Hibernate: select e1_0.id,e1_0.comentario_proveedor,e1_0.comentario_supervisor,e1_0.estado,e1_0.fecha_creacion,e1_0.fecha_entrega,e1_0.fecha_modificacion,e1_0.fecha_salida,e1_0.motorisata,p1_0.id,p1_0.apellido,p1_0.direccion,p1_0.email,p1_0.nombre,o1_0.id,o1_0.descripcion,o1_0.direccion,o1_0.email,o1_0.nombre,o1_0.telefono,p1_0.password,r1_0.usuario,r1_1.id,r1_1.descripcion,r1_1.nombre,p1_0.telefono,s1_0.id,s1_0.apellido,s1_0.direccion,s1_0.email,s1_0.nombre,o2_0.id,o2_0.descripcion,o2_0.direccion,o2_0.email,o2_0.nombre,o2_0.telefono,s1_0.password,r2_0.usuario,r2_1.id,r2_1.descripcion,r2_1.nombre,s1_0.telefono from envio e1_0 left join usuario p1_0 on p1_0.id=e1_0.proveedor left join organizacion o1_0 on o1_0.id=p1_0.organizacion left join usuario_rol r1_0 on p1_0.id=r1_0.usuario left join rol r1_1 on r1_1.id=r1_0.rol left join usuario s1_0 on s1_0.id=e1_0.supervisor left join organizacion o2_0 on o2_0.id=s1_0.organizacion left join usuario_rol r2_0 on s1_0.id=r2_0.usuario left join rol r2_1 on r2_1.id=r2_0.rol where e1_0.id=?
Hibernate: select ed1_0.id,ed1_0.cantidad,ed1_0.envio,ed1_0.producto from envio_detalle ed1_0 where ed1_0.envio=?
Hibernate: select p1_0.id,p1_0.cantidad,p1_0.descripcion,p1_0.nombre,p1_0.unidad_medida from producto p1_0
Hibernate: select e1_0.id,e1_0.comentario_proveedor,e1_0.comentario_supervisor,e1_0.estado,e1_0.fecha_creacion,e1_0.fecha_entrega,e1_0.fecha_modificacion,e1_0.fecha_salida,e1_0.motorisata,p1_0.id,p1_0.apellido,p1_0.direccion,p1_0.email,p1_0.nombre,o1_0.id,o1_0.descripcion,o1_0.direccion,o1_0.email,o1_0.nombre,o1_0.telefono,p1_0.password,r1_0.usuario,r1_1.id,r1_1.descripcion,r1_1.nombre,p1_0.telefono,s1_0.id,s1_0.apellido,s1_0.direccion,s1_0.email,s1_0.nombre,o2_0.id,o2_0.descripcion,o2_0.direccion,o2_0.email,o2_0.nombre,o2_0.telefono,s1_0.password,r2_0.usuario,r2_1.id,r2_1.descripcion,r2_1.nombre,s1_0.telefono from envio e1_0 left join usuario p1_0 on p1_0.id=e1_0.proveedor left join organizacion o1_0 on o1_0.id=p1_0.organizacion left join usuario_rol r1_0 on p1_0.id=r1_0.usuario left join rol r1_1 on r1_1.id=r1_0.rol left join usuario s1_0 on s1_0.id=e1_0.supervisor left join organizacion o2_0 on o2_0.id=s1_0.organizacion left join usuario_rol r2_0 on s1_0.id=r2_0.usuario left join rol r2_1 on r2_1.id=r2_0.rol where e1_0.id=?
Hibernate: select ed1_0.id,ed1_0.cantidad,ed1_0.envio,ed1_0.producto from envio_detalle ed1_0 where ed1_0.envio=?
Hibernate: select p1_0.id,p1_0.cantidad,p1_0.descripcion,p1_0.nombre,p1_0.unidad_medida from producto p1_0
Hibernate: select e1_0.id,e1_0.comentario_proveedor,e1_0.comentario_supervisor,e1_0.estado,e1_0.fecha_creacion,e1_0.fecha_entrega,e1_0.fecha_modificacion,e1_0.fecha_salida,e1_0.motorisata,p1_0.id,p1_0.apellido,p1_0.direccion,p1_0.email,p1_0.nombre,o1_0.id,o1_0.descripcion,o1_0.direccion,o1_0.email,o1_0.nombre,o1_0.telefono,p1_0.password,r1_0.usuario,r1_1.id,r1_1.descripcion,r1_1.nombre,p1_0.telefono,s1_0.id,s1_0.apellido,s1_0.direccion,s1_0.email,s1_0.nombre,o2_0.id,o2_0.descripcion,o2_0.direccion,o2_0.email,o2_0.nombre,o2_0.telefono,s1_0.password,r2_0.usuario,r2_1.id,r2_1.descripcion,r2_1.nombre,s1_0.telefono from envio e1_0 left join usuario p1_0 on p1_0.id=e1_0.proveedor left join organizacion o1_0 on o1_0.id=p1_0.organizacion left join usuario_rol r1_0 on p1_0.id=r1_0.usuario left join rol r1_1 on r1_1.id=r1_0.rol left join usuario s1_0 on s1_0.id=e1_0.supervisor left join organizacion o2_0 on o2_0.id=s1_0.organizacion left join usuario_rol r2_0 on s1_0.id=r2_0.usuario left join rol r2_1 on r2_1.id=r2_0.rol where e1_0.id=?
Hibernate: select ed1_0.id,ed1_0.cantidad,ed1_0.envio,ed1_0.producto from envio_detalle ed1_0 where ed1_0.envio=?
Hibernate: select p1_0.id,p1_0.cantidad,p1_0.descripcion,p1_0.nombre,p1_0.unidad_medida from producto p1_0
Hibernate: select e1_0.id,e1_0.comentario_proveedor,e1_0.comentario_supervisor,e1_0.estado,e1_0.fecha_creacion,e1_0.fecha_entrega,e1_0.fecha_modificacion,e1_0.fecha_salida,e1_0.motorisata,p1_0.id,p1_0.apellido,p1_0.direccion,p1_0.email,p1_0.nombre,o1_0.id,o1_0.descripcion,o1_0.direccion,o1_0.email,o1_0.nombre,o1_0.telefono,p1_0.password,r1_0.usuario,r1_1.id,r1_1.descripcion,r1_1.nombre,p1_0.telefono,s1_0.id,s1_0.apellido,s1_0.direccion,s1_0.email,s1_0.nombre,o2_0.id,o2_0.descripcion,o2_0.direccion,o2_0.email,o2_0.nombre,o2_0.telefono,s1_0.password,r2_0.usuario,r2_1.id,r2_1.descripcion,r2_1.nombre,s1_0.telefono from envio e1_0 left join usuario p1_0 on p1_0.id=e1_0.proveedor left join organizacion o1_0 on o1_0.id=p1_0.organizacion left join usuario_rol r1_0 on p1_0.id=r1_0.usuario left join rol r1_1 on r1_1.id=r1_0.rol left join usuario s1_0 on s1_0.id=e1_0.supervisor left join organizacion o2_0 on o2_0.id=s1_0.organizacion left join usuario_rol r2_0 on s1_0.id=r2_0.usuario left join rol r2_1 on r2_1.id=r2_0.rol where e1_0.id=?
Hibernate: select ed1_0.id,ed1_0.cantidad,ed1_0.envio,ed1_0.producto from envio_detalle ed1_0 where ed1_0.envio=?
Hibernate: select p1_0.id,p1_0.cantidad,p1_0.descripcion,p1_0.nombre,p1_0.unidad_medida from producto p1_0
Hibernate: select e1_0.id,e1_0.comentario_proveedor,e1_0.comentario_supervisor,e1_0.estado,e1_0.fecha_creacion,e1_0.fecha_entrega,e1_0.fecha_modificacion,e1_0.fecha_salida,e1_0.motorisata,p1_0.id,p1_0.apellido,p1_0.direccion,p1_0.email,p1_0.nombre,o1_0.id,o1_0.descripcion,o1_0.direccion,o1_0.email,o1_0.nombre,o1_0.telefono,p1_0.password,r1_0.usuario,r1_1.id,r1_1.descripcion,r1_1.nombre,p1_0.telefono,s1_0.id,s1_0.apellido,s1_0.direccion,s1_0.email,s1_0.nombre,o2_0.id,o2_0.descripcion,o2_0.direccion,o2_0.email,o2_0.nombre,o2_0.telefono,s1_0.password,r2_0.usuario,r2_1.id,r2_1.descripcion,r2_1.nombre,s1_0.telefono from envio e1_0 left join usuario p1_0 on p1_0.id=e1_0.proveedor left join organizacion o1_0 on o1_0.id=p1_0.organizacion left join usuario_rol r1_0 on p1_0.id=r1_0.usuario left join rol r1_1 on r1_1.id=r1_0.rol left join usuario s1_0 on s1_0.id=e1_0.supervisor left join organizacion o2_0 on o2_0.id=s1_0.organizacion left join usuario_rol r2_0 on s1_0.id=r2_0.usuario left join rol r2_1 on r2_1.id=r2_0.rol where e1_0.id=?
Hibernate: select ed1_0.id,ed1_0.cantidad,ed1_0.envio,ed1_0.producto from envio_detalle ed1_0 where ed1_0.envio=?
Hibernate: select p1_0.id,p1_0.cantidad,p1_0.descripcion,p1_0.nombre,p1_0.unidad_medida from producto p1_0
Hibernate: select e1_0.id,e1_0.comentario_proveedor,e1_0.comentario_supervisor,e1_0.estado,e1_0.fecha_creacion,e1_0.fecha_entrega,e1_0.fecha_modificacion,e1_0.fecha_salida,e1_0.motorisata,p1_0.id,p1_0.apellido,p1_0.direccion,p1_0.email,p1_0.nombre,o1_0.id,o1_0.descripcion,o1_0.direccion,o1_0.email,o1_0.nombre,o1_0.telefono,p1_0.password,r1_0.usuario,r1_1.id,r1_1.descripcion,r1_1.nombre,p1_0.telefono,s1_0.id,s1_0.apellido,s1_0.direccion,s1_0.email,s1_0.nombre,o2_0.id,o2_0.descripcion,o2_0.direccion,o2_0.email,o2_0.nombre,o2_0.telefono,s1_0.password,r2_0.usuario,r2_1.id,r2_1.descripcion,r2_1.nombre,s1_0.telefono from envio e1_0 left join usuario p1_0 on p1_0.id=e1_0.proveedor left join organizacion o1_0 on o1_0.id=p1_0.organizacion left join usuario_rol r1_0 on p1_0.id=r1_0.usuario left join rol r1_1 on r1_1.id=r1_0.rol left join usuario s1_0 on s1_0.id=e1_0.supervisor left join organizacion o2_0 on o2_0.id=s1_0.organizacion left join usuario_rol r2_0 on s1_0.id=r2_0.usuario left join rol r2_1 on r2_1.id=r2_0.rol where e1_0.id=?
Hibernate: select ed1_0.id,ed1_0.cantidad,ed1_0.envio,ed1_0.producto from envio_detalle ed1_0 where ed1_0.envio=?
Hibernate: select p1_0.id,p1_0.cantidad,p1_0.descripcion,p1_0.nombre,p1_0.unidad_medida from producto p1_0
Hibernate: select e1_0.id,e1_0.comentario_proveedor,e1_0.comentario_supervisor,e1_0.estado,e1_0.fecha_creacion,e1_0.fecha_entrega,e1_0.fecha_modificacion,e1_0.fecha_salida,e1_0.motorisata,p1_0.id,p1_0.apellido,p1_0.direccion,p1_0.email,p1_0.nombre,o1_0.id,o1_0.descripcion,o1_0.direccion,o1_0.email,o1_0.nombre,o1_0.telefono,p1_0.password,r1_0.usuario,r1_1.id,r1_1.descripcion,r1_1.nombre,p1_0.telefono,s1_0.id,s1_0.apellido,s1_0.direccion,s1_0.email,s1_0.nombre,o2_0.id,o2_0.descripcion,o2_0.direccion,o2_0.email,o2_0.nombre,o2_0.telefono,s1_0.password,r2_0.usuario,r2_1.id,r2_1.descripcion,r2_1.nombre,s1_0.telefono from envio e1_0 left join usuario p1_0 on p1_0.id=e1_0.proveedor left join organizacion o1_0 on o1_0.id=p1_0.organizacion left join usuario_rol r1_0 on p1_0.id=r1_0.usuario left join rol r1_1 on r1_1.id=r1_0.rol left join usuario s1_0 on s1_0.id=e1_0.supervisor left join organizacion o2_0 on o2_0.id=s1_0.organizacion left join usuario_rol r2_0 on s1_0.id=r2_0.usuario left join rol r2_1 on r2_1.id=r2_0.rol where e1_0.id=?
Hibernate: select ed1_0.id,ed1_0.cantidad,ed1_0.envio,ed1_0.producto from envio_detalle ed1_0 where ed1_0.envio=?
Hibernate: select p1_0.id,p1_0.cantidad,p1_0.descripcion,p1_0.nombre,p1_0.unidad_medida from producto p1_0
Hibernate: select e1_0.id,e1_0.comentario_proveedor,e1_0.comentario_supervisor,e1_0.estado,e1_0.fecha_creacion,e1_0.fecha_entrega,e1_0.fecha_modificacion,e1_0.fecha_salida,e1_0.motorisata,p1_0.id,p1_0.apellido,p1_0.direccion,p1_0.email,p1_0.nombre,o1_0.id,o1_0.descripcion,o1_0.direccion,o1_0.email,o1_0.nombre,o1_0.telefono,p1_0.password,r1_0.usuario,r1_1.id,r1_1.descripcion,r1_1.nombre,p1_0.telefono,s1_0.id,s1_0.apellido,s1_0.direccion,s1_0.email,s1_0.nombre,o2_0.id,o2_0.descripcion,o2_0.direccion,o2_0.email,o2_0.nombre,o2_0.telefono,s1_0.password,r2_0.usuario,r2_1.id,r2_1.descripcion,r2_1.nombre,s1_0.telefono from envio e1_0 left join usuario p1_0 on p1_0.id=e1_0.proveedor left join organizacion o1_0 on o1_0.id=p1_0.organizacion left join usuario_rol r1_0 on p1_0.id=r1_0.usuario left join rol r1_1 on r1_1.id=r1_0.rol left join usuario s1_0 on s1_0.id=e1_0.supervisor left join organizacion o2_0 on o2_0.id=s1_0.organizacion left join usuario_rol r2_0 on s1_0.id=r2_0.usuario left join rol r2_1 on r2_1.id=r2_0.rol where e1_0.id=?
Hibernate: select ed1_0.id,ed1_0.cantidad,ed1_0.envio,ed1_0.producto from envio_detalle ed1_0 where ed1_0.envio=?
Hibernate: insert into envio_detalle (cantidad,envio,producto) values (?,?,?)
Hibernate: select e1_0.id,e1_0.comentario_proveedor,e1_0.comentario_supervisor,e1_0.estado,e1_0.fecha_creacion,e1_0.fecha_entrega,e1_0.fecha_modificacion,e1_0.fecha_salida,e1_0.motorisata,p1_0.id,p1_0.apellido,p1_0.direccion,p1_0.email,p1_0.nombre,o1_0.id,o1_0.descripcion,o1_0.direccion,o1_0.email,o1_0.nombre,o1_0.telefono,p1_0.password,r1_0.usuario,r1_1.id,r1_1.descripcion,r1_1.nombre,p1_0.telefono,s1_0.id,s1_0.apellido,s1_0.direccion,s1_0.email,s1_0.nombre,o2_0.id,o2_0.descripcion,o2_0.direccion,o2_0.email,o2_0.nombre,o2_0.telefono,s1_0.password,r2_0.usuario,r2_1.id,r2_1.descripcion,r2_1.nombre,s1_0.telefono from envio e1_0 left join usuario p1_0 on p1_0.id=e1_0.proveedor left join organizacion o1_0 on o1_0.id=p1_0.organizacion left join usuario_rol r1_0 on p1_0.id=r1_0.usuario left join rol r1_1 on r1_1.id=r1_0.rol left join usuario s1_0 on s1_0.id=e1_0.supervisor left join organizacion o2_0 on o2_0.id=s1_0.organizacion left join usuario_rol r2_0 on s1_0.id=r2_0.usuario left join rol r2_1 on r2_1.id=r2_0.rol where e1_0.id=?
Hibernate: select ed1_0.id,ed1_0.cantidad,ed1_0.envio,ed1_0.producto from envio_detalle ed1_0 where ed1_0.envio=?
Hibernate: select p1_0.id,p1_0.cantidad,p1_0.descripcion,p1_0.nombre,p1_0.unidad_medida from producto p1_0 where p1_0.id=?
Hibernate: select p1_0.id,p1_0.cantidad,p1_0.descripcion,p1_0.nombre,p1_0.unidad_medida from producto p1_0
Hibernate: select e1_0.id,e1_0.comentario_proveedor,e1_0.comentario_supervisor,e1_0.estado,e1_0.fecha_creacion,e1_0.fecha_entrega,e1_0.fecha_modificacion,e1_0.fecha_salida,e1_0.motorisata,p1_0.id,p1_0.apellido,p1_0.direccion,p1_0.email,p1_0.nombre,o1_0.id,o1_0.descripcion,o1_0.direccion,o1_0.email,o1_0.nombre,o1_0.telefono,p1_0.password,r1_0.usuario,r1_1.id,r1_1.descripcion,r1_1.nombre,p1_0.telefono,s1_0.id,s1_0.apellido,s1_0.direccion,s1_0.email,s1_0.nombre,o2_0.id,o2_0.descripcion,o2_0.direccion,o2_0.email,o2_0.nombre,o2_0.telefono,s1_0.password,r2_0.usuario,r2_1.id,r2_1.descripcion,r2_1.nombre,s1_0.telefono from envio e1_0 left join usuario p1_0 on p1_0.id=e1_0.proveedor left join organizacion o1_0 on o1_0.id=p1_0.organizacion left join usuario_rol r1_0 on p1_0.id=r1_0.usuario left join rol r1_1 on r1_1.id=r1_0.rol left join usuario s1_0 on s1_0.id=e1_0.supervisor left join organizacion o2_0 on o2_0.id=s1_0.organizacion left join usuario_rol r2_0 on s1_0.id=r2_0.usuario left join rol r2_1 on r2_1.id=r2_0.rol where e1_0.id=?
Hibernate: select ed1_0.id,ed1_0.cantidad,ed1_0.envio,ed1_0.producto from envio_detalle ed1_0 where ed1_0.envio=?
Hibernate: select p1_0.id,p1_0.cantidad,p1_0.descripcion,p1_0.nombre,p1_0.unidad_medida from producto p1_0 where p1_0.id=?
Hibernate: select p1_0.id,p1_0.cantidad,p1_0.descripcion,p1_0.nombre,p1_0.unidad_medida from producto p1_0
Hibernate: select p1_0.id,p1_0.cantidad,p1_0.descripcion,p1_0.nombre,p1_0.unidad_medida from producto p1_0
Hibernate: select e1_0.id,e1_0.comentario_proveedor,e1_0.comentario_supervisor,e1_0.estado,e1_0.fecha_creacion,e1_0.fecha_entrega,e1_0.fecha_modificacion,e1_0.fecha_salida,e1_0.motorisata,p1_0.id,p1_0.apellido,p1_0.direccion,p1_0.email,p1_0.nombre,o1_0.id,o1_0.descripcion,o1_0.direccion,o1_0.email,o1_0.nombre,o1_0.telefono,p1_0.password,r1_0.usuario,r1_1.id,r1_1.descripcion,r1_1.nombre,p1_0.telefono,s1_0.id,s1_0.apellido,s1_0.direccion,s1_0.email,s1_0.nombre,o2_0.id,o2_0.descripcion,o2_0.direccion,o2_0.email,o2_0.nombre,o2_0.telefono,s1_0.password,r2_0.usuario,r2_1.id,r2_1.descripcion,r2_1.nombre,s1_0.telefono from envio e1_0 left join usuario p1_0 on p1_0.id=e1_0.proveedor left join organizacion o1_0 on o1_0.id=p1_0.organizacion left join usuario_rol r1_0 on p1_0.id=r1_0.usuario left join rol r1_1 on r1_1.id=r1_0.rol left join usuario s1_0 on s1_0.id=e1_0.supervisor left join organizacion o2_0 on o2_0.id=s1_0.organizacion left join usuario_rol r2_0 on s1_0.id=r2_0.usuario left join rol r2_1 on r2_1.id=r2_0.rol where e1_0.id=?
Hibernate: select ed1_0.id,ed1_0.cantidad,ed1_0.envio,ed1_0.producto from envio_detalle ed1_0 where ed1_0.envio=?
Hibernate: select p1_0.id,p1_0.cantidad,p1_0.descripcion,p1_0.nombre,p1_0.unidad_medida from producto p1_0 where p1_0.id=?
Hibernate: select e1_0.id,e1_0.comentario_proveedor,e1_0.comentario_supervisor,e1_0.estado,e1_0.fecha_creacion,e1_0.fecha_entrega,e1_0.fecha_modificacion,e1_0.fecha_salida,e1_0.motorisata,p1_0.id,p1_0.apellido,p1_0.direccion,p1_0.email,p1_0.nombre,o1_0.id,o1_0.descripcion,o1_0.direccion,o1_0.email,o1_0.nombre,o1_0.telefono,p1_0.password,r1_0.usuario,r1_1.id,r1_1.descripcion,r1_1.nombre,p1_0.telefono,s1_0.id,s1_0.apellido,s1_0.direccion,s1_0.email,s1_0.nombre,o2_0.id,o2_0.descripcion,o2_0.direccion,o2_0.email,o2_0.nombre,o2_0.telefono,s1_0.password,r2_0.usuario,r2_1.id,r2_1.descripcion,r2_1.nombre,s1_0.telefono from envio e1_0 left join usuario p1_0 on p1_0.id=e1_0.proveedor left join organizacion o1_0 on o1_0.id=p1_0.organizacion left join usuario_rol r1_0 on p1_0.id=r1_0.usuario left join rol r1_1 on r1_1.id=r1_0.rol left join usuario s1_0 on s1_0.id=e1_0.supervisor left join organizacion o2_0 on o2_0.id=s1_0.organizacion left join usuario_rol r2_0 on s1_0.id=r2_0.usuario left join rol r2_1 on r2_1.id=r2_0.rol where e1_0.id=?
Hibernate: select ed1_0.id,ed1_0.cantidad,ed1_0.envio,ed1_0.producto from envio_detalle ed1_0 where ed1_0.envio=?
Hibernate: select p1_0.id,p1_0.cantidad,p1_0.descripcion,p1_0.nombre,p1_0.unidad_medida from producto p1_0 where p1_0.id=?
Hibernate: select p1_0.id,p1_0.cantidad,p1_0.descripcion,p1_0.nombre,p1_0.unidad_medida from producto p1_0
Hibernate: select e1_0.id,e1_0.comentario_proveedor,e1_0.comentario_supervisor,e1_0.estado,e1_0.fecha_creacion,e1_0.fecha_entrega,e1_0.fecha_modificacion,e1_0.fecha_salida,e1_0.motorisata,p1_0.id,p1_0.apellido,p1_0.direccion,p1_0.email,p1_0.nombre,o1_0.id,o1_0.descripcion,o1_0.direccion,o1_0.email,o1_0.nombre,o1_0.telefono,p1_0.password,r1_0.usuario,r1_1.id,r1_1.descripcion,r1_1.nombre,p1_0.telefono,s1_0.id,s1_0.apellido,s1_0.direccion,s1_0.email,s1_0.nombre,o2_0.id,o2_0.descripcion,o2_0.direccion,o2_0.email,o2_0.nombre,o2_0.telefono,s1_0.password,r2_0.usuario,r2_1.id,r2_1.descripcion,r2_1.nombre,s1_0.telefono from envio e1_0 left join usuario p1_0 on p1_0.id=e1_0.proveedor left join organizacion o1_0 on o1_0.id=p1_0.organizacion left join usuario_rol r1_0 on p1_0.id=r1_0.usuario left join rol r1_1 on r1_1.id=r1_0.rol left join usuario s1_0 on s1_0.id=e1_0.supervisor left join organizacion o2_0 on o2_0.id=s1_0.organizacion left join usuario_rol r2_0 on s1_0.id=r2_0.usuario left join rol r2_1 on r2_1.id=r2_0.rol where e1_0.id=?
Hibernate: select ed1_0.id,ed1_0.cantidad,ed1_0.envio,ed1_0.producto from envio_detalle ed1_0 where ed1_0.envio=?
Hibernate: select p1_0.id,p1_0.cantidad,p1_0.descripcion,p1_0.nombre,p1_0.unidad_medida from producto p1_0 where p1_0.id=?
Hibernate: select p1_0.id,p1_0.cantidad,p1_0.descripcion,p1_0.nombre,p1_0.unidad_medida from producto p1_0
Hibernate: select e1_0.id,e1_0.comentario_proveedor,e1_0.comentario_supervisor,e1_0.estado,e1_0.fecha_creacion,e1_0.fecha_entrega,e1_0.fecha_modificacion,e1_0.fecha_salida,e1_0.motorisata,p1_0.id,p1_0.apellido,p1_0.direccion,p1_0.email,p1_0.nombre,o1_0.id,o1_0.descripcion,o1_0.direccion,o1_0.email,o1_0.nombre,o1_0.telefono,p1_0.password,r1_0.usuario,r1_1.id,r1_1.descripcion,r1_1.nombre,p1_0.telefono,s1_0.id,s1_0.apellido,s1_0.direccion,s1_0.email,s1_0.nombre,o2_0.id,o2_0.descripcion,o2_0.direccion,o2_0.email,o2_0.nombre,o2_0.telefono,s1_0.password,r2_0.usuario,r2_1.id,r2_1.descripcion,r2_1.nombre,s1_0.telefono from envio e1_0 left join usuario p1_0 on p1_0.id=e1_0.proveedor left join organizacion o1_0 on o1_0.id=p1_0.organizacion left join usuario_rol r1_0 on p1_0.id=r1_0.usuario left join rol r1_1 on r1_1.id=r1_0.rol left join usuario s1_0 on s1_0.id=e1_0.supervisor left join organizacion o2_0 on o2_0.id=s1_0.organizacion left join usuario_rol r2_0 on s1_0.id=r2_0.usuario left join rol r2_1 on r2_1.id=r2_0.rol where e1_0.id=?
Hibernate: select ed1_0.id,ed1_0.cantidad,ed1_0.envio,ed1_0.producto from envio_detalle ed1_0 where ed1_0.envio=?
Hibernate: select p1_0.id,p1_0.cantidad,p1_0.descripcion,p1_0.nombre,p1_0.unidad_medida from producto p1_0 where p1_0.id=?
Hibernate: select p1_0.id,p1_0.cantidad,p1_0.descripcion,p1_0.nombre,p1_0.unidad_medida from producto p1_0
Hibernate: select e1_0.id,e1_0.comentario_proveedor,e1_0.comentario_supervisor,e1_0.estado,e1_0.fecha_creacion,e1_0.fecha_entrega,e1_0.fecha_modificacion,e1_0.fecha_salida,e1_0.motorisata,p1_0.id,p1_0.apellido,p1_0.direccion,p1_0.email,p1_0.nombre,o1_0.id,o1_0.descripcion,o1_0.direccion,o1_0.email,o1_0.nombre,o1_0.telefono,p1_0.password,r1_0.usuario,r1_1.id,r1_1.descripcion,r1_1.nombre,p1_0.telefono,s1_0.id,s1_0.apellido,s1_0.direccion,s1_0.email,s1_0.nombre,o2_0.id,o2_0.descripcion,o2_0.direccion,o2_0.email,o2_0.nombre,o2_0.telefono,s1_0.password,r2_0.usuario,r2_1.id,r2_1.descripcion,r2_1.nombre,s1_0.telefono from envio e1_0 left join usuario p1_0 on p1_0.id=e1_0.proveedor left join organizacion o1_0 on o1_0.id=p1_0.organizacion left join usuario_rol r1_0 on p1_0.id=r1_0.usuario left join rol r1_1 on r1_1.id=r1_0.rol left join usuario s1_0 on s1_0.id=e1_0.supervisor left join organizacion o2_0 on o2_0.id=s1_0.organizacion left join usuario_rol r2_0 on s1_0.id=r2_0.usuario left join rol r2_1 on r2_1.id=r2_0.rol where e1_0.id=?
Hibernate: select ed1_0.id,ed1_0.cantidad,ed1_0.envio,ed1_0.producto from envio_detalle ed1_0 where ed1_0.envio=?
Hibernate: select p1_0.id,p1_0.cantidad,p1_0.descripcion,p1_0.nombre,p1_0.unidad_medida from producto p1_0 where p1_0.id=?
Hibernate: select p1_0.id,p1_0.cantidad,p1_0.descripcion,p1_0.nombre,p1_0.unidad_medida from producto p1_0
Hibernate: select e1_0.id,e1_0.comentario_proveedor,e1_0.comentario_supervisor,e1_0.estado,e1_0.fecha_creacion,e1_0.fecha_entrega,e1_0.fecha_modificacion,e1_0.fecha_salida,e1_0.motorisata,p1_0.id,p1_0.apellido,p1_0.direccion,p1_0.email,p1_0.nombre,o1_0.id,o1_0.descripcion,o1_0.direccion,o1_0.email,o1_0.nombre,o1_0.telefono,p1_0.password,r1_0.usuario,r1_1.id,r1_1.descripcion,r1_1.nombre,p1_0.telefono,s1_0.id,s1_0.apellido,s1_0.direccion,s1_0.email,s1_0.nombre,o2_0.id,o2_0.descripcion,o2_0.direccion,o2_0.email,o2_0.nombre,o2_0.telefono,s1_0.password,r2_0.usuario,r2_1.id,r2_1.descripcion,r2_1.nombre,s1_0.telefono from envio e1_0 left join usuario p1_0 on p1_0.id=e1_0.proveedor left join organizacion o1_0 on o1_0.id=p1_0.organizacion left join usuario_rol r1_0 on p1_0.id=r1_0.usuario left join rol r1_1 on r1_1.id=r1_0.rol left join usuario s1_0 on s1_0.id=e1_0.supervisor left join organizacion o2_0 on o2_0.id=s1_0.organizacion left join usuario_rol r2_0 on s1_0.id=r2_0.usuario left join rol r2_1 on r2_1.id=r2_0.rol where e1_0.id=?
Hibernate: select ed1_0.id,ed1_0.cantidad,ed1_0.envio,ed1_0.producto from envio_detalle ed1_0 where ed1_0.envio=?
Hibernate: select p1_0.id,p1_0.cantidad,p1_0.descripcion,p1_0.nombre,p1_0.unidad_medida from producto p1_0 where p1_0.id=?
Hibernate: select p1_0.id,p1_0.cantidad,p1_0.descripcion,p1_0.nombre,p1_0.unidad_medida from producto p1_0
Hibernate: select e1_0.id,e1_0.comentario_proveedor,e1_0.comentario_supervisor,e1_0.estado,e1_0.fecha_creacion,e1_0.fecha_entrega,e1_0.fecha_modificacion,e1_0.fecha_salida,e1_0.motorisata,p1_0.id,p1_0.apellido,p1_0.direccion,p1_0.email,p1_0.nombre,o1_0.id,o1_0.descripcion,o1_0.direccion,o1_0.email,o1_0.nombre,o1_0.telefono,p1_0.password,r1_0.usuario,r1_1.id,r1_1.descripcion,r1_1.nombre,p1_0.telefono,s1_0.id,s1_0.apellido,s1_0.direccion,s1_0.email,s1_0.nombre,o2_0.id,o2_0.descripcion,o2_0.direccion,o2_0.email,o2_0.nombre,o2_0.telefono,s1_0.password,r2_0.usuario,r2_1.id,r2_1.descripcion,r2_1.nombre,s1_0.telefono from envio e1_0 left join usuario p1_0 on p1_0.id=e1_0.proveedor left join organizacion o1_0 on o1_0.id=p1_0.organizacion left join usuario_rol r1_0 on p1_0.id=r1_0.usuario left join rol r1_1 on r1_1.id=r1_0.rol left join usuario s1_0 on s1_0.id=e1_0.supervisor left join organizacion o2_0 on o2_0.id=s1_0.organizacion left join usuario_rol r2_0 on s1_0.id=r2_0.usuario left join rol r2_1 on r2_1.id=r2_0.rol where e1_0.id=?
Hibernate: select ed1_0.id,ed1_0.cantidad,ed1_0.envio,ed1_0.producto from envio_detalle ed1_0 where ed1_0.envio=?
Hibernate: select p1_0.id,p1_0.cantidad,p1_0.descripcion,p1_0.nombre,p1_0.unidad_medida from producto p1_0 where p1_0.id=?
Hibernate: select p1_0.id,p1_0.cantidad,p1_0.descripcion,p1_0.nombre,p1_0.unidad_medida from producto p1_0
Hibernate: select e1_0.id,e1_0.comentario_proveedor,e1_0.comentario_supervisor,e1_0.estado,e1_0.fecha_creacion,e1_0.fecha_entrega,e1_0.fecha_modificacion,e1_0.fecha_salida,e1_0.motorisata,p1_0.id,p1_0.apellido,p1_0.direccion,p1_0.email,p1_0.nombre,o1_0.id,o1_0.descripcion,o1_0.direccion,o1_0.email,o1_0.nombre,o1_0.telefono,p1_0.password,r1_0.usuario,r1_1.id,r1_1.descripcion,r1_1.nombre,p1_0.telefono,s1_0.id,s1_0.apellido,s1_0.direccion,s1_0.email,s1_0.nombre,o2_0.id,o2_0.descripcion,o2_0.direccion,o2_0.email,o2_0.nombre,o2_0.telefono,s1_0.password,r2_0.usuario,r2_1.id,r2_1.descripcion,r2_1.nombre,s1_0.telefono from envio e1_0 left join usuario p1_0 on p1_0.id=e1_0.proveedor left join organizacion o1_0 on o1_0.id=p1_0.organizacion left join usuario_rol r1_0 on p1_0.id=r1_0.usuario left join rol r1_1 on r1_1.id=r1_0.rol left join usuario s1_0 on s1_0.id=e1_0.supervisor left join organizacion o2_0 on o2_0.id=s1_0.organizacion left join usuario_rol r2_0 on s1_0.id=r2_0.usuario left join rol r2_1 on r2_1.id=r2_0.rol where e1_0.id=?
Hibernate: select ed1_0.id,ed1_0.cantidad,ed1_0.envio,ed1_0.producto from envio_detalle ed1_0 where ed1_0.envio=?
Hibernate: select p1_0.id,p1_0.cantidad,p1_0.descripcion,p1_0.nombre,p1_0.unidad_medida from producto p1_0 where p1_0.id=?
Hibernate: select p1_0.id,p1_0.cantidad,p1_0.descripcion,p1_0.nombre,p1_0.unidad_medida from producto p1_0
Hibernate: select e1_0.id,e1_0.comentario_proveedor,e1_0.comentario_supervisor,e1_0.estado,e1_0.fecha_creacion,e1_0.fecha_entrega,e1_0.fecha_modificacion,e1_0.fecha_salida,e1_0.motorisata,p1_0.id,p1_0.apellido,p1_0.direccion,p1_0.email,p1_0.nombre,o1_0.id,o1_0.descripcion,o1_0.direccion,o1_0.email,o1_0.nombre,o1_0.telefono,p1_0.password,r1_0.usuario,r1_1.id,r1_1.descripcion,r1_1.nombre,p1_0.telefono,s1_0.id,s1_0.apellido,s1_0.direccion,s1_0.email,s1_0.nombre,o2_0.id,o2_0.descripcion,o2_0.direccion,o2_0.email,o2_0.nombre,o2_0.telefono,s1_0.password,r2_0.usuario,r2_1.id,r2_1.descripcion,r2_1.nombre,s1_0.telefono from envio e1_0 left join usuario p1_0 on p1_0.id=e1_0.proveedor left join organizacion o1_0 on o1_0.id=p1_0.organizacion left join usuario_rol r1_0 on p1_0.id=r1_0.usuario left join rol r1_1 on r1_1.id=r1_0.rol left join usuario s1_0 on s1_0.id=e1_0.supervisor left join organizacion o2_0 on o2_0.id=s1_0.organizacion left join usuario_rol r2_0 on s1_0.id=r2_0.usuario left join rol r2_1 on r2_1.id=r2_0.rol where e1_0.id=?
Hibernate: select ed1_0.id,ed1_0.cantidad,ed1_0.envio,ed1_0.producto from envio_detalle ed1_0 where ed1_0.envio=?
Hibernate: select p1_0.id,p1_0.cantidad,p1_0.descripcion,p1_0.nombre,p1_0.unidad_medida from producto p1_0 where p1_0.id=?
2025-05-25T18:01:46.468Z ERROR 42081 --- [apiAE] [nio-8080-exec-2] o.a.c.c.C.[.[.[/].[dispatcherServlet]    : Servlet.service() for servlet [dispatcherServlet] in context with path [] threw exception

io.jsonwebtoken.ExpiredJwtException: JWT expired at 2025-05-25T17:57:33Z. Current time: 2025-05-25T18:01:46Z, a difference of 253465 milliseconds.  Allowed clock skew: 0 milliseconds.
	at io.jsonwebtoken.impl.DefaultJwtParser.parse(DefaultJwtParser.java:427) ~[jjwt-impl-0.11.5.jar!/:0.11.5]
	at io.jsonwebtoken.impl.DefaultJwtParser.parse(DefaultJwtParser.java:529) ~[jjwt-impl-0.11.5.jar!/:0.11.5]
	at io.jsonwebtoken.impl.DefaultJwtParser.parseClaimsJws(DefaultJwtParser.java:589) ~[jjwt-impl-0.11.5.jar!/:0.11.5]
	at io.jsonwebtoken.impl.ImmutableJwtParser.parseClaimsJws(ImmutableJwtParser.java:173) ~[jjwt-impl-0.11.5.jar!/:0.11.5]
	at com.AgroEnvios.apiAE.Security.JwtUtil.extractAllClaims(JwtUtil.java:81) ~[!/:0.0.1-SNAPSHOT]
	at com.AgroEnvios.apiAE.Security.JwtUtil.extractUsername(JwtUtil.java:55) ~[!/:0.0.1-SNAPSHOT]
	at com.AgroEnvios.apiAE.Security.JwtFilter.doFilterInternal(JwtFilter.java:33) ~[!/:0.0.1-SNAPSHOT]
	at org.springframework.web.filter.OncePerRequestFilter.doFilter(OncePerRequestFilter.java:116) ~[spring-web-6.2.3.jar!/:6.2.3]
	at org.apache.catalina.core.ApplicationFilterChain.internalDoFilter(ApplicationFilterChain.java:164) ~[tomcat-embed-core-10.1.36.jar!/:na]
	at org.apache.catalina.core.ApplicationFilterChain.doFilter(ApplicationFilterChain.java:140) ~[tomcat-embed-core-10.1.36.jar!/:na]
	at org.springframework.web.filter.CompositeFilter$VirtualFilterChain.doFilter(CompositeFilter.java:108) ~[spring-web-6.2.3.jar!/:6.2.3]
	at org.springframework.security.web.FilterChainProxy.lambda$doFilterInternal$3(FilterChainProxy.java:231) ~[spring-security-web-6.4.3.jar!/:6.4.3]
	at org.springframework.security.web.FilterChainProxy$VirtualFilterChain.doFilter(FilterChainProxy.java:365) ~[spring-security-web-6.4.3.jar!/:6.4.3]
	at org.springframework.security.web.access.intercept.AuthorizationFilter.doFilter(AuthorizationFilter.java:101) ~[spring-security-web-6.4.3.jar!/:6.4.3]
	at org.springframework.security.web.FilterChainProxy$VirtualFilterChain.doFilter(FilterChainProxy.java:374) ~[spring-security-web-6.4.3.jar!/:6.4.3]
	at org.springframework.security.web.access.ExceptionTranslationFilter.doFilter(ExceptionTranslationFilter.java:126) ~[spring-security-web-6.4.3.jar!/:6.4.3]
	at org.springframework.security.web.access.ExceptionTranslationFilter.doFilter(ExceptionTranslationFilter.java:120) ~[spring-security-web-6.4.3.jar!/:6.4.3]
	at org.springframework.security.web.FilterChainProxy$VirtualFilterChain.doFilter(FilterChainProxy.java:374) ~[spring-security-web-6.4.3.jar!/:6.4.3]
	at org.springframework.security.web.authentication.AnonymousAuthenticationFilter.doFilter(AnonymousAuthenticationFilter.java:100) ~[spring-security-web-6.4.3.jar!/:6.4.3]
	at org.springframework.security.web.FilterChainProxy$VirtualFilterChain.doFilter(FilterChainProxy.java:374) ~[spring-security-web-6.4.3.jar!/:6.4.3]
	at org.springframework.security.web.servletapi.SecurityContextHolderAwareRequestFilter.doFilter(SecurityContextHolderAwareRequestFilter.java:179) ~[spring-security-web-6.4.3.jar!/:6.4.3]
	at org.springframework.security.web.FilterChainProxy$VirtualFilterChain.doFilter(FilterChainProxy.java:374) ~[spring-security-web-6.4.3.jar!/:6.4.3]
	at org.springframework.security.web.savedrequest.RequestCacheAwareFilter.doFilter(RequestCacheAwareFilter.java:63) ~[spring-security-web-6.4.3.jar!/:6.4.3]
	at org.springframework.security.web.FilterChainProxy$VirtualFilterChain.doFilter(FilterChainProxy.java:374) ~[spring-security-web-6.4.3.jar!/:6.4.3]
	at org.springframework.security.web.authentication.logout.LogoutFilter.doFilter(LogoutFilter.java:107) ~[spring-security-web-6.4.3.jar!/:6.4.3]
	at org.springframework.security.web.authentication.logout.LogoutFilter.doFilter(LogoutFilter.java:93) ~[spring-security-web-6.4.3.jar!/:6.4.3]
	at org.springframework.security.web.FilterChainProxy$VirtualFilterChain.doFilter(FilterChainProxy.java:374) ~[spring-security-web-6.4.3.jar!/:6.4.3]
	at org.springframework.web.filter.CorsFilter.doFilterInternal(CorsFilter.java:91) ~[spring-web-6.2.3.jar!/:6.2.3]
	at org.springframework.web.filter.OncePerRequestFilter.doFilter(OncePerRequestFilter.java:116) ~[spring-web-6.2.3.jar!/:6.2.3]
	at org.springframework.security.web.FilterChainProxy$VirtualFilterChain.doFilter(FilterChainProxy.java:374) ~[spring-security-web-6.4.3.jar!/:6.4.3]
	at org.springframework.security.web.header.HeaderWriterFilter.doHeadersAfter(HeaderWriterFilter.java:90) ~[spring-security-web-6.4.3.jar!/:6.4.3]
	at org.springframework.security.web.header.HeaderWriterFilter.doFilterInternal(HeaderWriterFilter.java:75) ~[spring-security-web-6.4.3.jar!/:6.4.3]
	at org.springframework.web.filter.OncePerRequestFilter.doFilter(OncePerRequestFilter.java:116) ~[spring-web-6.2.3.jar!/:6.2.3]
	at org.springframework.security.web.FilterChainProxy$VirtualFilterChain.doFilter(FilterChainProxy.java:374) ~[spring-security-web-6.4.3.jar!/:6.4.3]
	at org.springframework.security.web.context.SecurityContextHolderFilter.doFilter(SecurityContextHolderFilter.java:82) ~[spring-security-web-6.4.3.jar!/:6.4.3]
	at org.springframework.security.web.context.SecurityContextHolderFilter.doFilter(SecurityContextHolderFilter.java:69) ~[spring-security-web-6.4.3.jar!/:6.4.3]
	at org.springframework.security.web.FilterChainProxy$VirtualFilterChain.doFilter(FilterChainProxy.java:374) ~[spring-security-web-6.4.3.jar!/:6.4.3]
	at org.springframework.security.web.context.request.async.WebAsyncManagerIntegrationFilter.doFilterInternal(WebAsyncManagerIntegrationFilter.java:62) ~[spring-security-web-6.4.3.jar!/:6.4.3]
	at org.springframework.web.filter.OncePerRequestFilter.doFilter(OncePerRequestFilter.java:116) ~[spring-web-6.2.3.jar!/:6.2.3]
	at org.springframework.security.web.FilterChainProxy$VirtualFilterChain.doFilter(FilterChainProxy.java:374) ~[spring-security-web-6.4.3.jar!/:6.4.3]
	at org.springframework.security.web.session.DisableEncodeUrlFilter.doFilterInternal(DisableEncodeUrlFilter.java:42) ~[spring-security-web-6.4.3.jar!/:6.4.3]
	at org.springframework.web.filter.OncePerRequestFilter.doFilter(OncePerRequestFilter.java:116) ~[spring-web-6.2.3.jar!/:6.2.3]
	at org.springframework.security.web.FilterChainProxy$VirtualFilterChain.doFilter(FilterChainProxy.java:374) ~[spring-security-web-6.4.3.jar!/:6.4.3]
	at org.springframework.security.web.FilterChainProxy.doFilterInternal(FilterChainProxy.java:233) ~[spring-security-web-6.4.3.jar!/:6.4.3]
	at org.springframework.security.web.FilterChainProxy.doFilter(FilterChainProxy.java:191) ~[spring-security-web-6.4.3.jar!/:6.4.3]
	at org.springframework.web.filter.CompositeFilter$VirtualFilterChain.doFilter(CompositeFilter.java:113) ~[spring-web-6.2.3.jar!/:6.2.3]
	at org.springframework.web.servlet.handler.HandlerMappingIntrospector.lambda$createCacheFilter$3(HandlerMappingIntrospector.java:243) ~[spring-webmvc-6.2.3.jar!/:6.2.3]
	at org.springframework.web.filter.CompositeFilter$VirtualFilterChain.doFilter(CompositeFilter.java:113) ~[spring-web-6.2.3.jar!/:6.2.3]
	at org.springframework.web.filter.CompositeFilter.doFilter(CompositeFilter.java:74) ~[spring-web-6.2.3.jar!/:6.2.3]
	at org.springframework.security.config.annotation.web.configuration.WebMvcSecurityConfiguration$CompositeFilterChainProxy.doFilter(WebMvcSecurityConfiguration.java:238) ~[spring-security-config-6.4.3.jar!/:6.4.3]
	at org.springframework.web.filter.DelegatingFilterProxy.invokeDelegate(DelegatingFilterProxy.java:362) ~[spring-web-6.2.3.jar!/:6.2.3]
	at org.springframework.web.filter.DelegatingFilterProxy.doFilter(DelegatingFilterProxy.java:278) ~[spring-web-6.2.3.jar!/:6.2.3]
	at org.apache.catalina.core.ApplicationFilterChain.internalDoFilter(ApplicationFilterChain.java:164) ~[tomcat-embed-core-10.1.36.jar!/:na]
	at org.apache.catalina.core.ApplicationFilterChain.doFilter(ApplicationFilterChain.java:140) ~[tomcat-embed-core-10.1.36.jar!/:na]
	at org.springframework.web.filter.RequestContextFilter.doFilterInternal(RequestContextFilter.java:100) ~[spring-web-6.2.3.jar!/:6.2.3]
	at org.springframework.web.filter.OncePerRequestFilter.doFilter(OncePerRequestFilter.java:116) ~[spring-web-6.2.3.jar!/:6.2.3]
	at org.apache.catalina.core.ApplicationFilterChain.internalDoFilter(ApplicationFilterChain.java:164) ~[tomcat-embed-core-10.1.36.jar!/:na]
	at org.apache.catalina.core.ApplicationFilterChain.doFilter(ApplicationFilterChain.java:140) ~[tomcat-embed-core-10.1.36.jar!/:na]
	at org.springframework.web.filter.FormContentFilter.doFilterInternal(FormContentFilter.java:93) ~[spring-web-6.2.3.jar!/:6.2.3]
	at org.springframework.web.filter.OncePerRequestFilter.doFilter(OncePerRequestFilter.java:116) ~[spring-web-6.2.3.jar!/:6.2.3]
	at org.apache.catalina.core.ApplicationFilterChain.internalDoFilter(ApplicationFilterChain.java:164) ~[tomcat-embed-core-10.1.36.jar!/:na]
	at org.apache.catalina.core.ApplicationFilterChain.doFilter(ApplicationFilterChain.java:140) ~[tomcat-embed-core-10.1.36.jar!/:na]
	at org.springframework.web.filter.CharacterEncodingFilter.doFilterInternal(CharacterEncodingFilter.java:201) ~[spring-web-6.2.3.jar!/:6.2.3]
	at org.springframework.web.filter.OncePerRequestFilter.doFilter(OncePerRequestFilter.java:116) ~[spring-web-6.2.3.jar!/:6.2.3]
	at org.apache.catalina.core.ApplicationFilterChain.internalDoFilter(ApplicationFilterChain.java:164) ~[tomcat-embed-core-10.1.36.jar!/:na]
	at org.apache.catalina.core.ApplicationFilterChain.doFilter(ApplicationFilterChain.java:140) ~[tomcat-embed-core-10.1.36.jar!/:na]
	at org.apache.catalina.core.StandardWrapperValve.invoke(StandardWrapperValve.java:167) ~[tomcat-embed-core-10.1.36.jar!/:na]
	at org.apache.catalina.core.StandardContextValve.invoke(StandardContextValve.java:90) ~[tomcat-embed-core-10.1.36.jar!/:na]
	at org.apache.catalina.authenticator.AuthenticatorBase.invoke(AuthenticatorBase.java:483) ~[tomcat-embed-core-10.1.36.jar!/:na]
	at org.apache.catalina.core.StandardHostValve.invoke(StandardHostValve.java:115) ~[tomcat-embed-core-10.1.36.jar!/:na]
	at org.apache.catalina.valves.ErrorReportValve.invoke(ErrorReportValve.java:93) ~[tomcat-embed-core-10.1.36.jar!/:na]
	at org.apache.catalina.core.StandardEngineValve.invoke(StandardEngineValve.java:74) ~[tomcat-embed-core-10.1.36.jar!/:na]
	at org.apache.catalina.connector.CoyoteAdapter.service(CoyoteAdapter.java:344) ~[tomcat-embed-core-10.1.36.jar!/:na]
	at org.apache.coyote.http11.Http11Processor.service(Http11Processor.java:397) ~[tomcat-embed-core-10.1.36.jar!/:na]
	at org.apache.coyote.AbstractProcessorLight.process(AbstractProcessorLight.java:63) ~[tomcat-embed-core-10.1.36.jar!/:na]
	at org.apache.coyote.AbstractProtocol$ConnectionHandler.process(AbstractProtocol.java:905) ~[tomcat-embed-core-10.1.36.jar!/:na]
	at org.apache.tomcat.util.net.NioEndpoint$SocketProcessor.doRun(NioEndpoint.java:1743) ~[tomcat-embed-core-10.1.36.jar!/:na]
	at org.apache.tomcat.util.net.SocketProcessorBase.run(SocketProcessorBase.java:52) ~[tomcat-embed-core-10.1.36.jar!/:na]
	at org.apache.tomcat.util.threads.ThreadPoolExecutor.runWorker(ThreadPoolExecutor.java:1190) ~[tomcat-embed-core-10.1.36.jar!/:na]
	at org.apache.tomcat.util.threads.ThreadPoolExecutor$Worker.run(ThreadPoolExecutor.java:659) ~[tomcat-embed-core-10.1.36.jar!/:na]
	at org.apache.tomcat.util.threads.TaskThread$WrappingRunnable.run(TaskThread.java:63) ~[tomcat-embed-core-10.1.36.jar!/:na]
	at java.base/java.lang.Thread.run(Thread.java:1583) ~[na:na]

2025-05-25T18:02:02.207Z ERROR 42081 --- [apiAE] [nio-8080-exec-9] o.a.c.c.C.[.[.[/].[dispatcherServlet]    : Servlet.service() for servlet [dispatcherServlet] in context with path [] threw exception

io.jsonwebtoken.ExpiredJwtException: JWT expired at 2025-05-25T17:57:33Z. Current time: 2025-05-25T18:02:02Z, a difference of 269206 milliseconds.  Allowed clock skew: 0 milliseconds.
	at io.jsonwebtoken.impl.DefaultJwtParser.parse(DefaultJwtParser.java:427) ~[jjwt-impl-0.11.5.jar!/:0.11.5]
	at io.jsonwebtoken.impl.DefaultJwtParser.parse(DefaultJwtParser.java:529) ~[jjwt-impl-0.11.5.jar!/:0.11.5]
	at io.jsonwebtoken.impl.DefaultJwtParser.parseClaimsJws(DefaultJwtParser.java:589) ~[jjwt-impl-0.11.5.jar!/:0.11.5]
	at io.jsonwebtoken.impl.ImmutableJwtParser.parseClaimsJws(ImmutableJwtParser.java:173) ~[jjwt-impl-0.11.5.jar!/:0.11.5]
	at com.AgroEnvios.apiAE.Security.JwtUtil.extractAllClaims(JwtUtil.java:81) ~[!/:0.0.1-SNAPSHOT]
	at com.AgroEnvios.apiAE.Security.JwtUtil.extractUsername(JwtUtil.java:55) ~[!/:0.0.1-SNAPSHOT]
	at com.AgroEnvios.apiAE.Security.JwtFilter.doFilterInternal(JwtFilter.java:33) ~[!/:0.0.1-SNAPSHOT]
	at org.springframework.web.filter.OncePerRequestFilter.doFilter(OncePerRequestFilter.java:116) ~[spring-web-6.2.3.jar!/:6.2.3]
	at org.apache.catalina.core.ApplicationFilterChain.internalDoFilter(ApplicationFilterChain.java:164) ~[tomcat-embed-core-10.1.36.jar!/:na]
	at org.apache.catalina.core.ApplicationFilterChain.doFilter(ApplicationFilterChain.java:140) ~[tomcat-embed-core-10.1.36.jar!/:na]
	at org.springframework.web.filter.CompositeFilter$VirtualFilterChain.doFilter(CompositeFilter.java:108) ~[spring-web-6.2.3.jar!/:6.2.3]
	at org.springframework.security.web.FilterChainProxy.lambda$doFilterInternal$3(FilterChainProxy.java:231) ~[spring-security-web-6.4.3.jar!/:6.4.3]
	at org.springframework.security.web.FilterChainProxy$VirtualFilterChain.doFilter(FilterChainProxy.java:365) ~[spring-security-web-6.4.3.jar!/:6.4.3]
	at org.springframework.security.web.access.intercept.AuthorizationFilter.doFilter(AuthorizationFilter.java:101) ~[spring-security-web-6.4.3.jar!/:6.4.3]
	at org.springframework.security.web.FilterChainProxy$VirtualFilterChain.doFilter(FilterChainProxy.java:374) ~[spring-security-web-6.4.3.jar!/:6.4.3]
	at org.springframework.security.web.access.ExceptionTranslationFilter.doFilter(ExceptionTranslationFilter.java:126) ~[spring-security-web-6.4.3.jar!/:6.4.3]
	at org.springframework.security.web.access.ExceptionTranslationFilter.doFilter(ExceptionTranslationFilter.java:120) ~[spring-security-web-6.4.3.jar!/:6.4.3]
	at org.springframework.security.web.FilterChainProxy$VirtualFilterChain.doFilter(FilterChainProxy.java:374) ~[spring-security-web-6.4.3.jar!/:6.4.3]
	at org.springframework.security.web.authentication.AnonymousAuthenticationFilter.doFilter(AnonymousAuthenticationFilter.java:100) ~[spring-security-web-6.4.3.jar!/:6.4.3]
	at org.springframework.security.web.FilterChainProxy$VirtualFilterChain.doFilter(FilterChainProxy.java:374) ~[spring-security-web-6.4.3.jar!/:6.4.3]
	at org.springframework.security.web.servletapi.SecurityContextHolderAwareRequestFilter.doFilter(SecurityContextHolderAwareRequestFilter.java:179) ~[spring-security-web-6.4.3.jar!/:6.4.3]
	at org.springframework.security.web.FilterChainProxy$VirtualFilterChain.doFilter(FilterChainProxy.java:374) ~[spring-security-web-6.4.3.jar!/:6.4.3]
	at org.springframework.security.web.savedrequest.RequestCacheAwareFilter.doFilter(RequestCacheAwareFilter.java:63) ~[spring-security-web-6.4.3.jar!/:6.4.3]
	at org.springframework.security.web.FilterChainProxy$VirtualFilterChain.doFilter(FilterChainProxy.java:374) ~[spring-security-web-6.4.3.jar!/:6.4.3]
	at org.springframework.security.web.authentication.logout.LogoutFilter.doFilter(LogoutFilter.java:107) ~[spring-security-web-6.4.3.jar!/:6.4.3]
	at org.springframework.security.web.authentication.logout.LogoutFilter.doFilter(LogoutFilter.java:93) ~[spring-security-web-6.4.3.jar!/:6.4.3]
	at org.springframework.security.web.FilterChainProxy$VirtualFilterChain.doFilter(FilterChainProxy.java:374) ~[spring-security-web-6.4.3.jar!/:6.4.3]
	at org.springframework.web.filter.CorsFilter.doFilterInternal(CorsFilter.java:91) ~[spring-web-6.2.3.jar!/:6.2.3]
	at org.springframework.web.filter.OncePerRequestFilter.doFilter(OncePerRequestFilter.java:116) ~[spring-web-6.2.3.jar!/:6.2.3]
	at org.springframework.security.web.FilterChainProxy$VirtualFilterChain.doFilter(FilterChainProxy.java:374) ~[spring-security-web-6.4.3.jar!/:6.4.3]
	at org.springframework.security.web.header.HeaderWriterFilter.doHeadersAfter(HeaderWriterFilter.java:90) ~[spring-security-web-6.4.3.jar!/:6.4.3]
	at org.springframework.security.web.header.HeaderWriterFilter.doFilterInternal(HeaderWriterFilter.java:75) ~[spring-security-web-6.4.3.jar!/:6.4.3]
	at org.springframework.web.filter.OncePerRequestFilter.doFilter(OncePerRequestFilter.java:116) ~[spring-web-6.2.3.jar!/:6.2.3]
	at org.springframework.security.web.FilterChainProxy$VirtualFilterChain.doFilter(FilterChainProxy.java:374) ~[spring-security-web-6.4.3.jar!/:6.4.3]
	at org.springframework.security.web.context.SecurityContextHolderFilter.doFilter(SecurityContextHolderFilter.java:82) ~[spring-security-web-6.4.3.jar!/:6.4.3]
	at org.springframework.security.web.context.SecurityContextHolderFilter.doFilter(SecurityContextHolderFilter.java:69) ~[spring-security-web-6.4.3.jar!/:6.4.3]
	at org.springframework.security.web.FilterChainProxy$VirtualFilterChain.doFilter(FilterChainProxy.java:374) ~[spring-security-web-6.4.3.jar!/:6.4.3]
	at org.springframework.security.web.context.request.async.WebAsyncManagerIntegrationFilter.doFilterInternal(WebAsyncManagerIntegrationFilter.java:62) ~[spring-security-web-6.4.3.jar!/:6.4.3]
	at org.springframework.web.filter.OncePerRequestFilter.doFilter(OncePerRequestFilter.java:116) ~[spring-web-6.2.3.jar!/:6.2.3]
	at org.springframework.security.web.FilterChainProxy$VirtualFilterChain.doFilter(FilterChainProxy.java:374) ~[spring-security-web-6.4.3.jar!/:6.4.3]
	at org.springframework.security.web.session.DisableEncodeUrlFilter.doFilterInternal(DisableEncodeUrlFilter.java:42) ~[spring-security-web-6.4.3.jar!/:6.4.3]
	at org.springframework.web.filter.OncePerRequestFilter.doFilter(OncePerRequestFilter.java:116) ~[spring-web-6.2.3.jar!/:6.2.3]
	at org.springframework.security.web.FilterChainProxy$VirtualFilterChain.doFilter(FilterChainProxy.java:374) ~[spring-security-web-6.4.3.jar!/:6.4.3]
	at org.springframework.security.web.FilterChainProxy.doFilterInternal(FilterChainProxy.java:233) ~[spring-security-web-6.4.3.jar!/:6.4.3]
	at org.springframework.security.web.FilterChainProxy.doFilter(FilterChainProxy.java:191) ~[spring-security-web-6.4.3.jar!/:6.4.3]
	at org.springframework.web.filter.CompositeFilter$VirtualFilterChain.doFilter(CompositeFilter.java:113) ~[spring-web-6.2.3.jar!/:6.2.3]
	at org.springframework.web.servlet.handler.HandlerMappingIntrospector.lambda$createCacheFilter$3(HandlerMappingIntrospector.java:243) ~[spring-webmvc-6.2.3.jar!/:6.2.3]
	at org.springframework.web.filter.CompositeFilter$VirtualFilterChain.doFilter(CompositeFilter.java:113) ~[spring-web-6.2.3.jar!/:6.2.3]
	at org.springframework.web.filter.CompositeFilter.doFilter(CompositeFilter.java:74) ~[spring-web-6.2.3.jar!/:6.2.3]
	at org.springframework.security.config.annotation.web.configuration.WebMvcSecurityConfiguration$CompositeFilterChainProxy.doFilter(WebMvcSecurityConfiguration.java:238) ~[spring-security-config-6.4.3.jar!/:6.4.3]
	at org.springframework.web.filter.DelegatingFilterProxy.invokeDelegate(DelegatingFilterProxy.java:362) ~[spring-web-6.2.3.jar!/:6.2.3]
	at org.springframework.web.filter.DelegatingFilterProxy.doFilter(DelegatingFilterProxy.java:278) ~[spring-web-6.2.3.jar!/:6.2.3]
	at org.apache.catalina.core.ApplicationFilterChain.internalDoFilter(ApplicationFilterChain.java:164) ~[tomcat-embed-core-10.1.36.jar!/:na]
	at org.apache.catalina.core.ApplicationFilterChain.doFilter(ApplicationFilterChain.java:140) ~[tomcat-embed-core-10.1.36.jar!/:na]
	at org.springframework.web.filter.RequestContextFilter.doFilterInternal(RequestContextFilter.java:100) ~[spring-web-6.2.3.jar!/:6.2.3]
	at org.springframework.web.filter.OncePerRequestFilter.doFilter(OncePerRequestFilter.java:116) ~[spring-web-6.2.3.jar!/:6.2.3]
	at org.apache.catalina.core.ApplicationFilterChain.internalDoFilter(ApplicationFilterChain.java:164) ~[tomcat-embed-core-10.1.36.jar!/:na]
	at org.apache.catalina.core.ApplicationFilterChain.doFilter(ApplicationFilterChain.java:140) ~[tomcat-embed-core-10.1.36.jar!/:na]
	at org.springframework.web.filter.FormContentFilter.doFilterInternal(FormContentFilter.java:93) ~[spring-web-6.2.3.jar!/:6.2.3]
	at org.springframework.web.filter.OncePerRequestFilter.doFilter(OncePerRequestFilter.java:116) ~[spring-web-6.2.3.jar!/:6.2.3]
	at org.apache.catalina.core.ApplicationFilterChain.internalDoFilter(ApplicationFilterChain.java:164) ~[tomcat-embed-core-10.1.36.jar!/:na]
	at org.apache.catalina.core.ApplicationFilterChain.doFilter(ApplicationFilterChain.java:140) ~[tomcat-embed-core-10.1.36.jar!/:na]
	at org.springframework.web.filter.CharacterEncodingFilter.doFilterInternal(CharacterEncodingFilter.java:201) ~[spring-web-6.2.3.jar!/:6.2.3]
	at org.springframework.web.filter.OncePerRequestFilter.doFilter(OncePerRequestFilter.java:116) ~[spring-web-6.2.3.jar!/:6.2.3]
	at org.apache.catalina.core.ApplicationFilterChain.internalDoFilter(ApplicationFilterChain.java:164) ~[tomcat-embed-core-10.1.36.jar!/:na]
	at org.apache.catalina.core.ApplicationFilterChain.doFilter(ApplicationFilterChain.java:140) ~[tomcat-embed-core-10.1.36.jar!/:na]
	at org.apache.catalina.core.StandardWrapperValve.invoke(StandardWrapperValve.java:167) ~[tomcat-embed-core-10.1.36.jar!/:na]
	at org.apache.catalina.core.StandardContextValve.invoke(StandardContextValve.java:90) ~[tomcat-embed-core-10.1.36.jar!/:na]
	at org.apache.catalina.authenticator.AuthenticatorBase.invoke(AuthenticatorBase.java:483) ~[tomcat-embed-core-10.1.36.jar!/:na]
	at org.apache.catalina.core.StandardHostValve.invoke(StandardHostValve.java:115) ~[tomcat-embed-core-10.1.36.jar!/:na]
	at org.apache.catalina.valves.ErrorReportValve.invoke(ErrorReportValve.java:93) ~[tomcat-embed-core-10.1.36.jar!/:na]
	at org.apache.catalina.core.StandardEngineValve.invoke(StandardEngineValve.java:74) ~[tomcat-embed-core-10.1.36.jar!/:na]
	at org.apache.catalina.connector.CoyoteAdapter.service(CoyoteAdapter.java:344) ~[tomcat-embed-core-10.1.36.jar!/:na]
	at org.apache.coyote.http11.Http11Processor.service(Http11Processor.java:397) ~[tomcat-embed-core-10.1.36.jar!/:na]
	at org.apache.coyote.AbstractProcessorLight.process(AbstractProcessorLight.java:63) ~[tomcat-embed-core-10.1.36.jar!/:na]
	at org.apache.coyote.AbstractProtocol$ConnectionHandler.process(AbstractProtocol.java:905) ~[tomcat-embed-core-10.1.36.jar!/:na]
	at org.apache.tomcat.util.net.NioEndpoint$SocketProcessor.doRun(NioEndpoint.java:1743) ~[tomcat-embed-core-10.1.36.jar!/:na]
	at org.apache.tomcat.util.net.SocketProcessorBase.run(SocketProcessorBase.java:52) ~[tomcat-embed-core-10.1.36.jar!/:na]
	at org.apache.tomcat.util.threads.ThreadPoolExecutor.runWorker(ThreadPoolExecutor.java:1190) ~[tomcat-embed-core-10.1.36.jar!/:na]
	at org.apache.tomcat.util.threads.ThreadPoolExecutor$Worker.run(ThreadPoolExecutor.java:659) ~[tomcat-embed-core-10.1.36.jar!/:na]
	at org.apache.tomcat.util.threads.TaskThread$WrappingRunnable.run(TaskThread.java:63) ~[tomcat-embed-core-10.1.36.jar!/:na]
	at java.base/java.lang.Thread.run(Thread.java:1583) ~[na:na]

2025-05-25T18:02:03.049Z ERROR 42081 --- [apiAE] [nio-8080-exec-4] o.a.c.c.C.[.[.[/].[dispatcherServlet]    : Servlet.service() for servlet [dispatcherServlet] in context with path [] threw exception

io.jsonwebtoken.ExpiredJwtException: JWT expired at 2025-05-25T17:57:33Z. Current time: 2025-05-25T18:02:03Z, a difference of 270048 milliseconds.  Allowed clock skew: 0 milliseconds.
	at io.jsonwebtoken.impl.DefaultJwtParser.parse(DefaultJwtParser.java:427) ~[jjwt-impl-0.11.5.jar!/:0.11.5]
	at io.jsonwebtoken.impl.DefaultJwtParser.parse(DefaultJwtParser.java:529) ~[jjwt-impl-0.11.5.jar!/:0.11.5]
	at io.jsonwebtoken.impl.DefaultJwtParser.parseClaimsJws(DefaultJwtParser.java:589) ~[jjwt-impl-0.11.5.jar!/:0.11.5]
	at io.jsonwebtoken.impl.ImmutableJwtParser.parseClaimsJws(ImmutableJwtParser.java:173) ~[jjwt-impl-0.11.5.jar!/:0.11.5]
	at com.AgroEnvios.apiAE.Security.JwtUtil.extractAllClaims(JwtUtil.java:81) ~[!/:0.0.1-SNAPSHOT]
	at com.AgroEnvios.apiAE.Security.JwtUtil.extractUsername(JwtUtil.java:55) ~[!/:0.0.1-SNAPSHOT]
	at com.AgroEnvios.apiAE.Security.JwtFilter.doFilterInternal(JwtFilter.java:33) ~[!/:0.0.1-SNAPSHOT]
	at org.springframework.web.filter.OncePerRequestFilter.doFilter(OncePerRequestFilter.java:116) ~[spring-web-6.2.3.jar!/:6.2.3]
	at org.apache.catalina.core.ApplicationFilterChain.internalDoFilter(ApplicationFilterChain.java:164) ~[tomcat-embed-core-10.1.36.jar!/:na]
	at org.apache.catalina.core.ApplicationFilterChain.doFilter(ApplicationFilterChain.java:140) ~[tomcat-embed-core-10.1.36.jar!/:na]
	at org.springframework.web.filter.CompositeFilter$VirtualFilterChain.doFilter(CompositeFilter.java:108) ~[spring-web-6.2.3.jar!/:6.2.3]
	at org.springframework.security.web.FilterChainProxy.lambda$doFilterInternal$3(FilterChainProxy.java:231) ~[spring-security-web-6.4.3.jar!/:6.4.3]
	at org.springframework.security.web.FilterChainProxy$VirtualFilterChain.doFilter(FilterChainProxy.java:365) ~[spring-security-web-6.4.3.jar!/:6.4.3]
	at org.springframework.security.web.access.intercept.AuthorizationFilter.doFilter(AuthorizationFilter.java:101) ~[spring-security-web-6.4.3.jar!/:6.4.3]
	at org.springframework.security.web.FilterChainProxy$VirtualFilterChain.doFilter(FilterChainProxy.java:374) ~[spring-security-web-6.4.3.jar!/:6.4.3]
	at org.springframework.security.web.access.ExceptionTranslationFilter.doFilter(ExceptionTranslationFilter.java:126) ~[spring-security-web-6.4.3.jar!/:6.4.3]
	at org.springframework.security.web.access.ExceptionTranslationFilter.doFilter(ExceptionTranslationFilter.java:120) ~[spring-security-web-6.4.3.jar!/:6.4.3]
	at org.springframework.security.web.FilterChainProxy$VirtualFilterChain.doFilter(FilterChainProxy.java:374) ~[spring-security-web-6.4.3.jar!/:6.4.3]
	at org.springframework.security.web.authentication.AnonymousAuthenticationFilter.doFilter(AnonymousAuthenticationFilter.java:100) ~[spring-security-web-6.4.3.jar!/:6.4.3]
	at org.springframework.security.web.FilterChainProxy$VirtualFilterChain.doFilter(FilterChainProxy.java:374) ~[spring-security-web-6.4.3.jar!/:6.4.3]
	at org.springframework.security.web.servletapi.SecurityContextHolderAwareRequestFilter.doFilter(SecurityContextHolderAwareRequestFilter.java:179) ~[spring-security-web-6.4.3.jar!/:6.4.3]
	at org.springframework.security.web.FilterChainProxy$VirtualFilterChain.doFilter(FilterChainProxy.java:374) ~[spring-security-web-6.4.3.jar!/:6.4.3]
	at org.springframework.security.web.savedrequest.RequestCacheAwareFilter.doFilter(RequestCacheAwareFilter.java:63) ~[spring-security-web-6.4.3.jar!/:6.4.3]
	at org.springframework.security.web.FilterChainProxy$VirtualFilterChain.doFilter(FilterChainProxy.java:374) ~[spring-security-web-6.4.3.jar!/:6.4.3]
	at org.springframework.security.web.authentication.logout.LogoutFilter.doFilter(LogoutFilter.java:107) ~[spring-security-web-6.4.3.jar!/:6.4.3]
	at org.springframework.security.web.authentication.logout.LogoutFilter.doFilter(LogoutFilter.java:93) ~[spring-security-web-6.4.3.jar!/:6.4.3]
	at org.springframework.security.web.FilterChainProxy$VirtualFilterChain.doFilter(FilterChainProxy.java:374) ~[spring-security-web-6.4.3.jar!/:6.4.3]
	at org.springframework.web.filter.CorsFilter.doFilterInternal(CorsFilter.java:91) ~[spring-web-6.2.3.jar!/:6.2.3]
	at org.springframework.web.filter.OncePerRequestFilter.doFilter(OncePerRequestFilter.java:116) ~[spring-web-6.2.3.jar!/:6.2.3]
	at org.springframework.security.web.FilterChainProxy$VirtualFilterChain.doFilter(FilterChainProxy.java:374) ~[spring-security-web-6.4.3.jar!/:6.4.3]
	at org.springframework.security.web.header.HeaderWriterFilter.doHeadersAfter(HeaderWriterFilter.java:90) ~[spring-security-web-6.4.3.jar!/:6.4.3]
	at org.springframework.security.web.header.HeaderWriterFilter.doFilterInternal(HeaderWriterFilter.java:75) ~[spring-security-web-6.4.3.jar!/:6.4.3]
	at org.springframework.web.filter.OncePerRequestFilter.doFilter(OncePerRequestFilter.java:116) ~[spring-web-6.2.3.jar!/:6.2.3]
	at org.springframework.security.web.FilterChainProxy$VirtualFilterChain.doFilter(FilterChainProxy.java:374) ~[spring-security-web-6.4.3.jar!/:6.4.3]
	at org.springframework.security.web.context.SecurityContextHolderFilter.doFilter(SecurityContextHolderFilter.java:82) ~[spring-security-web-6.4.3.jar!/:6.4.3]
	at org.springframework.security.web.context.SecurityContextHolderFilter.doFilter(SecurityContextHolderFilter.java:69) ~[spring-security-web-6.4.3.jar!/:6.4.3]
	at org.springframework.security.web.FilterChainProxy$VirtualFilterChain.doFilter(FilterChainProxy.java:374) ~[spring-security-web-6.4.3.jar!/:6.4.3]
	at org.springframework.security.web.context.request.async.WebAsyncManagerIntegrationFilter.doFilterInternal(WebAsyncManagerIntegrationFilter.java:62) ~[spring-security-web-6.4.3.jar!/:6.4.3]
	at org.springframework.web.filter.OncePerRequestFilter.doFilter(OncePerRequestFilter.java:116) ~[spring-web-6.2.3.jar!/:6.2.3]
	at org.springframework.security.web.FilterChainProxy$VirtualFilterChain.doFilter(FilterChainProxy.java:374) ~[spring-security-web-6.4.3.jar!/:6.4.3]
	at org.springframework.security.web.session.DisableEncodeUrlFilter.doFilterInternal(DisableEncodeUrlFilter.java:42) ~[spring-security-web-6.4.3.jar!/:6.4.3]
	at org.springframework.web.filter.OncePerRequestFilter.doFilter(OncePerRequestFilter.java:116) ~[spring-web-6.2.3.jar!/:6.2.3]
	at org.springframework.security.web.FilterChainProxy$VirtualFilterChain.doFilter(FilterChainProxy.java:374) ~[spring-security-web-6.4.3.jar!/:6.4.3]
	at org.springframework.security.web.FilterChainProxy.doFilterInternal(FilterChainProxy.java:233) ~[spring-security-web-6.4.3.jar!/:6.4.3]
	at org.springframework.security.web.FilterChainProxy.doFilter(FilterChainProxy.java:191) ~[spring-security-web-6.4.3.jar!/:6.4.3]
	at org.springframework.web.filter.CompositeFilter$VirtualFilterChain.doFilter(CompositeFilter.java:113) ~[spring-web-6.2.3.jar!/:6.2.3]
	at org.springframework.web.servlet.handler.HandlerMappingIntrospector.lambda$createCacheFilter$3(HandlerMappingIntrospector.java:243) ~[spring-webmvc-6.2.3.jar!/:6.2.3]
	at org.springframework.web.filter.CompositeFilter$VirtualFilterChain.doFilter(CompositeFilter.java:113) ~[spring-web-6.2.3.jar!/:6.2.3]
	at org.springframework.web.filter.CompositeFilter.doFilter(CompositeFilter.java:74) ~[spring-web-6.2.3.jar!/:6.2.3]
	at org.springframework.security.config.annotation.web.configuration.WebMvcSecurityConfiguration$CompositeFilterChainProxy.doFilter(WebMvcSecurityConfiguration.java:238) ~[spring-security-config-6.4.3.jar!/:6.4.3]
	at org.springframework.web.filter.DelegatingFilterProxy.invokeDelegate(DelegatingFilterProxy.java:362) ~[spring-web-6.2.3.jar!/:6.2.3]
	at org.springframework.web.filter.DelegatingFilterProxy.doFilter(DelegatingFilterProxy.java:278) ~[spring-web-6.2.3.jar!/:6.2.3]
	at org.apache.catalina.core.ApplicationFilterChain.internalDoFilter(ApplicationFilterChain.java:164) ~[tomcat-embed-core-10.1.36.jar!/:na]
	at org.apache.catalina.core.ApplicationFilterChain.doFilter(ApplicationFilterChain.java:140) ~[tomcat-embed-core-10.1.36.jar!/:na]
	at org.springframework.web.filter.RequestContextFilter.doFilterInternal(RequestContextFilter.java:100) ~[spring-web-6.2.3.jar!/:6.2.3]
	at org.springframework.web.filter.OncePerRequestFilter.doFilter(OncePerRequestFilter.java:116) ~[spring-web-6.2.3.jar!/:6.2.3]
	at org.apache.catalina.core.ApplicationFilterChain.internalDoFilter(ApplicationFilterChain.java:164) ~[tomcat-embed-core-10.1.36.jar!/:na]
	at org.apache.catalina.core.ApplicationFilterChain.doFilter(ApplicationFilterChain.java:140) ~[tomcat-embed-core-10.1.36.jar!/:na]
	at org.springframework.web.filter.FormContentFilter.doFilterInternal(FormContentFilter.java:93) ~[spring-web-6.2.3.jar!/:6.2.3]
	at org.springframework.web.filter.OncePerRequestFilter.doFilter(OncePerRequestFilter.java:116) ~[spring-web-6.2.3.jar!/:6.2.3]
	at org.apache.catalina.core.ApplicationFilterChain.internalDoFilter(ApplicationFilterChain.java:164) ~[tomcat-embed-core-10.1.36.jar!/:na]
	at org.apache.catalina.core.ApplicationFilterChain.doFilter(ApplicationFilterChain.java:140) ~[tomcat-embed-core-10.1.36.jar!/:na]
	at org.springframework.web.filter.CharacterEncodingFilter.doFilterInternal(CharacterEncodingFilter.java:201) ~[spring-web-6.2.3.jar!/:6.2.3]
	at org.springframework.web.filter.OncePerRequestFilter.doFilter(OncePerRequestFilter.java:116) ~[spring-web-6.2.3.jar!/:6.2.3]
	at org.apache.catalina.core.ApplicationFilterChain.internalDoFilter(ApplicationFilterChain.java:164) ~[tomcat-embed-core-10.1.36.jar!/:na]
	at org.apache.catalina.core.ApplicationFilterChain.doFilter(ApplicationFilterChain.java:140) ~[tomcat-embed-core-10.1.36.jar!/:na]
	at org.apache.catalina.core.StandardWrapperValve.invoke(StandardWrapperValve.java:167) ~[tomcat-embed-core-10.1.36.jar!/:na]
	at org.apache.catalina.core.StandardContextValve.invoke(StandardContextValve.java:90) ~[tomcat-embed-core-10.1.36.jar!/:na]
	at org.apache.catalina.authenticator.AuthenticatorBase.invoke(AuthenticatorBase.java:483) ~[tomcat-embed-core-10.1.36.jar!/:na]
	at org.apache.catalina.core.StandardHostValve.invoke(StandardHostValve.java:115) ~[tomcat-embed-core-10.1.36.jar!/:na]
	at org.apache.catalina.valves.ErrorReportValve.invoke(ErrorReportValve.java:93) ~[tomcat-embed-core-10.1.36.jar!/:na]
	at org.apache.catalina.core.StandardEngineValve.invoke(StandardEngineValve.java:74) ~[tomcat-embed-core-10.1.36.jar!/:na]
	at org.apache.catalina.connector.CoyoteAdapter.service(CoyoteAdapter.java:344) ~[tomcat-embed-core-10.1.36.jar!/:na]
	at org.apache.coyote.http11.Http11Processor.service(Http11Processor.java:397) ~[tomcat-embed-core-10.1.36.jar!/:na]
	at org.apache.coyote.AbstractProcessorLight.process(AbstractProcessorLight.java:63) ~[tomcat-embed-core-10.1.36.jar!/:na]
	at org.apache.coyote.AbstractProtocol$ConnectionHandler.process(AbstractProtocol.java:905) ~[tomcat-embed-core-10.1.36.jar!/:na]
	at org.apache.tomcat.util.net.NioEndpoint$SocketProcessor.doRun(NioEndpoint.java:1743) ~[tomcat-embed-core-10.1.36.jar!/:na]
	at org.apache.tomcat.util.net.SocketProcessorBase.run(SocketProcessorBase.java:52) ~[tomcat-embed-core-10.1.36.jar!/:na]
	at org.apache.tomcat.util.threads.ThreadPoolExecutor.runWorker(ThreadPoolExecutor.java:1190) ~[tomcat-embed-core-10.1.36.jar!/:na]
	at org.apache.tomcat.util.threads.ThreadPoolExecutor$Worker.run(ThreadPoolExecutor.java:659) ~[tomcat-embed-core-10.1.36.jar!/:na]
	at org.apache.tomcat.util.threads.TaskThread$WrappingRunnable.run(TaskThread.java:63) ~[tomcat-embed-core-10.1.36.jar!/:na]
	at java.base/java.lang.Thread.run(Thread.java:1583) ~[na:na]

2025-05-25T18:02:04.074Z ERROR 42081 --- [apiAE] [nio-8080-exec-3] o.a.c.c.C.[.[.[/].[dispatcherServlet]    : Servlet.service() for servlet [dispatcherServlet] in context with path [] threw exception

io.jsonwebtoken.ExpiredJwtException: JWT expired at 2025-05-25T17:57:33Z. Current time: 2025-05-25T18:02:04Z, a difference of 271074 milliseconds.  Allowed clock skew: 0 milliseconds.
	at io.jsonwebtoken.impl.DefaultJwtParser.parse(DefaultJwtParser.java:427) ~[jjwt-impl-0.11.5.jar!/:0.11.5]
	at io.jsonwebtoken.impl.DefaultJwtParser.parse(DefaultJwtParser.java:529) ~[jjwt-impl-0.11.5.jar!/:0.11.5]
	at io.jsonwebtoken.impl.DefaultJwtParser.parseClaimsJws(DefaultJwtParser.java:589) ~[jjwt-impl-0.11.5.jar!/:0.11.5]
	at io.jsonwebtoken.impl.ImmutableJwtParser.parseClaimsJws(ImmutableJwtParser.java:173) ~[jjwt-impl-0.11.5.jar!/:0.11.5]
	at com.AgroEnvios.apiAE.Security.JwtUtil.extractAllClaims(JwtUtil.java:81) ~[!/:0.0.1-SNAPSHOT]
	at com.AgroEnvios.apiAE.Security.JwtUtil.extractUsername(JwtUtil.java:55) ~[!/:0.0.1-SNAPSHOT]
	at com.AgroEnvios.apiAE.Security.JwtFilter.doFilterInternal(JwtFilter.java:33) ~[!/:0.0.1-SNAPSHOT]
	at org.springframework.web.filter.OncePerRequestFilter.doFilter(OncePerRequestFilter.java:116) ~[spring-web-6.2.3.jar!/:6.2.3]
	at org.apache.catalina.core.ApplicationFilterChain.internalDoFilter(ApplicationFilterChain.java:164) ~[tomcat-embed-core-10.1.36.jar!/:na]
	at org.apache.catalina.core.ApplicationFilterChain.doFilter(ApplicationFilterChain.java:140) ~[tomcat-embed-core-10.1.36.jar!/:na]
	at org.springframework.web.filter.CompositeFilter$VirtualFilterChain.doFilter(CompositeFilter.java:108) ~[spring-web-6.2.3.jar!/:6.2.3]
	at org.springframework.security.web.FilterChainProxy.lambda$doFilterInternal$3(FilterChainProxy.java:231) ~[spring-security-web-6.4.3.jar!/:6.4.3]
	at org.springframework.security.web.FilterChainProxy$VirtualFilterChain.doFilter(FilterChainProxy.java:365) ~[spring-security-web-6.4.3.jar!/:6.4.3]
	at org.springframework.security.web.access.intercept.AuthorizationFilter.doFilter(AuthorizationFilter.java:101) ~[spring-security-web-6.4.3.jar!/:6.4.3]
	at org.springframework.security.web.FilterChainProxy$VirtualFilterChain.doFilter(FilterChainProxy.java:374) ~[spring-security-web-6.4.3.jar!/:6.4.3]
	at org.springframework.security.web.access.ExceptionTranslationFilter.doFilter(ExceptionTranslationFilter.java:126) ~[spring-security-web-6.4.3.jar!/:6.4.3]
	at org.springframework.security.web.access.ExceptionTranslationFilter.doFilter(ExceptionTranslationFilter.java:120) ~[spring-security-web-6.4.3.jar!/:6.4.3]
	at org.springframework.security.web.FilterChainProxy$VirtualFilterChain.doFilter(FilterChainProxy.java:374) ~[spring-security-web-6.4.3.jar!/:6.4.3]
	at org.springframework.security.web.authentication.AnonymousAuthenticationFilter.doFilter(AnonymousAuthenticationFilter.java:100) ~[spring-security-web-6.4.3.jar!/:6.4.3]
	at org.springframework.security.web.FilterChainProxy$VirtualFilterChain.doFilter(FilterChainProxy.java:374) ~[spring-security-web-6.4.3.jar!/:6.4.3]
	at org.springframework.security.web.servletapi.SecurityContextHolderAwareRequestFilter.doFilter(SecurityContextHolderAwareRequestFilter.java:179) ~[spring-security-web-6.4.3.jar!/:6.4.3]
	at org.springframework.security.web.FilterChainProxy$VirtualFilterChain.doFilter(FilterChainProxy.java:374) ~[spring-security-web-6.4.3.jar!/:6.4.3]
	at org.springframework.security.web.savedrequest.RequestCacheAwareFilter.doFilter(RequestCacheAwareFilter.java:63) ~[spring-security-web-6.4.3.jar!/:6.4.3]
	at org.springframework.security.web.FilterChainProxy$VirtualFilterChain.doFilter(FilterChainProxy.java:374) ~[spring-security-web-6.4.3.jar!/:6.4.3]
	at org.springframework.security.web.authentication.logout.LogoutFilter.doFilter(LogoutFilter.java:107) ~[spring-security-web-6.4.3.jar!/:6.4.3]
	at org.springframework.security.web.authentication.logout.LogoutFilter.doFilter(LogoutFilter.java:93) ~[spring-security-web-6.4.3.jar!/:6.4.3]
	at org.springframework.security.web.FilterChainProxy$VirtualFilterChain.doFilter(FilterChainProxy.java:374) ~[spring-security-web-6.4.3.jar!/:6.4.3]
	at org.springframework.web.filter.CorsFilter.doFilterInternal(CorsFilter.java:91) ~[spring-web-6.2.3.jar!/:6.2.3]
	at org.springframework.web.filter.OncePerRequestFilter.doFilter(OncePerRequestFilter.java:116) ~[spring-web-6.2.3.jar!/:6.2.3]
	at org.springframework.security.web.FilterChainProxy$VirtualFilterChain.doFilter(FilterChainProxy.java:374) ~[spring-security-web-6.4.3.jar!/:6.4.3]
	at org.springframework.security.web.header.HeaderWriterFilter.doHeadersAfter(HeaderWriterFilter.java:90) ~[spring-security-web-6.4.3.jar!/:6.4.3]
	at org.springframework.security.web.header.HeaderWriterFilter.doFilterInternal(HeaderWriterFilter.java:75) ~[spring-security-web-6.4.3.jar!/:6.4.3]
	at org.springframework.web.filter.OncePerRequestFilter.doFilter(OncePerRequestFilter.java:116) ~[spring-web-6.2.3.jar!/:6.2.3]
	at org.springframework.security.web.FilterChainProxy$VirtualFilterChain.doFilter(FilterChainProxy.java:374) ~[spring-security-web-6.4.3.jar!/:6.4.3]
	at org.springframework.security.web.context.SecurityContextHolderFilter.doFilter(SecurityContextHolderFilter.java:82) ~[spring-security-web-6.4.3.jar!/:6.4.3]
	at org.springframework.security.web.context.SecurityContextHolderFilter.doFilter(SecurityContextHolderFilter.java:69) ~[spring-security-web-6.4.3.jar!/:6.4.3]
	at org.springframework.security.web.FilterChainProxy$VirtualFilterChain.doFilter(FilterChainProxy.java:374) ~[spring-security-web-6.4.3.jar!/:6.4.3]
	at org.springframework.security.web.context.request.async.WebAsyncManagerIntegrationFilter.doFilterInternal(WebAsyncManagerIntegrationFilter.java:62) ~[spring-security-web-6.4.3.jar!/:6.4.3]
	at org.springframework.web.filter.OncePerRequestFilter.doFilter(OncePerRequestFilter.java:116) ~[spring-web-6.2.3.jar!/:6.2.3]
	at org.springframework.security.web.FilterChainProxy$VirtualFilterChain.doFilter(FilterChainProxy.java:374) ~[spring-security-web-6.4.3.jar!/:6.4.3]
	at org.springframework.security.web.session.DisableEncodeUrlFilter.doFilterInternal(DisableEncodeUrlFilter.java:42) ~[spring-security-web-6.4.3.jar!/:6.4.3]
	at org.springframework.web.filter.OncePerRequestFilter.doFilter(OncePerRequestFilter.java:116) ~[spring-web-6.2.3.jar!/:6.2.3]
	at org.springframework.security.web.FilterChainProxy$VirtualFilterChain.doFilter(FilterChainProxy.java:374) ~[spring-security-web-6.4.3.jar!/:6.4.3]
	at org.springframework.security.web.FilterChainProxy.doFilterInternal(FilterChainProxy.java:233) ~[spring-security-web-6.4.3.jar!/:6.4.3]
	at org.springframework.security.web.FilterChainProxy.doFilter(FilterChainProxy.java:191) ~[spring-security-web-6.4.3.jar!/:6.4.3]
	at org.springframework.web.filter.CompositeFilter$VirtualFilterChain.doFilter(CompositeFilter.java:113) ~[spring-web-6.2.3.jar!/:6.2.3]
	at org.springframework.web.servlet.handler.HandlerMappingIntrospector.lambda$createCacheFilter$3(HandlerMappingIntrospector.java:243) ~[spring-webmvc-6.2.3.jar!/:6.2.3]
	at org.springframework.web.filter.CompositeFilter$VirtualFilterChain.doFilter(CompositeFilter.java:113) ~[spring-web-6.2.3.jar!/:6.2.3]
	at org.springframework.web.filter.CompositeFilter.doFilter(CompositeFilter.java:74) ~[spring-web-6.2.3.jar!/:6.2.3]
	at org.springframework.security.config.annotation.web.configuration.WebMvcSecurityConfiguration$CompositeFilterChainProxy.doFilter(WebMvcSecurityConfiguration.java:238) ~[spring-security-config-6.4.3.jar!/:6.4.3]
	at org.springframework.web.filter.DelegatingFilterProxy.invokeDelegate(DelegatingFilterProxy.java:362) ~[spring-web-6.2.3.jar!/:6.2.3]
	at org.springframework.web.filter.DelegatingFilterProxy.doFilter(DelegatingFilterProxy.java:278) ~[spring-web-6.2.3.jar!/:6.2.3]
	at org.apache.catalina.core.ApplicationFilterChain.internalDoFilter(ApplicationFilterChain.java:164) ~[tomcat-embed-core-10.1.36.jar!/:na]
	at org.apache.catalina.core.ApplicationFilterChain.doFilter(ApplicationFilterChain.java:140) ~[tomcat-embed-core-10.1.36.jar!/:na]
	at org.springframework.web.filter.RequestContextFilter.doFilterInternal(RequestContextFilter.java:100) ~[spring-web-6.2.3.jar!/:6.2.3]
	at org.springframework.web.filter.OncePerRequestFilter.doFilter(OncePerRequestFilter.java:116) ~[spring-web-6.2.3.jar!/:6.2.3]
	at org.apache.catalina.core.ApplicationFilterChain.internalDoFilter(ApplicationFilterChain.java:164) ~[tomcat-embed-core-10.1.36.jar!/:na]
	at org.apache.catalina.core.ApplicationFilterChain.doFilter(ApplicationFilterChain.java:140) ~[tomcat-embed-core-10.1.36.jar!/:na]
	at org.springframework.web.filter.FormContentFilter.doFilterInternal(FormContentFilter.java:93) ~[spring-web-6.2.3.jar!/:6.2.3]
	at org.springframework.web.filter.OncePerRequestFilter.doFilter(OncePerRequestFilter.java:116) ~[spring-web-6.2.3.jar!/:6.2.3]
	at org.apache.catalina.core.ApplicationFilterChain.internalDoFilter(ApplicationFilterChain.java:164) ~[tomcat-embed-core-10.1.36.jar!/:na]
	at org.apache.catalina.core.ApplicationFilterChain.doFilter(ApplicationFilterChain.java:140) ~[tomcat-embed-core-10.1.36.jar!/:na]
	at org.springframework.web.filter.CharacterEncodingFilter.doFilterInternal(CharacterEncodingFilter.java:201) ~[spring-web-6.2.3.jar!/:6.2.3]
	at org.springframework.web.filter.OncePerRequestFilter.doFilter(OncePerRequestFilter.java:116) ~[spring-web-6.2.3.jar!/:6.2.3]
	at org.apache.catalina.core.ApplicationFilterChain.internalDoFilter(ApplicationFilterChain.java:164) ~[tomcat-embed-core-10.1.36.jar!/:na]
	at org.apache.catalina.core.ApplicationFilterChain.doFilter(ApplicationFilterChain.java:140) ~[tomcat-embed-core-10.1.36.jar!/:na]
	at org.apache.catalina.core.StandardWrapperValve.invoke(StandardWrapperValve.java:167) ~[tomcat-embed-core-10.1.36.jar!/:na]
	at org.apache.catalina.core.StandardContextValve.invoke(StandardContextValve.java:90) ~[tomcat-embed-core-10.1.36.jar!/:na]
	at org.apache.catalina.authenticator.AuthenticatorBase.invoke(AuthenticatorBase.java:483) ~[tomcat-embed-core-10.1.36.jar!/:na]
	at org.apache.catalina.core.StandardHostValve.invoke(StandardHostValve.java:115) ~[tomcat-embed-core-10.1.36.jar!/:na]
	at org.apache.catalina.valves.ErrorReportValve.invoke(ErrorReportValve.java:93) ~[tomcat-embed-core-10.1.36.jar!/:na]
	at org.apache.catalina.core.StandardEngineValve.invoke(StandardEngineValve.java:74) ~[tomcat-embed-core-10.1.36.jar!/:na]
	at org.apache.catalina.connector.CoyoteAdapter.service(CoyoteAdapter.java:344) ~[tomcat-embed-core-10.1.36.jar!/:na]
	at org.apache.coyote.http11.Http11Processor.service(Http11Processor.java:397) ~[tomcat-embed-core-10.1.36.jar!/:na]
	at org.apache.coyote.AbstractProcessorLight.process(AbstractProcessorLight.java:63) ~[tomcat-embed-core-10.1.36.jar!/:na]
	at org.apache.coyote.AbstractProtocol$ConnectionHandler.process(AbstractProtocol.java:905) ~[tomcat-embed-core-10.1.36.jar!/:na]
	at org.apache.tomcat.util.net.NioEndpoint$SocketProcessor.doRun(NioEndpoint.java:1743) ~[tomcat-embed-core-10.1.36.jar!/:na]
	at org.apache.tomcat.util.net.SocketProcessorBase.run(SocketProcessorBase.java:52) ~[tomcat-embed-core-10.1.36.jar!/:na]
	at org.apache.tomcat.util.threads.ThreadPoolExecutor.runWorker(ThreadPoolExecutor.java:1190) ~[tomcat-embed-core-10.1.36.jar!/:na]
	at org.apache.tomcat.util.threads.ThreadPoolExecutor$Worker.run(ThreadPoolExecutor.java:659) ~[tomcat-embed-core-10.1.36.jar!/:na]
	at org.apache.tomcat.util.threads.TaskThread$WrappingRunnable.run(TaskThread.java:63) ~[tomcat-embed-core-10.1.36.jar!/:na]
	at java.base/java.lang.Thread.run(Thread.java:1583) ~[na:na]

2025-05-25T18:02:05.453Z ERROR 42081 --- [apiAE] [nio-8080-exec-5] o.a.c.c.C.[.[.[/].[dispatcherServlet]    : Servlet.service() for servlet [dispatcherServlet] in context with path [] threw exception

io.jsonwebtoken.ExpiredJwtException: JWT expired at 2025-05-25T17:57:33Z. Current time: 2025-05-25T18:02:05Z, a difference of 272452 milliseconds.  Allowed clock skew: 0 milliseconds.
	at io.jsonwebtoken.impl.DefaultJwtParser.parse(DefaultJwtParser.java:427) ~[jjwt-impl-0.11.5.jar!/:0.11.5]
	at io.jsonwebtoken.impl.DefaultJwtParser.parse(DefaultJwtParser.java:529) ~[jjwt-impl-0.11.5.jar!/:0.11.5]
	at io.jsonwebtoken.impl.DefaultJwtParser.parseClaimsJws(DefaultJwtParser.java:589) ~[jjwt-impl-0.11.5.jar!/:0.11.5]
	at io.jsonwebtoken.impl.ImmutableJwtParser.parseClaimsJws(ImmutableJwtParser.java:173) ~[jjwt-impl-0.11.5.jar!/:0.11.5]
	at com.AgroEnvios.apiAE.Security.JwtUtil.extractAllClaims(JwtUtil.java:81) ~[!/:0.0.1-SNAPSHOT]
	at com.AgroEnvios.apiAE.Security.JwtUtil.extractUsername(JwtUtil.java:55) ~[!/:0.0.1-SNAPSHOT]
	at com.AgroEnvios.apiAE.Security.JwtFilter.doFilterInternal(JwtFilter.java:33) ~[!/:0.0.1-SNAPSHOT]
	at org.springframework.web.filter.OncePerRequestFilter.doFilter(OncePerRequestFilter.java:116) ~[spring-web-6.2.3.jar!/:6.2.3]
	at org.apache.catalina.core.ApplicationFilterChain.internalDoFilter(ApplicationFilterChain.java:164) ~[tomcat-embed-core-10.1.36.jar!/:na]
	at org.apache.catalina.core.ApplicationFilterChain.doFilter(ApplicationFilterChain.java:140) ~[tomcat-embed-core-10.1.36.jar!/:na]
	at org.springframework.web.filter.CompositeFilter$VirtualFilterChain.doFilter(CompositeFilter.java:108) ~[spring-web-6.2.3.jar!/:6.2.3]
	at org.springframework.security.web.FilterChainProxy.lambda$doFilterInternal$3(FilterChainProxy.java:231) ~[spring-security-web-6.4.3.jar!/:6.4.3]
	at org.springframework.security.web.FilterChainProxy$VirtualFilterChain.doFilter(FilterChainProxy.java:365) ~[spring-security-web-6.4.3.jar!/:6.4.3]
	at org.springframework.security.web.access.intercept.AuthorizationFilter.doFilter(AuthorizationFilter.java:101) ~[spring-security-web-6.4.3.jar!/:6.4.3]
	at org.springframework.security.web.FilterChainProxy$VirtualFilterChain.doFilter(FilterChainProxy.java:374) ~[spring-security-web-6.4.3.jar!/:6.4.3]
	at org.springframework.security.web.access.ExceptionTranslationFilter.doFilter(ExceptionTranslationFilter.java:126) ~[spring-security-web-6.4.3.jar!/:6.4.3]
	at org.springframework.security.web.access.ExceptionTranslationFilter.doFilter(ExceptionTranslationFilter.java:120) ~[spring-security-web-6.4.3.jar!/:6.4.3]
	at org.springframework.security.web.FilterChainProxy$VirtualFilterChain.doFilter(FilterChainProxy.java:374) ~[spring-security-web-6.4.3.jar!/:6.4.3]
	at org.springframework.security.web.authentication.AnonymousAuthenticationFilter.doFilter(AnonymousAuthenticationFilter.java:100) ~[spring-security-web-6.4.3.jar!/:6.4.3]
	at org.springframework.security.web.FilterChainProxy$VirtualFilterChain.doFilter(FilterChainProxy.java:374) ~[spring-security-web-6.4.3.jar!/:6.4.3]
	at org.springframework.security.web.servletapi.SecurityContextHolderAwareRequestFilter.doFilter(SecurityContextHolderAwareRequestFilter.java:179) ~[spring-security-web-6.4.3.jar!/:6.4.3]
	at org.springframework.security.web.FilterChainProxy$VirtualFilterChain.doFilter(FilterChainProxy.java:374) ~[spring-security-web-6.4.3.jar!/:6.4.3]
	at org.springframework.security.web.savedrequest.RequestCacheAwareFilter.doFilter(RequestCacheAwareFilter.java:63) ~[spring-security-web-6.4.3.jar!/:6.4.3]
	at org.springframework.security.web.FilterChainProxy$VirtualFilterChain.doFilter(FilterChainProxy.java:374) ~[spring-security-web-6.4.3.jar!/:6.4.3]
	at org.springframework.security.web.authentication.logout.LogoutFilter.doFilter(LogoutFilter.java:107) ~[spring-security-web-6.4.3.jar!/:6.4.3]
	at org.springframework.security.web.authentication.logout.LogoutFilter.doFilter(LogoutFilter.java:93) ~[spring-security-web-6.4.3.jar!/:6.4.3]
	at org.springframework.security.web.FilterChainProxy$VirtualFilterChain.doFilter(FilterChainProxy.java:374) ~[spring-security-web-6.4.3.jar!/:6.4.3]
	at org.springframework.web.filter.CorsFilter.doFilterInternal(CorsFilter.java:91) ~[spring-web-6.2.3.jar!/:6.2.3]
	at org.springframework.web.filter.OncePerRequestFilter.doFilter(OncePerRequestFilter.java:116) ~[spring-web-6.2.3.jar!/:6.2.3]
	at org.springframework.security.web.FilterChainProxy$VirtualFilterChain.doFilter(FilterChainProxy.java:374) ~[spring-security-web-6.4.3.jar!/:6.4.3]
	at org.springframework.security.web.header.HeaderWriterFilter.doHeadersAfter(HeaderWriterFilter.java:90) ~[spring-security-web-6.4.3.jar!/:6.4.3]
	at org.springframework.security.web.header.HeaderWriterFilter.doFilterInternal(HeaderWriterFilter.java:75) ~[spring-security-web-6.4.3.jar!/:6.4.3]
	at org.springframework.web.filter.OncePerRequestFilter.doFilter(OncePerRequestFilter.java:116) ~[spring-web-6.2.3.jar!/:6.2.3]
	at org.springframework.security.web.FilterChainProxy$VirtualFilterChain.doFilter(FilterChainProxy.java:374) ~[spring-security-web-6.4.3.jar!/:6.4.3]
	at org.springframework.security.web.context.SecurityContextHolderFilter.doFilter(SecurityContextHolderFilter.java:82) ~[spring-security-web-6.4.3.jar!/:6.4.3]
	at org.springframework.security.web.context.SecurityContextHolderFilter.doFilter(SecurityContextHolderFilter.java:69) ~[spring-security-web-6.4.3.jar!/:6.4.3]
	at org.springframework.security.web.FilterChainProxy$VirtualFilterChain.doFilter(FilterChainProxy.java:374) ~[spring-security-web-6.4.3.jar!/:6.4.3]
	at org.springframework.security.web.context.request.async.WebAsyncManagerIntegrationFilter.doFilterInternal(WebAsyncManagerIntegrationFilter.java:62) ~[spring-security-web-6.4.3.jar!/:6.4.3]
	at org.springframework.web.filter.OncePerRequestFilter.doFilter(OncePerRequestFilter.java:116) ~[spring-web-6.2.3.jar!/:6.2.3]
	at org.springframework.security.web.FilterChainProxy$VirtualFilterChain.doFilter(FilterChainProxy.java:374) ~[spring-security-web-6.4.3.jar!/:6.4.3]
	at org.springframework.security.web.session.DisableEncodeUrlFilter.doFilterInternal(DisableEncodeUrlFilter.java:42) ~[spring-security-web-6.4.3.jar!/:6.4.3]
	at org.springframework.web.filter.OncePerRequestFilter.doFilter(OncePerRequestFilter.java:116) ~[spring-web-6.2.3.jar!/:6.2.3]
	at org.springframework.security.web.FilterChainProxy$VirtualFilterChain.doFilter(FilterChainProxy.java:374) ~[spring-security-web-6.4.3.jar!/:6.4.3]
	at org.springframework.security.web.FilterChainProxy.doFilterInternal(FilterChainProxy.java:233) ~[spring-security-web-6.4.3.jar!/:6.4.3]
	at org.springframework.security.web.FilterChainProxy.doFilter(FilterChainProxy.java:191) ~[spring-security-web-6.4.3.jar!/:6.4.3]
	at org.springframework.web.filter.CompositeFilter$VirtualFilterChain.doFilter(CompositeFilter.java:113) ~[spring-web-6.2.3.jar!/:6.2.3]
	at org.springframework.web.servlet.handler.HandlerMappingIntrospector.lambda$createCacheFilter$3(HandlerMappingIntrospector.java:243) ~[spring-webmvc-6.2.3.jar!/:6.2.3]
	at org.springframework.web.filter.CompositeFilter$VirtualFilterChain.doFilter(CompositeFilter.java:113) ~[spring-web-6.2.3.jar!/:6.2.3]
	at org.springframework.web.filter.CompositeFilter.doFilter(CompositeFilter.java:74) ~[spring-web-6.2.3.jar!/:6.2.3]
	at org.springframework.security.config.annotation.web.configuration.WebMvcSecurityConfiguration$CompositeFilterChainProxy.doFilter(WebMvcSecurityConfiguration.java:238) ~[spring-security-config-6.4.3.jar!/:6.4.3]
	at org.springframework.web.filter.DelegatingFilterProxy.invokeDelegate(DelegatingFilterProxy.java:362) ~[spring-web-6.2.3.jar!/:6.2.3]
	at org.springframework.web.filter.DelegatingFilterProxy.doFilter(DelegatingFilterProxy.java:278) ~[spring-web-6.2.3.jar!/:6.2.3]
	at org.apache.catalina.core.ApplicationFilterChain.internalDoFilter(ApplicationFilterChain.java:164) ~[tomcat-embed-core-10.1.36.jar!/:na]
	at org.apache.catalina.core.ApplicationFilterChain.doFilter(ApplicationFilterChain.java:140) ~[tomcat-embed-core-10.1.36.jar!/:na]
	at org.springframework.web.filter.RequestContextFilter.doFilterInternal(RequestContextFilter.java:100) ~[spring-web-6.2.3.jar!/:6.2.3]
	at org.springframework.web.filter.OncePerRequestFilter.doFilter(OncePerRequestFilter.java:116) ~[spring-web-6.2.3.jar!/:6.2.3]
	at org.apache.catalina.core.ApplicationFilterChain.internalDoFilter(ApplicationFilterChain.java:164) ~[tomcat-embed-core-10.1.36.jar!/:na]
	at org.apache.catalina.core.ApplicationFilterChain.doFilter(ApplicationFilterChain.java:140) ~[tomcat-embed-core-10.1.36.jar!/:na]
	at org.springframework.web.filter.FormContentFilter.doFilterInternal(FormContentFilter.java:93) ~[spring-web-6.2.3.jar!/:6.2.3]
	at org.springframework.web.filter.OncePerRequestFilter.doFilter(OncePerRequestFilter.java:116) ~[spring-web-6.2.3.jar!/:6.2.3]
	at org.apache.catalina.core.ApplicationFilterChain.internalDoFilter(ApplicationFilterChain.java:164) ~[tomcat-embed-core-10.1.36.jar!/:na]
	at org.apache.catalina.core.ApplicationFilterChain.doFilter(ApplicationFilterChain.java:140) ~[tomcat-embed-core-10.1.36.jar!/:na]
	at org.springframework.web.filter.CharacterEncodingFilter.doFilterInternal(CharacterEncodingFilter.java:201) ~[spring-web-6.2.3.jar!/:6.2.3]
	at org.springframework.web.filter.OncePerRequestFilter.doFilter(OncePerRequestFilter.java:116) ~[spring-web-6.2.3.jar!/:6.2.3]
	at org.apache.catalina.core.ApplicationFilterChain.internalDoFilter(ApplicationFilterChain.java:164) ~[tomcat-embed-core-10.1.36.jar!/:na]
	at org.apache.catalina.core.ApplicationFilterChain.doFilter(ApplicationFilterChain.java:140) ~[tomcat-embed-core-10.1.36.jar!/:na]
	at org.apache.catalina.core.StandardWrapperValve.invoke(StandardWrapperValve.java:167) ~[tomcat-embed-core-10.1.36.jar!/:na]
	at org.apache.catalina.core.StandardContextValve.invoke(StandardContextValve.java:90) ~[tomcat-embed-core-10.1.36.jar!/:na]
	at org.apache.catalina.authenticator.AuthenticatorBase.invoke(AuthenticatorBase.java:483) ~[tomcat-embed-core-10.1.36.jar!/:na]
	at org.apache.catalina.core.StandardHostValve.invoke(StandardHostValve.java:115) ~[tomcat-embed-core-10.1.36.jar!/:na]
	at org.apache.catalina.valves.ErrorReportValve.invoke(ErrorReportValve.java:93) ~[tomcat-embed-core-10.1.36.jar!/:na]
	at org.apache.catalina.core.StandardEngineValve.invoke(StandardEngineValve.java:74) ~[tomcat-embed-core-10.1.36.jar!/:na]
	at org.apache.catalina.connector.CoyoteAdapter.service(CoyoteAdapter.java:344) ~[tomcat-embed-core-10.1.36.jar!/:na]
	at org.apache.coyote.http11.Http11Processor.service(Http11Processor.java:397) ~[tomcat-embed-core-10.1.36.jar!/:na]
	at org.apache.coyote.AbstractProcessorLight.process(AbstractProcessorLight.java:63) ~[tomcat-embed-core-10.1.36.jar!/:na]
	at org.apache.coyote.AbstractProtocol$ConnectionHandler.process(AbstractProtocol.java:905) ~[tomcat-embed-core-10.1.36.jar!/:na]
	at org.apache.tomcat.util.net.NioEndpoint$SocketProcessor.doRun(NioEndpoint.java:1743) ~[tomcat-embed-core-10.1.36.jar!/:na]
	at org.apache.tomcat.util.net.SocketProcessorBase.run(SocketProcessorBase.java:52) ~[tomcat-embed-core-10.1.36.jar!/:na]
	at org.apache.tomcat.util.threads.ThreadPoolExecutor.runWorker(ThreadPoolExecutor.java:1190) ~[tomcat-embed-core-10.1.36.jar!/:na]
	at org.apache.tomcat.util.threads.ThreadPoolExecutor$Worker.run(ThreadPoolExecutor.java:659) ~[tomcat-embed-core-10.1.36.jar!/:na]
	at org.apache.tomcat.util.threads.TaskThread$WrappingRunnable.run(TaskThread.java:63) ~[tomcat-embed-core-10.1.36.jar!/:na]
	at java.base/java.lang.Thread.run(Thread.java:1583) ~[na:na]

2025-05-25T18:02:06.759Z ERROR 42081 --- [apiAE] [nio-8080-exec-7] o.a.c.c.C.[.[.[/].[dispatcherServlet]    : Servlet.service() for servlet [dispatcherServlet] in context with path [] threw exception

io.jsonwebtoken.ExpiredJwtException: JWT expired at 2025-05-25T17:57:33Z. Current time: 2025-05-25T18:02:06Z, a difference of 273758 milliseconds.  Allowed clock skew: 0 milliseconds.
	at io.jsonwebtoken.impl.DefaultJwtParser.parse(DefaultJwtParser.java:427) ~[jjwt-impl-0.11.5.jar!/:0.11.5]
	at io.jsonwebtoken.impl.DefaultJwtParser.parse(DefaultJwtParser.java:529) ~[jjwt-impl-0.11.5.jar!/:0.11.5]
	at io.jsonwebtoken.impl.DefaultJwtParser.parseClaimsJws(DefaultJwtParser.java:589) ~[jjwt-impl-0.11.5.jar!/:0.11.5]
	at io.jsonwebtoken.impl.ImmutableJwtParser.parseClaimsJws(ImmutableJwtParser.java:173) ~[jjwt-impl-0.11.5.jar!/:0.11.5]
	at com.AgroEnvios.apiAE.Security.JwtUtil.extractAllClaims(JwtUtil.java:81) ~[!/:0.0.1-SNAPSHOT]
	at com.AgroEnvios.apiAE.Security.JwtUtil.extractUsername(JwtUtil.java:55) ~[!/:0.0.1-SNAPSHOT]
	at com.AgroEnvios.apiAE.Security.JwtFilter.doFilterInternal(JwtFilter.java:33) ~[!/:0.0.1-SNAPSHOT]
	at org.springframework.web.filter.OncePerRequestFilter.doFilter(OncePerRequestFilter.java:116) ~[spring-web-6.2.3.jar!/:6.2.3]
	at org.apache.catalina.core.ApplicationFilterChain.internalDoFilter(ApplicationFilterChain.java:164) ~[tomcat-embed-core-10.1.36.jar!/:na]
	at org.apache.catalina.core.ApplicationFilterChain.doFilter(ApplicationFilterChain.java:140) ~[tomcat-embed-core-10.1.36.jar!/:na]
	at org.springframework.web.filter.CompositeFilter$VirtualFilterChain.doFilter(CompositeFilter.java:108) ~[spring-web-6.2.3.jar!/:6.2.3]
	at org.springframework.security.web.FilterChainProxy.lambda$doFilterInternal$3(FilterChainProxy.java:231) ~[spring-security-web-6.4.3.jar!/:6.4.3]
	at org.springframework.security.web.FilterChainProxy$VirtualFilterChain.doFilter(FilterChainProxy.java:365) ~[spring-security-web-6.4.3.jar!/:6.4.3]
	at org.springframework.security.web.access.intercept.AuthorizationFilter.doFilter(AuthorizationFilter.java:101) ~[spring-security-web-6.4.3.jar!/:6.4.3]
	at org.springframework.security.web.FilterChainProxy$VirtualFilterChain.doFilter(FilterChainProxy.java:374) ~[spring-security-web-6.4.3.jar!/:6.4.3]
	at org.springframework.security.web.access.ExceptionTranslationFilter.doFilter(ExceptionTranslationFilter.java:126) ~[spring-security-web-6.4.3.jar!/:6.4.3]
	at org.springframework.security.web.access.ExceptionTranslationFilter.doFilter(ExceptionTranslationFilter.java:120) ~[spring-security-web-6.4.3.jar!/:6.4.3]
	at org.springframework.security.web.FilterChainProxy$VirtualFilterChain.doFilter(FilterChainProxy.java:374) ~[spring-security-web-6.4.3.jar!/:6.4.3]
	at org.springframework.security.web.authentication.AnonymousAuthenticationFilter.doFilter(AnonymousAuthenticationFilter.java:100) ~[spring-security-web-6.4.3.jar!/:6.4.3]
	at org.springframework.security.web.FilterChainProxy$VirtualFilterChain.doFilter(FilterChainProxy.java:374) ~[spring-security-web-6.4.3.jar!/:6.4.3]
	at org.springframework.security.web.servletapi.SecurityContextHolderAwareRequestFilter.doFilter(SecurityContextHolderAwareRequestFilter.java:179) ~[spring-security-web-6.4.3.jar!/:6.4.3]
	at org.springframework.security.web.FilterChainProxy$VirtualFilterChain.doFilter(FilterChainProxy.java:374) ~[spring-security-web-6.4.3.jar!/:6.4.3]
	at org.springframework.security.web.savedrequest.RequestCacheAwareFilter.doFilter(RequestCacheAwareFilter.java:63) ~[spring-security-web-6.4.3.jar!/:6.4.3]
	at org.springframework.security.web.FilterChainProxy$VirtualFilterChain.doFilter(FilterChainProxy.java:374) ~[spring-security-web-6.4.3.jar!/:6.4.3]
	at org.springframework.security.web.authentication.logout.LogoutFilter.doFilter(LogoutFilter.java:107) ~[spring-security-web-6.4.3.jar!/:6.4.3]
	at org.springframework.security.web.authentication.logout.LogoutFilter.doFilter(LogoutFilter.java:93) ~[spring-security-web-6.4.3.jar!/:6.4.3]
	at org.springframework.security.web.FilterChainProxy$VirtualFilterChain.doFilter(FilterChainProxy.java:374) ~[spring-security-web-6.4.3.jar!/:6.4.3]
	at org.springframework.web.filter.CorsFilter.doFilterInternal(CorsFilter.java:91) ~[spring-web-6.2.3.jar!/:6.2.3]
	at org.springframework.web.filter.OncePerRequestFilter.doFilter(OncePerRequestFilter.java:116) ~[spring-web-6.2.3.jar!/:6.2.3]
	at org.springframework.security.web.FilterChainProxy$VirtualFilterChain.doFilter(FilterChainProxy.java:374) ~[spring-security-web-6.4.3.jar!/:6.4.3]
	at org.springframework.security.web.header.HeaderWriterFilter.doHeadersAfter(HeaderWriterFilter.java:90) ~[spring-security-web-6.4.3.jar!/:6.4.3]
	at org.springframework.security.web.header.HeaderWriterFilter.doFilterInternal(HeaderWriterFilter.java:75) ~[spring-security-web-6.4.3.jar!/:6.4.3]
	at org.springframework.web.filter.OncePerRequestFilter.doFilter(OncePerRequestFilter.java:116) ~[spring-web-6.2.3.jar!/:6.2.3]
	at org.springframework.security.web.FilterChainProxy$VirtualFilterChain.doFilter(FilterChainProxy.java:374) ~[spring-security-web-6.4.3.jar!/:6.4.3]
	at org.springframework.security.web.context.SecurityContextHolderFilter.doFilter(SecurityContextHolderFilter.java:82) ~[spring-security-web-6.4.3.jar!/:6.4.3]
	at org.springframework.security.web.context.SecurityContextHolderFilter.doFilter(SecurityContextHolderFilter.java:69) ~[spring-security-web-6.4.3.jar!/:6.4.3]
	at org.springframework.security.web.FilterChainProxy$VirtualFilterChain.doFilter(FilterChainProxy.java:374) ~[spring-security-web-6.4.3.jar!/:6.4.3]
	at org.springframework.security.web.context.request.async.WebAsyncManagerIntegrationFilter.doFilterInternal(WebAsyncManagerIntegrationFilter.java:62) ~[spring-security-web-6.4.3.jar!/:6.4.3]
	at org.springframework.web.filter.OncePerRequestFilter.doFilter(OncePerRequestFilter.java:116) ~[spring-web-6.2.3.jar!/:6.2.3]
	at org.springframework.security.web.FilterChainProxy$VirtualFilterChain.doFilter(FilterChainProxy.java:374) ~[spring-security-web-6.4.3.jar!/:6.4.3]
	at org.springframework.security.web.session.DisableEncodeUrlFilter.doFilterInternal(DisableEncodeUrlFilter.java:42) ~[spring-security-web-6.4.3.jar!/:6.4.3]
	at org.springframework.web.filter.OncePerRequestFilter.doFilter(OncePerRequestFilter.java:116) ~[spring-web-6.2.3.jar!/:6.2.3]
	at org.springframework.security.web.FilterChainProxy$VirtualFilterChain.doFilter(FilterChainProxy.java:374) ~[spring-security-web-6.4.3.jar!/:6.4.3]
	at org.springframework.security.web.FilterChainProxy.doFilterInternal(FilterChainProxy.java:233) ~[spring-security-web-6.4.3.jar!/:6.4.3]
	at org.springframework.security.web.FilterChainProxy.doFilter(FilterChainProxy.java:191) ~[spring-security-web-6.4.3.jar!/:6.4.3]
	at org.springframework.web.filter.CompositeFilter$VirtualFilterChain.doFilter(CompositeFilter.java:113) ~[spring-web-6.2.3.jar!/:6.2.3]
	at org.springframework.web.servlet.handler.HandlerMappingIntrospector.lambda$createCacheFilter$3(HandlerMappingIntrospector.java:243) ~[spring-webmvc-6.2.3.jar!/:6.2.3]
	at org.springframework.web.filter.CompositeFilter$VirtualFilterChain.doFilter(CompositeFilter.java:113) ~[spring-web-6.2.3.jar!/:6.2.3]
	at org.springframework.web.filter.CompositeFilter.doFilter(CompositeFilter.java:74) ~[spring-web-6.2.3.jar!/:6.2.3]
	at org.springframework.security.config.annotation.web.configuration.WebMvcSecurityConfiguration$CompositeFilterChainProxy.doFilter(WebMvcSecurityConfiguration.java:238) ~[spring-security-config-6.4.3.jar!/:6.4.3]
	at org.springframework.web.filter.DelegatingFilterProxy.invokeDelegate(DelegatingFilterProxy.java:362) ~[spring-web-6.2.3.jar!/:6.2.3]
	at org.springframework.web.filter.DelegatingFilterProxy.doFilter(DelegatingFilterProxy.java:278) ~[spring-web-6.2.3.jar!/:6.2.3]
	at org.apache.catalina.core.ApplicationFilterChain.internalDoFilter(ApplicationFilterChain.java:164) ~[tomcat-embed-core-10.1.36.jar!/:na]
	at org.apache.catalina.core.ApplicationFilterChain.doFilter(ApplicationFilterChain.java:140) ~[tomcat-embed-core-10.1.36.jar!/:na]
	at org.springframework.web.filter.RequestContextFilter.doFilterInternal(RequestContextFilter.java:100) ~[spring-web-6.2.3.jar!/:6.2.3]
	at org.springframework.web.filter.OncePerRequestFilter.doFilter(OncePerRequestFilter.java:116) ~[spring-web-6.2.3.jar!/:6.2.3]
	at org.apache.catalina.core.ApplicationFilterChain.internalDoFilter(ApplicationFilterChain.java:164) ~[tomcat-embed-core-10.1.36.jar!/:na]
	at org.apache.catalina.core.ApplicationFilterChain.doFilter(ApplicationFilterChain.java:140) ~[tomcat-embed-core-10.1.36.jar!/:na]
	at org.springframework.web.filter.FormContentFilter.doFilterInternal(FormContentFilter.java:93) ~[spring-web-6.2.3.jar!/:6.2.3]
	at org.springframework.web.filter.OncePerRequestFilter.doFilter(OncePerRequestFilter.java:116) ~[spring-web-6.2.3.jar!/:6.2.3]
	at org.apache.catalina.core.ApplicationFilterChain.internalDoFilter(ApplicationFilterChain.java:164) ~[tomcat-embed-core-10.1.36.jar!/:na]
	at org.apache.catalina.core.ApplicationFilterChain.doFilter(ApplicationFilterChain.java:140) ~[tomcat-embed-core-10.1.36.jar!/:na]
	at org.springframework.web.filter.CharacterEncodingFilter.doFilterInternal(CharacterEncodingFilter.java:201) ~[spring-web-6.2.3.jar!/:6.2.3]
	at org.springframework.web.filter.OncePerRequestFilter.doFilter(OncePerRequestFilter.java:116) ~[spring-web-6.2.3.jar!/:6.2.3]
	at org.apache.catalina.core.ApplicationFilterChain.internalDoFilter(ApplicationFilterChain.java:164) ~[tomcat-embed-core-10.1.36.jar!/:na]
	at org.apache.catalina.core.ApplicationFilterChain.doFilter(ApplicationFilterChain.java:140) ~[tomcat-embed-core-10.1.36.jar!/:na]
	at org.apache.catalina.core.StandardWrapperValve.invoke(StandardWrapperValve.java:167) ~[tomcat-embed-core-10.1.36.jar!/:na]
	at org.apache.catalina.core.StandardContextValve.invoke(StandardContextValve.java:90) ~[tomcat-embed-core-10.1.36.jar!/:na]
	at org.apache.catalina.authenticator.AuthenticatorBase.invoke(AuthenticatorBase.java:483) ~[tomcat-embed-core-10.1.36.jar!/:na]
	at org.apache.catalina.core.StandardHostValve.invoke(StandardHostValve.java:115) ~[tomcat-embed-core-10.1.36.jar!/:na]
	at org.apache.catalina.valves.ErrorReportValve.invoke(ErrorReportValve.java:93) ~[tomcat-embed-core-10.1.36.jar!/:na]
	at org.apache.catalina.core.StandardEngineValve.invoke(StandardEngineValve.java:74) ~[tomcat-embed-core-10.1.36.jar!/:na]
	at org.apache.catalina.connector.CoyoteAdapter.service(CoyoteAdapter.java:344) ~[tomcat-embed-core-10.1.36.jar!/:na]
	at org.apache.coyote.http11.Http11Processor.service(Http11Processor.java:397) ~[tomcat-embed-core-10.1.36.jar!/:na]
	at org.apache.coyote.AbstractProcessorLight.process(AbstractProcessorLight.java:63) ~[tomcat-embed-core-10.1.36.jar!/:na]
	at org.apache.coyote.AbstractProtocol$ConnectionHandler.process(AbstractProtocol.java:905) ~[tomcat-embed-core-10.1.36.jar!/:na]
	at org.apache.tomcat.util.net.NioEndpoint$SocketProcessor.doRun(NioEndpoint.java:1743) ~[tomcat-embed-core-10.1.36.jar!/:na]
	at org.apache.tomcat.util.net.SocketProcessorBase.run(SocketProcessorBase.java:52) ~[tomcat-embed-core-10.1.36.jar!/:na]
	at org.apache.tomcat.util.threads.ThreadPoolExecutor.runWorker(ThreadPoolExecutor.java:1190) ~[tomcat-embed-core-10.1.36.jar!/:na]
	at org.apache.tomcat.util.threads.ThreadPoolExecutor$Worker.run(ThreadPoolExecutor.java:659) ~[tomcat-embed-core-10.1.36.jar!/:na]
	at org.apache.tomcat.util.threads.TaskThread$WrappingRunnable.run(TaskThread.java:63) ~[tomcat-embed-core-10.1.36.jar!/:na]
	at java.base/java.lang.Thread.run(Thread.java:1583) ~[na:na]

2025-05-25T18:02:30.013Z ERROR 42081 --- [apiAE] [nio-8080-exec-8] o.a.c.c.C.[.[.[/].[dispatcherServlet]    : Servlet.service() for servlet [dispatcherServlet] in context with path [] threw exception

io.jsonwebtoken.ExpiredJwtException: JWT expired at 2025-05-25T17:57:33Z. Current time: 2025-05-25T18:02:30Z, a difference of 297013 milliseconds.  Allowed clock skew: 0 milliseconds.
	at io.jsonwebtoken.impl.DefaultJwtParser.parse(DefaultJwtParser.java:427) ~[jjwt-impl-0.11.5.jar!/:0.11.5]
	at io.jsonwebtoken.impl.DefaultJwtParser.parse(DefaultJwtParser.java:529) ~[jjwt-impl-0.11.5.jar!/:0.11.5]
	at io.jsonwebtoken.impl.DefaultJwtParser.parseClaimsJws(DefaultJwtParser.java:589) ~[jjwt-impl-0.11.5.jar!/:0.11.5]
	at io.jsonwebtoken.impl.ImmutableJwtParser.parseClaimsJws(ImmutableJwtParser.java:173) ~[jjwt-impl-0.11.5.jar!/:0.11.5]
	at com.AgroEnvios.apiAE.Security.JwtUtil.extractAllClaims(JwtUtil.java:81) ~[!/:0.0.1-SNAPSHOT]
	at com.AgroEnvios.apiAE.Security.JwtUtil.extractUsername(JwtUtil.java:55) ~[!/:0.0.1-SNAPSHOT]
	at com.AgroEnvios.apiAE.Security.JwtFilter.doFilterInternal(JwtFilter.java:33) ~[!/:0.0.1-SNAPSHOT]
	at org.springframework.web.filter.OncePerRequestFilter.doFilter(OncePerRequestFilter.java:116) ~[spring-web-6.2.3.jar!/:6.2.3]
	at org.apache.catalina.core.ApplicationFilterChain.internalDoFilter(ApplicationFilterChain.java:164) ~[tomcat-embed-core-10.1.36.jar!/:na]
	at org.apache.catalina.core.ApplicationFilterChain.doFilter(ApplicationFilterChain.java:140) ~[tomcat-embed-core-10.1.36.jar!/:na]
	at org.springframework.web.filter.CompositeFilter$VirtualFilterChain.doFilter(CompositeFilter.java:108) ~[spring-web-6.2.3.jar!/:6.2.3]
	at org.springframework.security.web.FilterChainProxy.lambda$doFilterInternal$3(FilterChainProxy.java:231) ~[spring-security-web-6.4.3.jar!/:6.4.3]
	at org.springframework.security.web.FilterChainProxy$VirtualFilterChain.doFilter(FilterChainProxy.java:365) ~[spring-security-web-6.4.3.jar!/:6.4.3]
	at org.springframework.security.web.access.intercept.AuthorizationFilter.doFilter(AuthorizationFilter.java:101) ~[spring-security-web-6.4.3.jar!/:6.4.3]
	at org.springframework.security.web.FilterChainProxy$VirtualFilterChain.doFilter(FilterChainProxy.java:374) ~[spring-security-web-6.4.3.jar!/:6.4.3]
	at org.springframework.security.web.access.ExceptionTranslationFilter.doFilter(ExceptionTranslationFilter.java:126) ~[spring-security-web-6.4.3.jar!/:6.4.3]
	at org.springframework.security.web.access.ExceptionTranslationFilter.doFilter(ExceptionTranslationFilter.java:120) ~[spring-security-web-6.4.3.jar!/:6.4.3]
	at org.springframework.security.web.FilterChainProxy$VirtualFilterChain.doFilter(FilterChainProxy.java:374) ~[spring-security-web-6.4.3.jar!/:6.4.3]
	at org.springframework.security.web.authentication.AnonymousAuthenticationFilter.doFilter(AnonymousAuthenticationFilter.java:100) ~[spring-security-web-6.4.3.jar!/:6.4.3]
	at org.springframework.security.web.FilterChainProxy$VirtualFilterChain.doFilter(FilterChainProxy.java:374) ~[spring-security-web-6.4.3.jar!/:6.4.3]
	at org.springframework.security.web.servletapi.SecurityContextHolderAwareRequestFilter.doFilter(SecurityContextHolderAwareRequestFilter.java:179) ~[spring-security-web-6.4.3.jar!/:6.4.3]
	at org.springframework.security.web.FilterChainProxy$VirtualFilterChain.doFilter(FilterChainProxy.java:374) ~[spring-security-web-6.4.3.jar!/:6.4.3]
	at org.springframework.security.web.savedrequest.RequestCacheAwareFilter.doFilter(RequestCacheAwareFilter.java:63) ~[spring-security-web-6.4.3.jar!/:6.4.3]
	at org.springframework.security.web.FilterChainProxy$VirtualFilterChain.doFilter(FilterChainProxy.java:374) ~[spring-security-web-6.4.3.jar!/:6.4.3]
	at org.springframework.security.web.authentication.logout.LogoutFilter.doFilter(LogoutFilter.java:107) ~[spring-security-web-6.4.3.jar!/:6.4.3]
	at org.springframework.security.web.authentication.logout.LogoutFilter.doFilter(LogoutFilter.java:93) ~[spring-security-web-6.4.3.jar!/:6.4.3]
	at org.springframework.security.web.FilterChainProxy$VirtualFilterChain.doFilter(FilterChainProxy.java:374) ~[spring-security-web-6.4.3.jar!/:6.4.3]
	at org.springframework.web.filter.CorsFilter.doFilterInternal(CorsFilter.java:91) ~[spring-web-6.2.3.jar!/:6.2.3]
	at org.springframework.web.filter.OncePerRequestFilter.doFilter(OncePerRequestFilter.java:116) ~[spring-web-6.2.3.jar!/:6.2.3]
	at org.springframework.security.web.FilterChainProxy$VirtualFilterChain.doFilter(FilterChainProxy.java:374) ~[spring-security-web-6.4.3.jar!/:6.4.3]
	at org.springframework.security.web.header.HeaderWriterFilter.doHeadersAfter(HeaderWriterFilter.java:90) ~[spring-security-web-6.4.3.jar!/:6.4.3]
	at org.springframework.security.web.header.HeaderWriterFilter.doFilterInternal(HeaderWriterFilter.java:75) ~[spring-security-web-6.4.3.jar!/:6.4.3]
	at org.springframework.web.filter.OncePerRequestFilter.doFilter(OncePerRequestFilter.java:116) ~[spring-web-6.2.3.jar!/:6.2.3]
	at org.springframework.security.web.FilterChainProxy$VirtualFilterChain.doFilter(FilterChainProxy.java:374) ~[spring-security-web-6.4.3.jar!/:6.4.3]
	at org.springframework.security.web.context.SecurityContextHolderFilter.doFilter(SecurityContextHolderFilter.java:82) ~[spring-security-web-6.4.3.jar!/:6.4.3]
	at org.springframework.security.web.context.SecurityContextHolderFilter.doFilter(SecurityContextHolderFilter.java:69) ~[spring-security-web-6.4.3.jar!/:6.4.3]
	at org.springframework.security.web.FilterChainProxy$VirtualFilterChain.doFilter(FilterChainProxy.java:374) ~[spring-security-web-6.4.3.jar!/:6.4.3]
	at org.springframework.security.web.context.request.async.WebAsyncManagerIntegrationFilter.doFilterInternal(WebAsyncManagerIntegrationFilter.java:62) ~[spring-security-web-6.4.3.jar!/:6.4.3]
	at org.springframework.web.filter.OncePerRequestFilter.doFilter(OncePerRequestFilter.java:116) ~[spring-web-6.2.3.jar!/:6.2.3]
	at org.springframework.security.web.FilterChainProxy$VirtualFilterChain.doFilter(FilterChainProxy.java:374) ~[spring-security-web-6.4.3.jar!/:6.4.3]
	at org.springframework.security.web.session.DisableEncodeUrlFilter.doFilterInternal(DisableEncodeUrlFilter.java:42) ~[spring-security-web-6.4.3.jar!/:6.4.3]
	at org.springframework.web.filter.OncePerRequestFilter.doFilter(OncePerRequestFilter.java:116) ~[spring-web-6.2.3.jar!/:6.2.3]
	at org.springframework.security.web.FilterChainProxy$VirtualFilterChain.doFilter(FilterChainProxy.java:374) ~[spring-security-web-6.4.3.jar!/:6.4.3]
	at org.springframework.security.web.FilterChainProxy.doFilterInternal(FilterChainProxy.java:233) ~[spring-security-web-6.4.3.jar!/:6.4.3]
	at org.springframework.security.web.FilterChainProxy.doFilter(FilterChainProxy.java:191) ~[spring-security-web-6.4.3.jar!/:6.4.3]
	at org.springframework.web.filter.CompositeFilter$VirtualFilterChain.doFilter(CompositeFilter.java:113) ~[spring-web-6.2.3.jar!/:6.2.3]
	at org.springframework.web.servlet.handler.HandlerMappingIntrospector.lambda$createCacheFilter$3(HandlerMappingIntrospector.java:243) ~[spring-webmvc-6.2.3.jar!/:6.2.3]
	at org.springframework.web.filter.CompositeFilter$VirtualFilterChain.doFilter(CompositeFilter.java:113) ~[spring-web-6.2.3.jar!/:6.2.3]
	at org.springframework.web.filter.CompositeFilter.doFilter(CompositeFilter.java:74) ~[spring-web-6.2.3.jar!/:6.2.3]
	at org.springframework.security.config.annotation.web.configuration.WebMvcSecurityConfiguration$CompositeFilterChainProxy.doFilter(WebMvcSecurityConfiguration.java:238) ~[spring-security-config-6.4.3.jar!/:6.4.3]
	at org.springframework.web.filter.DelegatingFilterProxy.invokeDelegate(DelegatingFilterProxy.java:362) ~[spring-web-6.2.3.jar!/:6.2.3]
	at org.springframework.web.filter.DelegatingFilterProxy.doFilter(DelegatingFilterProxy.java:278) ~[spring-web-6.2.3.jar!/:6.2.3]
	at org.apache.catalina.core.ApplicationFilterChain.internalDoFilter(ApplicationFilterChain.java:164) ~[tomcat-embed-core-10.1.36.jar!/:na]
	at org.apache.catalina.core.ApplicationFilterChain.doFilter(ApplicationFilterChain.java:140) ~[tomcat-embed-core-10.1.36.jar!/:na]
	at org.springframework.web.filter.RequestContextFilter.doFilterInternal(RequestContextFilter.java:100) ~[spring-web-6.2.3.jar!/:6.2.3]
	at org.springframework.web.filter.OncePerRequestFilter.doFilter(OncePerRequestFilter.java:116) ~[spring-web-6.2.3.jar!/:6.2.3]
	at org.apache.catalina.core.ApplicationFilterChain.internalDoFilter(ApplicationFilterChain.java:164) ~[tomcat-embed-core-10.1.36.jar!/:na]
	at org.apache.catalina.core.ApplicationFilterChain.doFilter(ApplicationFilterChain.java:140) ~[tomcat-embed-core-10.1.36.jar!/:na]
	at org.springframework.web.filter.FormContentFilter.doFilterInternal(FormContentFilter.java:93) ~[spring-web-6.2.3.jar!/:6.2.3]
	at org.springframework.web.filter.OncePerRequestFilter.doFilter(OncePerRequestFilter.java:116) ~[spring-web-6.2.3.jar!/:6.2.3]
	at org.apache.catalina.core.ApplicationFilterChain.internalDoFilter(ApplicationFilterChain.java:164) ~[tomcat-embed-core-10.1.36.jar!/:na]
	at org.apache.catalina.core.ApplicationFilterChain.doFilter(ApplicationFilterChain.java:140) ~[tomcat-embed-core-10.1.36.jar!/:na]
	at org.springframework.web.filter.CharacterEncodingFilter.doFilterInternal(CharacterEncodingFilter.java:201) ~[spring-web-6.2.3.jar!/:6.2.3]
	at org.springframework.web.filter.OncePerRequestFilter.doFilter(OncePerRequestFilter.java:116) ~[spring-web-6.2.3.jar!/:6.2.3]
	at org.apache.catalina.core.ApplicationFilterChain.internalDoFilter(ApplicationFilterChain.java:164) ~[tomcat-embed-core-10.1.36.jar!/:na]
	at org.apache.catalina.core.ApplicationFilterChain.doFilter(ApplicationFilterChain.java:140) ~[tomcat-embed-core-10.1.36.jar!/:na]
	at org.apache.catalina.core.StandardWrapperValve.invoke(StandardWrapperValve.java:167) ~[tomcat-embed-core-10.1.36.jar!/:na]
	at org.apache.catalina.core.StandardContextValve.invoke(StandardContextValve.java:90) ~[tomcat-embed-core-10.1.36.jar!/:na]
	at org.apache.catalina.authenticator.AuthenticatorBase.invoke(AuthenticatorBase.java:483) ~[tomcat-embed-core-10.1.36.jar!/:na]
	at org.apache.catalina.core.StandardHostValve.invoke(StandardHostValve.java:115) ~[tomcat-embed-core-10.1.36.jar!/:na]
	at org.apache.catalina.valves.ErrorReportValve.invoke(ErrorReportValve.java:93) ~[tomcat-embed-core-10.1.36.jar!/:na]
	at org.apache.catalina.core.StandardEngineValve.invoke(StandardEngineValve.java:74) ~[tomcat-embed-core-10.1.36.jar!/:na]
	at org.apache.catalina.connector.CoyoteAdapter.service(CoyoteAdapter.java:344) ~[tomcat-embed-core-10.1.36.jar!/:na]
	at org.apache.coyote.http11.Http11Processor.service(Http11Processor.java:397) ~[tomcat-embed-core-10.1.36.jar!/:na]
	at org.apache.coyote.AbstractProcessorLight.process(AbstractProcessorLight.java:63) ~[tomcat-embed-core-10.1.36.jar!/:na]
	at org.apache.coyote.AbstractProtocol$ConnectionHandler.process(AbstractProtocol.java:905) ~[tomcat-embed-core-10.1.36.jar!/:na]
	at org.apache.tomcat.util.net.NioEndpoint$SocketProcessor.doRun(NioEndpoint.java:1743) ~[tomcat-embed-core-10.1.36.jar!/:na]
	at org.apache.tomcat.util.net.SocketProcessorBase.run(SocketProcessorBase.java:52) ~[tomcat-embed-core-10.1.36.jar!/:na]
	at org.apache.tomcat.util.threads.ThreadPoolExecutor.runWorker(ThreadPoolExecutor.java:1190) ~[tomcat-embed-core-10.1.36.jar!/:na]
	at org.apache.tomcat.util.threads.ThreadPoolExecutor$Worker.run(ThreadPoolExecutor.java:659) ~[tomcat-embed-core-10.1.36.jar!/:na]
	at org.apache.tomcat.util.threads.TaskThread$WrappingRunnable.run(TaskThread.java:63) ~[tomcat-embed-core-10.1.36.jar!/:na]
	at java.base/java.lang.Thread.run(Thread.java:1583) ~[na:na]

2025-05-25T18:02:31.639Z ERROR 42081 --- [apiAE] [nio-8080-exec-3] o.a.c.c.C.[.[.[/].[dispatcherServlet]    : Servlet.service() for servlet [dispatcherServlet] in context with path [] threw exception

io.jsonwebtoken.ExpiredJwtException: JWT expired at 2025-05-25T17:57:33Z. Current time: 2025-05-25T18:02:31Z, a difference of 298639 milliseconds.  Allowed clock skew: 0 milliseconds.
	at io.jsonwebtoken.impl.DefaultJwtParser.parse(DefaultJwtParser.java:427) ~[jjwt-impl-0.11.5.jar!/:0.11.5]
	at io.jsonwebtoken.impl.DefaultJwtParser.parse(DefaultJwtParser.java:529) ~[jjwt-impl-0.11.5.jar!/:0.11.5]
	at io.jsonwebtoken.impl.DefaultJwtParser.parseClaimsJws(DefaultJwtParser.java:589) ~[jjwt-impl-0.11.5.jar!/:0.11.5]
	at io.jsonwebtoken.impl.ImmutableJwtParser.parseClaimsJws(ImmutableJwtParser.java:173) ~[jjwt-impl-0.11.5.jar!/:0.11.5]
	at com.AgroEnvios.apiAE.Security.JwtUtil.extractAllClaims(JwtUtil.java:81) ~[!/:0.0.1-SNAPSHOT]
	at com.AgroEnvios.apiAE.Security.JwtUtil.extractUsername(JwtUtil.java:55) ~[!/:0.0.1-SNAPSHOT]
	at com.AgroEnvios.apiAE.Security.JwtFilter.doFilterInternal(JwtFilter.java:33) ~[!/:0.0.1-SNAPSHOT]
	at org.springframework.web.filter.OncePerRequestFilter.doFilter(OncePerRequestFilter.java:116) ~[spring-web-6.2.3.jar!/:6.2.3]
	at org.apache.catalina.core.ApplicationFilterChain.internalDoFilter(ApplicationFilterChain.java:164) ~[tomcat-embed-core-10.1.36.jar!/:na]
	at org.apache.catalina.core.ApplicationFilterChain.doFilter(ApplicationFilterChain.java:140) ~[tomcat-embed-core-10.1.36.jar!/:na]
	at org.springframework.web.filter.CompositeFilter$VirtualFilterChain.doFilter(CompositeFilter.java:108) ~[spring-web-6.2.3.jar!/:6.2.3]
	at org.springframework.security.web.FilterChainProxy.lambda$doFilterInternal$3(FilterChainProxy.java:231) ~[spring-security-web-6.4.3.jar!/:6.4.3]
	at org.springframework.security.web.FilterChainProxy$VirtualFilterChain.doFilter(FilterChainProxy.java:365) ~[spring-security-web-6.4.3.jar!/:6.4.3]
	at org.springframework.security.web.access.intercept.AuthorizationFilter.doFilter(AuthorizationFilter.java:101) ~[spring-security-web-6.4.3.jar!/:6.4.3]
	at org.springframework.security.web.FilterChainProxy$VirtualFilterChain.doFilter(FilterChainProxy.java:374) ~[spring-security-web-6.4.3.jar!/:6.4.3]
	at org.springframework.security.web.access.ExceptionTranslationFilter.doFilter(ExceptionTranslationFilter.java:126) ~[spring-security-web-6.4.3.jar!/:6.4.3]
	at org.springframework.security.web.access.ExceptionTranslationFilter.doFilter(ExceptionTranslationFilter.java:120) ~[spring-security-web-6.4.3.jar!/:6.4.3]
	at org.springframework.security.web.FilterChainProxy$VirtualFilterChain.doFilter(FilterChainProxy.java:374) ~[spring-security-web-6.4.3.jar!/:6.4.3]
	at org.springframework.security.web.authentication.AnonymousAuthenticationFilter.doFilter(AnonymousAuthenticationFilter.java:100) ~[spring-security-web-6.4.3.jar!/:6.4.3]
	at org.springframework.security.web.FilterChainProxy$VirtualFilterChain.doFilter(FilterChainProxy.java:374) ~[spring-security-web-6.4.3.jar!/:6.4.3]
	at org.springframework.security.web.servletapi.SecurityContextHolderAwareRequestFilter.doFilter(SecurityContextHolderAwareRequestFilter.java:179) ~[spring-security-web-6.4.3.jar!/:6.4.3]
	at org.springframework.security.web.FilterChainProxy$VirtualFilterChain.doFilter(FilterChainProxy.java:374) ~[spring-security-web-6.4.3.jar!/:6.4.3]
	at org.springframework.security.web.savedrequest.RequestCacheAwareFilter.doFilter(RequestCacheAwareFilter.java:63) ~[spring-security-web-6.4.3.jar!/:6.4.3]
	at org.springframework.security.web.FilterChainProxy$VirtualFilterChain.doFilter(FilterChainProxy.java:374) ~[spring-security-web-6.4.3.jar!/:6.4.3]
	at org.springframework.security.web.authentication.logout.LogoutFilter.doFilter(LogoutFilter.java:107) ~[spring-security-web-6.4.3.jar!/:6.4.3]
	at org.springframework.security.web.authentication.logout.LogoutFilter.doFilter(LogoutFilter.java:93) ~[spring-security-web-6.4.3.jar!/:6.4.3]
	at org.springframework.security.web.FilterChainProxy$VirtualFilterChain.doFilter(FilterChainProxy.java:374) ~[spring-security-web-6.4.3.jar!/:6.4.3]
	at org.springframework.web.filter.CorsFilter.doFilterInternal(CorsFilter.java:91) ~[spring-web-6.2.3.jar!/:6.2.3]
	at org.springframework.web.filter.OncePerRequestFilter.doFilter(OncePerRequestFilter.java:116) ~[spring-web-6.2.3.jar!/:6.2.3]
	at org.springframework.security.web.FilterChainProxy$VirtualFilterChain.doFilter(FilterChainProxy.java:374) ~[spring-security-web-6.4.3.jar!/:6.4.3]
	at org.springframework.security.web.header.HeaderWriterFilter.doHeadersAfter(HeaderWriterFilter.java:90) ~[spring-security-web-6.4.3.jar!/:6.4.3]
	at org.springframework.security.web.header.HeaderWriterFilter.doFilterInternal(HeaderWriterFilter.java:75) ~[spring-security-web-6.4.3.jar!/:6.4.3]
	at org.springframework.web.filter.OncePerRequestFilter.doFilter(OncePerRequestFilter.java:116) ~[spring-web-6.2.3.jar!/:6.2.3]
	at org.springframework.security.web.FilterChainProxy$VirtualFilterChain.doFilter(FilterChainProxy.java:374) ~[spring-security-web-6.4.3.jar!/:6.4.3]
	at org.springframework.security.web.context.SecurityContextHolderFilter.doFilter(SecurityContextHolderFilter.java:82) ~[spring-security-web-6.4.3.jar!/:6.4.3]
	at org.springframework.security.web.context.SecurityContextHolderFilter.doFilter(SecurityContextHolderFilter.java:69) ~[spring-security-web-6.4.3.jar!/:6.4.3]
	at org.springframework.security.web.FilterChainProxy$VirtualFilterChain.doFilter(FilterChainProxy.java:374) ~[spring-security-web-6.4.3.jar!/:6.4.3]
	at org.springframework.security.web.context.request.async.WebAsyncManagerIntegrationFilter.doFilterInternal(WebAsyncManagerIntegrationFilter.java:62) ~[spring-security-web-6.4.3.jar!/:6.4.3]
	at org.springframework.web.filter.OncePerRequestFilter.doFilter(OncePerRequestFilter.java:116) ~[spring-web-6.2.3.jar!/:6.2.3]
	at org.springframework.security.web.FilterChainProxy$VirtualFilterChain.doFilter(FilterChainProxy.java:374) ~[spring-security-web-6.4.3.jar!/:6.4.3]
	at org.springframework.security.web.session.DisableEncodeUrlFilter.doFilterInternal(DisableEncodeUrlFilter.java:42) ~[spring-security-web-6.4.3.jar!/:6.4.3]
	at org.springframework.web.filter.OncePerRequestFilter.doFilter(OncePerRequestFilter.java:116) ~[spring-web-6.2.3.jar!/:6.2.3]
	at org.springframework.security.web.FilterChainProxy$VirtualFilterChain.doFilter(FilterChainProxy.java:374) ~[spring-security-web-6.4.3.jar!/:6.4.3]
	at org.springframework.security.web.FilterChainProxy.doFilterInternal(FilterChainProxy.java:233) ~[spring-security-web-6.4.3.jar!/:6.4.3]
	at org.springframework.security.web.FilterChainProxy.doFilter(FilterChainProxy.java:191) ~[spring-security-web-6.4.3.jar!/:6.4.3]
	at org.springframework.web.filter.CompositeFilter$VirtualFilterChain.doFilter(CompositeFilter.java:113) ~[spring-web-6.2.3.jar!/:6.2.3]
	at org.springframework.web.servlet.handler.HandlerMappingIntrospector.lambda$createCacheFilter$3(HandlerMappingIntrospector.java:243) ~[spring-webmvc-6.2.3.jar!/:6.2.3]
	at org.springframework.web.filter.CompositeFilter$VirtualFilterChain.doFilter(CompositeFilter.java:113) ~[spring-web-6.2.3.jar!/:6.2.3]
	at org.springframework.web.filter.CompositeFilter.doFilter(CompositeFilter.java:74) ~[spring-web-6.2.3.jar!/:6.2.3]
	at org.springframework.security.config.annotation.web.configuration.WebMvcSecurityConfiguration$CompositeFilterChainProxy.doFilter(WebMvcSecurityConfiguration.java:238) ~[spring-security-config-6.4.3.jar!/:6.4.3]
	at org.springframework.web.filter.DelegatingFilterProxy.invokeDelegate(DelegatingFilterProxy.java:362) ~[spring-web-6.2.3.jar!/:6.2.3]
	at org.springframework.web.filter.DelegatingFilterProxy.doFilter(DelegatingFilterProxy.java:278) ~[spring-web-6.2.3.jar!/:6.2.3]
	at org.apache.catalina.core.ApplicationFilterChain.internalDoFilter(ApplicationFilterChain.java:164) ~[tomcat-embed-core-10.1.36.jar!/:na]
	at org.apache.catalina.core.ApplicationFilterChain.doFilter(ApplicationFilterChain.java:140) ~[tomcat-embed-core-10.1.36.jar!/:na]
	at org.springframework.web.filter.RequestContextFilter.doFilterInternal(RequestContextFilter.java:100) ~[spring-web-6.2.3.jar!/:6.2.3]
	at org.springframework.web.filter.OncePerRequestFilter.doFilter(OncePerRequestFilter.java:116) ~[spring-web-6.2.3.jar!/:6.2.3]
	at org.apache.catalina.core.ApplicationFilterChain.internalDoFilter(ApplicationFilterChain.java:164) ~[tomcat-embed-core-10.1.36.jar!/:na]
	at org.apache.catalina.core.ApplicationFilterChain.doFilter(ApplicationFilterChain.java:140) ~[tomcat-embed-core-10.1.36.jar!/:na]
	at org.springframework.web.filter.FormContentFilter.doFilterInternal(FormContentFilter.java:93) ~[spring-web-6.2.3.jar!/:6.2.3]
	at org.springframework.web.filter.OncePerRequestFilter.doFilter(OncePerRequestFilter.java:116) ~[spring-web-6.2.3.jar!/:6.2.3]
	at org.apache.catalina.core.ApplicationFilterChain.internalDoFilter(ApplicationFilterChain.java:164) ~[tomcat-embed-core-10.1.36.jar!/:na]
	at org.apache.catalina.core.ApplicationFilterChain.doFilter(ApplicationFilterChain.java:140) ~[tomcat-embed-core-10.1.36.jar!/:na]
	at org.springframework.web.filter.CharacterEncodingFilter.doFilterInternal(CharacterEncodingFilter.java:201) ~[spring-web-6.2.3.jar!/:6.2.3]
	at org.springframework.web.filter.OncePerRequestFilter.doFilter(OncePerRequestFilter.java:116) ~[spring-web-6.2.3.jar!/:6.2.3]
	at org.apache.catalina.core.ApplicationFilterChain.internalDoFilter(ApplicationFilterChain.java:164) ~[tomcat-embed-core-10.1.36.jar!/:na]
	at org.apache.catalina.core.ApplicationFilterChain.doFilter(ApplicationFilterChain.java:140) ~[tomcat-embed-core-10.1.36.jar!/:na]
	at org.apache.catalina.core.StandardWrapperValve.invoke(StandardWrapperValve.java:167) ~[tomcat-embed-core-10.1.36.jar!/:na]
	at org.apache.catalina.core.StandardContextValve.invoke(StandardContextValve.java:90) ~[tomcat-embed-core-10.1.36.jar!/:na]
	at org.apache.catalina.authenticator.AuthenticatorBase.invoke(AuthenticatorBase.java:483) ~[tomcat-embed-core-10.1.36.jar!/:na]
	at org.apache.catalina.core.StandardHostValve.invoke(StandardHostValve.java:115) ~[tomcat-embed-core-10.1.36.jar!/:na]
	at org.apache.catalina.valves.ErrorReportValve.invoke(ErrorReportValve.java:93) ~[tomcat-embed-core-10.1.36.jar!/:na]
	at org.apache.catalina.core.StandardEngineValve.invoke(StandardEngineValve.java:74) ~[tomcat-embed-core-10.1.36.jar!/:na]
	at org.apache.catalina.connector.CoyoteAdapter.service(CoyoteAdapter.java:344) ~[tomcat-embed-core-10.1.36.jar!/:na]
	at org.apache.coyote.http11.Http11Processor.service(Http11Processor.java:397) ~[tomcat-embed-core-10.1.36.jar!/:na]
	at org.apache.coyote.AbstractProcessorLight.process(AbstractProcessorLight.java:63) ~[tomcat-embed-core-10.1.36.jar!/:na]
	at org.apache.coyote.AbstractProtocol$ConnectionHandler.process(AbstractProtocol.java:905) ~[tomcat-embed-core-10.1.36.jar!/:na]
	at org.apache.tomcat.util.net.NioEndpoint$SocketProcessor.doRun(NioEndpoint.java:1743) ~[tomcat-embed-core-10.1.36.jar!/:na]
	at org.apache.tomcat.util.net.SocketProcessorBase.run(SocketProcessorBase.java:52) ~[tomcat-embed-core-10.1.36.jar!/:na]
	at org.apache.tomcat.util.threads.ThreadPoolExecutor.runWorker(ThreadPoolExecutor.java:1190) ~[tomcat-embed-core-10.1.36.jar!/:na]
	at org.apache.tomcat.util.threads.ThreadPoolExecutor$Worker.run(ThreadPoolExecutor.java:659) ~[tomcat-embed-core-10.1.36.jar!/:na]
	at org.apache.tomcat.util.threads.TaskThread$WrappingRunnable.run(TaskThread.java:63) ~[tomcat-embed-core-10.1.36.jar!/:na]
	at java.base/java.lang.Thread.run(Thread.java:1583) ~[na:na]

Hibernate: select u1_0.id,u1_0.apellido,u1_0.direccion,u1_0.email,u1_0.nombre,u1_0.organizacion,u1_0.password,u1_0.telefono from usuario u1_0 where u1_0.email=?
Hibernate: select o1_0.id,o1_0.descripcion,o1_0.direccion,o1_0.email,o1_0.nombre,o1_0.telefono from organizacion o1_0 where o1_0.id=?
Hibernate: select r1_0.usuario,r1_1.id,r1_1.descripcion,r1_1.nombre from usuario_rol r1_0 join rol r1_1 on r1_1.id=r1_0.rol where r1_0.usuario=?
Hibernate: select u1_0.id,u1_0.apellido,u1_0.direccion,u1_0.email,u1_0.nombre,u1_0.organizacion,u1_0.password,u1_0.telefono from usuario u1_0 where u1_0.email=?
Hibernate: select e1_0.id,e1_0.comentario_proveedor,e1_0.comentario_supervisor,e1_0.estado,e1_0.fecha_creacion,e1_0.fecha_entrega,e1_0.fecha_modificacion,e1_0.fecha_salida,e1_0.motorisata,e1_0.proveedor,e1_0.supervisor from envio e1_0
Hibernate: select u1_0.id,u1_0.apellido,u1_0.direccion,u1_0.email,u1_0.nombre,o1_0.id,o1_0.descripcion,o1_0.direccion,o1_0.email,o1_0.nombre,o1_0.telefono,u1_0.password,r1_0.usuario,r1_1.id,r1_1.descripcion,r1_1.nombre,u1_0.telefono from usuario u1_0 left join organizacion o1_0 on o1_0.id=u1_0.organizacion left join usuario_rol r1_0 on u1_0.id=r1_0.usuario left join rol r1_1 on r1_1.id=r1_0.rol where u1_0.id=?
Hibernate: select u1_0.id,u1_0.apellido,u1_0.direccion,u1_0.email,u1_0.nombre,o1_0.id,o1_0.descripcion,o1_0.direccion,o1_0.email,o1_0.nombre,o1_0.telefono,u1_0.password,r1_0.usuario,r1_1.id,r1_1.descripcion,r1_1.nombre,u1_0.telefono from usuario u1_0 left join organizacion o1_0 on o1_0.id=u1_0.organizacion left join usuario_rol r1_0 on u1_0.id=r1_0.usuario left join rol r1_1 on r1_1.id=r1_0.rol where u1_0.id=?
Hibernate: select u1_0.id,u1_0.apellido,u1_0.direccion,u1_0.email,u1_0.nombre,o1_0.id,o1_0.descripcion,o1_0.direccion,o1_0.email,o1_0.nombre,o1_0.telefono,u1_0.password,r1_0.usuario,r1_1.id,r1_1.descripcion,r1_1.nombre,u1_0.telefono from usuario u1_0 left join organizacion o1_0 on o1_0.id=u1_0.organizacion left join usuario_rol r1_0 on u1_0.id=r1_0.usuario left join rol r1_1 on r1_1.id=r1_0.rol where u1_0.id=?
Hibernate: select p1_0.id,p1_0.cantidad,p1_0.descripcion,p1_0.nombre,p1_0.unidad_medida from producto p1_0
Hibernate: select e1_0.id,e1_0.comentario_proveedor,e1_0.comentario_supervisor,e1_0.estado,e1_0.fecha_creacion,e1_0.fecha_entrega,e1_0.fecha_modificacion,e1_0.fecha_salida,e1_0.motorisata,p1_0.id,p1_0.apellido,p1_0.direccion,p1_0.email,p1_0.nombre,o1_0.id,o1_0.descripcion,o1_0.direccion,o1_0.email,o1_0.nombre,o1_0.telefono,p1_0.password,r1_0.usuario,r1_1.id,r1_1.descripcion,r1_1.nombre,p1_0.telefono,s1_0.id,s1_0.apellido,s1_0.direccion,s1_0.email,s1_0.nombre,o2_0.id,o2_0.descripcion,o2_0.direccion,o2_0.email,o2_0.nombre,o2_0.telefono,s1_0.password,r2_0.usuario,r2_1.id,r2_1.descripcion,r2_1.nombre,s1_0.telefono from envio e1_0 left join usuario p1_0 on p1_0.id=e1_0.proveedor left join organizacion o1_0 on o1_0.id=p1_0.organizacion left join usuario_rol r1_0 on p1_0.id=r1_0.usuario left join rol r1_1 on r1_1.id=r1_0.rol left join usuario s1_0 on s1_0.id=e1_0.supervisor left join organizacion o2_0 on o2_0.id=s1_0.organizacion left join usuario_rol r2_0 on s1_0.id=r2_0.usuario left join rol r2_1 on r2_1.id=r2_0.rol where e1_0.id=?
Hibernate: select ed1_0.id,ed1_0.cantidad,ed1_0.envio,ed1_0.producto from envio_detalle ed1_0 where ed1_0.envio=?
Hibernate: select p1_0.id,p1_0.cantidad,p1_0.descripcion,p1_0.nombre,p1_0.unidad_medida from producto p1_0 where p1_0.id=?
Hibernate: select p1_0.id,p1_0.cantidad,p1_0.descripcion,p1_0.nombre,p1_0.unidad_medida from producto p1_0
Hibernate: select e1_0.id,e1_0.comentario_proveedor,e1_0.comentario_supervisor,e1_0.estado,e1_0.fecha_creacion,e1_0.fecha_entrega,e1_0.fecha_modificacion,e1_0.fecha_salida,e1_0.motorisata,p1_0.id,p1_0.apellido,p1_0.direccion,p1_0.email,p1_0.nombre,o1_0.id,o1_0.descripcion,o1_0.direccion,o1_0.email,o1_0.nombre,o1_0.telefono,p1_0.password,r1_0.usuario,r1_1.id,r1_1.descripcion,r1_1.nombre,p1_0.telefono,s1_0.id,s1_0.apellido,s1_0.direccion,s1_0.email,s1_0.nombre,o2_0.id,o2_0.descripcion,o2_0.direccion,o2_0.email,o2_0.nombre,o2_0.telefono,s1_0.password,r2_0.usuario,r2_1.id,r2_1.descripcion,r2_1.nombre,s1_0.telefono from envio e1_0 left join usuario p1_0 on p1_0.id=e1_0.proveedor left join organizacion o1_0 on o1_0.id=p1_0.organizacion left join usuario_rol r1_0 on p1_0.id=r1_0.usuario left join rol r1_1 on r1_1.id=r1_0.rol left join usuario s1_0 on s1_0.id=e1_0.supervisor left join organizacion o2_0 on o2_0.id=s1_0.organizacion left join usuario_rol r2_0 on s1_0.id=r2_0.usuario left join rol r2_1 on r2_1.id=r2_0.rol where e1_0.id=?
Hibernate: select ed1_0.id,ed1_0.cantidad,ed1_0.envio,ed1_0.producto from envio_detalle ed1_0 where ed1_0.envio=?
Hibernate: select p1_0.id,p1_0.cantidad,p1_0.descripcion,p1_0.nombre,p1_0.unidad_medida from producto p1_0 where p1_0.id=?
Hibernate: select p1_0.id,p1_0.cantidad,p1_0.descripcion,p1_0.nombre,p1_0.unidad_medida from producto p1_0
Hibernate: select e1_0.id,e1_0.comentario_proveedor,e1_0.comentario_supervisor,e1_0.estado,e1_0.fecha_creacion,e1_0.fecha_entrega,e1_0.fecha_modificacion,e1_0.fecha_salida,e1_0.motorisata,p1_0.id,p1_0.apellido,p1_0.direccion,p1_0.email,p1_0.nombre,o1_0.id,o1_0.descripcion,o1_0.direccion,o1_0.email,o1_0.nombre,o1_0.telefono,p1_0.password,r1_0.usuario,r1_1.id,r1_1.descripcion,r1_1.nombre,p1_0.telefono,s1_0.id,s1_0.apellido,s1_0.direccion,s1_0.email,s1_0.nombre,o2_0.id,o2_0.descripcion,o2_0.direccion,o2_0.email,o2_0.nombre,o2_0.telefono,s1_0.password,r2_0.usuario,r2_1.id,r2_1.descripcion,r2_1.nombre,s1_0.telefono from envio e1_0 left join usuario p1_0 on p1_0.id=e1_0.proveedor left join organizacion o1_0 on o1_0.id=p1_0.organizacion left join usuario_rol r1_0 on p1_0.id=r1_0.usuario left join rol r1_1 on r1_1.id=r1_0.rol left join usuario s1_0 on s1_0.id=e1_0.supervisor left join organizacion o2_0 on o2_0.id=s1_0.organizacion left join usuario_rol r2_0 on s1_0.id=r2_0.usuario left join rol r2_1 on r2_1.id=r2_0.rol where e1_0.id=?
Hibernate: select ed1_0.id,ed1_0.cantidad,ed1_0.envio,ed1_0.producto from envio_detalle ed1_0 where ed1_0.envio=?
Hibernate: select p1_0.id,p1_0.cantidad,p1_0.descripcion,p1_0.nombre,p1_0.unidad_medida from producto p1_0 where p1_0.id=?
Hibernate: select e1_0.id,e1_0.comentario_proveedor,e1_0.comentario_supervisor,e1_0.estado,e1_0.fecha_creacion,e1_0.fecha_entrega,e1_0.fecha_modificacion,e1_0.fecha_salida,e1_0.motorisata,p1_0.id,p1_0.apellido,p1_0.direccion,p1_0.email,p1_0.nombre,o1_0.id,o1_0.descripcion,o1_0.direccion,o1_0.email,o1_0.nombre,o1_0.telefono,p1_0.password,r1_0.usuario,r1_1.id,r1_1.descripcion,r1_1.nombre,p1_0.telefono,s1_0.id,s1_0.apellido,s1_0.direccion,s1_0.email,s1_0.nombre,o2_0.id,o2_0.descripcion,o2_0.direccion,o2_0.email,o2_0.nombre,o2_0.telefono,s1_0.password,r2_0.usuario,r2_1.id,r2_1.descripcion,r2_1.nombre,s1_0.telefono from envio e1_0 left join usuario p1_0 on p1_0.id=e1_0.proveedor left join organizacion o1_0 on o1_0.id=p1_0.organizacion left join usuario_rol r1_0 on p1_0.id=r1_0.usuario left join rol r1_1 on r1_1.id=r1_0.rol left join usuario s1_0 on s1_0.id=e1_0.supervisor left join organizacion o2_0 on o2_0.id=s1_0.organizacion left join usuario_rol r2_0 on s1_0.id=r2_0.usuario left join rol r2_1 on r2_1.id=r2_0.rol where e1_0.id=?
Hibernate: update envio set comentario_proveedor=?,comentario_supervisor=?,estado=?,fecha_creacion=?,fecha_entrega=?,fecha_modificacion=?,fecha_salida=?,motorisata=?,proveedor=?,supervisor=? where id=?
Hibernate: select u1_0.id,u1_0.apellido,u1_0.direccion,u1_0.email,u1_0.nombre,u1_0.organizacion,u1_0.password,u1_0.telefono from usuario u1_0 where u1_0.email=?
Hibernate: select o1_0.id,o1_0.descripcion,o1_0.direccion,o1_0.email,o1_0.nombre,o1_0.telefono from organizacion o1_0 where o1_0.id=?
Hibernate: select r1_0.usuario,r1_1.id,r1_1.descripcion,r1_1.nombre from usuario_rol r1_0 join rol r1_1 on r1_1.id=r1_0.rol where r1_0.usuario=?
Usuario encontrado: fernenri33@gmail.com
Hibernate: select e1_0.id,e1_0.comentario_proveedor,e1_0.comentario_supervisor,e1_0.estado,e1_0.fecha_creacion,e1_0.fecha_entrega,e1_0.fecha_modificacion,e1_0.fecha_salida,e1_0.motorisata,e1_0.proveedor,e1_0.supervisor from envio e1_0 where e1_0.proveedor=?
Hibernate: select p1_0.id,p1_0.cantidad,p1_0.descripcion,p1_0.nombre,p1_0.unidad_medida from producto p1_0
Hibernate: select e1_0.id,e1_0.comentario_proveedor,e1_0.comentario_supervisor,e1_0.estado,e1_0.fecha_creacion,e1_0.fecha_entrega,e1_0.fecha_modificacion,e1_0.fecha_salida,e1_0.motorisata,p1_0.id,p1_0.apellido,p1_0.direccion,p1_0.email,p1_0.nombre,o1_0.id,o1_0.descripcion,o1_0.direccion,o1_0.email,o1_0.nombre,o1_0.telefono,p1_0.password,r1_0.usuario,r1_1.id,r1_1.descripcion,r1_1.nombre,p1_0.telefono,s1_0.id,s1_0.apellido,s1_0.direccion,s1_0.email,s1_0.nombre,o2_0.id,o2_0.descripcion,o2_0.direccion,o2_0.email,o2_0.nombre,o2_0.telefono,s1_0.password,r2_0.usuario,r2_1.id,r2_1.descripcion,r2_1.nombre,s1_0.telefono from envio e1_0 left join usuario p1_0 on p1_0.id=e1_0.proveedor left join organizacion o1_0 on o1_0.id=p1_0.organizacion left join usuario_rol r1_0 on p1_0.id=r1_0.usuario left join rol r1_1 on r1_1.id=r1_0.rol left join usuario s1_0 on s1_0.id=e1_0.supervisor left join organizacion o2_0 on o2_0.id=s1_0.organizacion left join usuario_rol r2_0 on s1_0.id=r2_0.usuario left join rol r2_1 on r2_1.id=r2_0.rol where e1_0.id=?
Hibernate: select ed1_0.id,ed1_0.cantidad,ed1_0.envio,ed1_0.producto from envio_detalle ed1_0 where ed1_0.envio=?
Hibernate: select p1_0.id,p1_0.cantidad,p1_0.descripcion,p1_0.nombre,p1_0.unidad_medida from producto p1_0 where p1_0.id=?
Hibernate: select p1_0.id,p1_0.cantidad,p1_0.descripcion,p1_0.nombre,p1_0.unidad_medida from producto p1_0
Hibernate: select e1_0.id,e1_0.comentario_proveedor,e1_0.comentario_supervisor,e1_0.estado,e1_0.fecha_creacion,e1_0.fecha_entrega,e1_0.fecha_modificacion,e1_0.fecha_salida,e1_0.motorisata,p1_0.id,p1_0.apellido,p1_0.direccion,p1_0.email,p1_0.nombre,o1_0.id,o1_0.descripcion,o1_0.direccion,o1_0.email,o1_0.nombre,o1_0.telefono,p1_0.password,r1_0.usuario,r1_1.id,r1_1.descripcion,r1_1.nombre,p1_0.telefono,s1_0.id,s1_0.apellido,s1_0.direccion,s1_0.email,s1_0.nombre,o2_0.id,o2_0.descripcion,o2_0.direccion,o2_0.email,o2_0.nombre,o2_0.telefono,s1_0.password,r2_0.usuario,r2_1.id,r2_1.descripcion,r2_1.nombre,s1_0.telefono from envio e1_0 left join usuario p1_0 on p1_0.id=e1_0.proveedor left join organizacion o1_0 on o1_0.id=p1_0.organizacion left join usuario_rol r1_0 on p1_0.id=r1_0.usuario left join rol r1_1 on r1_1.id=r1_0.rol left join usuario s1_0 on s1_0.id=e1_0.supervisor left join organizacion o2_0 on o2_0.id=s1_0.organizacion left join usuario_rol r2_0 on s1_0.id=r2_0.usuario left join rol r2_1 on r2_1.id=r2_0.rol where e1_0.id=?
Hibernate: select ed1_0.id,ed1_0.cantidad,ed1_0.envio,ed1_0.producto from envio_detalle ed1_0 where ed1_0.envio=?
Hibernate: select p1_0.id,p1_0.cantidad,p1_0.descripcion,p1_0.nombre,p1_0.unidad_medida from producto p1_0 where p1_0.id=?
Hibernate: select e1_0.id,e1_0.comentario_proveedor,e1_0.comentario_supervisor,e1_0.estado,e1_0.fecha_creacion,e1_0.fecha_entrega,e1_0.fecha_modificacion,e1_0.fecha_salida,e1_0.motorisata,e1_0.proveedor,e1_0.supervisor from envio e1_0
Hibernate: select u1_0.id,u1_0.apellido,u1_0.direccion,u1_0.email,u1_0.nombre,o1_0.id,o1_0.descripcion,o1_0.direccion,o1_0.email,o1_0.nombre,o1_0.telefono,u1_0.password,r1_0.usuario,r1_1.id,r1_1.descripcion,r1_1.nombre,u1_0.telefono from usuario u1_0 left join organizacion o1_0 on o1_0.id=u1_0.organizacion left join usuario_rol r1_0 on u1_0.id=r1_0.usuario left join rol r1_1 on r1_1.id=r1_0.rol where u1_0.id=?
Hibernate: select u1_0.id,u1_0.apellido,u1_0.direccion,u1_0.email,u1_0.nombre,o1_0.id,o1_0.descripcion,o1_0.direccion,o1_0.email,o1_0.nombre,o1_0.telefono,u1_0.password,r1_0.usuario,r1_1.id,r1_1.descripcion,r1_1.nombre,u1_0.telefono from usuario u1_0 left join organizacion o1_0 on o1_0.id=u1_0.organizacion left join usuario_rol r1_0 on u1_0.id=r1_0.usuario left join rol r1_1 on r1_1.id=r1_0.rol where u1_0.id=?
Hibernate: select u1_0.id,u1_0.apellido,u1_0.direccion,u1_0.email,u1_0.nombre,o1_0.id,o1_0.descripcion,o1_0.direccion,o1_0.email,o1_0.nombre,o1_0.telefono,u1_0.password,r1_0.usuario,r1_1.id,r1_1.descripcion,r1_1.nombre,u1_0.telefono from usuario u1_0 left join organizacion o1_0 on o1_0.id=u1_0.organizacion left join usuario_rol r1_0 on u1_0.id=r1_0.usuario left join rol r1_1 on r1_1.id=r1_0.rol where u1_0.id=?
Hibernate: select e1_0.id,e1_0.comentario_proveedor,e1_0.comentario_supervisor,e1_0.estado,e1_0.fecha_creacion,e1_0.fecha_entrega,e1_0.fecha_modificacion,e1_0.fecha_salida,e1_0.motorisata,e1_0.proveedor,e1_0.supervisor from envio e1_0
Hibernate: select u1_0.id,u1_0.apellido,u1_0.direccion,u1_0.email,u1_0.nombre,o1_0.id,o1_0.descripcion,o1_0.direccion,o1_0.email,o1_0.nombre,o1_0.telefono,u1_0.password,r1_0.usuario,r1_1.id,r1_1.descripcion,r1_1.nombre,u1_0.telefono from usuario u1_0 left join organizacion o1_0 on o1_0.id=u1_0.organizacion left join usuario_rol r1_0 on u1_0.id=r1_0.usuario left join rol r1_1 on r1_1.id=r1_0.rol where u1_0.id=?
Hibernate: select u1_0.id,u1_0.apellido,u1_0.direccion,u1_0.email,u1_0.nombre,o1_0.id,o1_0.descripcion,o1_0.direccion,o1_0.email,o1_0.nombre,o1_0.telefono,u1_0.password,r1_0.usuario,r1_1.id,r1_1.descripcion,r1_1.nombre,u1_0.telefono from usuario u1_0 left join organizacion o1_0 on o1_0.id=u1_0.organizacion left join usuario_rol r1_0 on u1_0.id=r1_0.usuario left join rol r1_1 on r1_1.id=r1_0.rol where u1_0.id=?
Hibernate: select u1_0.id,u1_0.apellido,u1_0.direccion,u1_0.email,u1_0.nombre,o1_0.id,o1_0.descripcion,o1_0.direccion,o1_0.email,o1_0.nombre,o1_0.telefono,u1_0.password,r1_0.usuario,r1_1.id,r1_1.descripcion,r1_1.nombre,u1_0.telefono from usuario u1_0 left join organizacion o1_0 on o1_0.id=u1_0.organizacion left join usuario_rol r1_0 on u1_0.id=r1_0.usuario left join rol r1_1 on r1_1.id=r1_0.rol where u1_0.id=?
Hibernate: select p1_0.id,p1_0.cantidad,p1_0.descripcion,p1_0.nombre,p1_0.unidad_medida from producto p1_0
Hibernate: select e1_0.id,e1_0.comentario_proveedor,e1_0.comentario_supervisor,e1_0.estado,e1_0.fecha_creacion,e1_0.fecha_entrega,e1_0.fecha_modificacion,e1_0.fecha_salida,e1_0.motorisata,p1_0.id,p1_0.apellido,p1_0.direccion,p1_0.email,p1_0.nombre,o1_0.id,o1_0.descripcion,o1_0.direccion,o1_0.email,o1_0.nombre,o1_0.telefono,p1_0.password,r1_0.usuario,r1_1.id,r1_1.descripcion,r1_1.nombre,p1_0.telefono,s1_0.id,s1_0.apellido,s1_0.direccion,s1_0.email,s1_0.nombre,o2_0.id,o2_0.descripcion,o2_0.direccion,o2_0.email,o2_0.nombre,o2_0.telefono,s1_0.password,r2_0.usuario,r2_1.id,r2_1.descripcion,r2_1.nombre,s1_0.telefono from envio e1_0 left join usuario p1_0 on p1_0.id=e1_0.proveedor left join organizacion o1_0 on o1_0.id=p1_0.organizacion left join usuario_rol r1_0 on p1_0.id=r1_0.usuario left join rol r1_1 on r1_1.id=r1_0.rol left join usuario s1_0 on s1_0.id=e1_0.supervisor left join organizacion o2_0 on o2_0.id=s1_0.organizacion left join usuario_rol r2_0 on s1_0.id=r2_0.usuario left join rol r2_1 on r2_1.id=r2_0.rol where e1_0.id=?
Hibernate: select ed1_0.id,ed1_0.cantidad,ed1_0.envio,ed1_0.producto from envio_detalle ed1_0 where ed1_0.envio=?
Hibernate: select u1_0.id,u1_0.apellido,u1_0.direccion,u1_0.email,u1_0.nombre,u1_0.organizacion,u1_0.password,u1_0.telefono from usuario u1_0 where u1_0.email=?
Hibernate: select o1_0.id,o1_0.descripcion,o1_0.direccion,o1_0.email,o1_0.nombre,o1_0.telefono from organizacion o1_0 where o1_0.id=?
Hibernate: select r1_0.usuario,r1_1.id,r1_1.descripcion,r1_1.nombre from usuario_rol r1_0 join rol r1_1 on r1_1.id=r1_0.rol where r1_0.usuario=?
Usuario encontrado: fernenri33@gmail.com
Hibernate: select e1_0.id,e1_0.comentario_proveedor,e1_0.comentario_supervisor,e1_0.estado,e1_0.fecha_creacion,e1_0.fecha_entrega,e1_0.fecha_modificacion,e1_0.fecha_salida,e1_0.motorisata,e1_0.proveedor,e1_0.supervisor from envio e1_0 where e1_0.proveedor=?
Hibernate: select u1_0.id,u1_0.apellido,u1_0.direccion,u1_0.email,u1_0.nombre,u1_0.organizacion,u1_0.password,u1_0.telefono from usuario u1_0 where u1_0.email=?
Hibernate: select o1_0.id,o1_0.descripcion,o1_0.direccion,o1_0.email,o1_0.nombre,o1_0.telefono from organizacion o1_0 where o1_0.id=?
Hibernate: select r1_0.usuario,r1_1.id,r1_1.descripcion,r1_1.nombre from usuario_rol r1_0 join rol r1_1 on r1_1.id=r1_0.rol where r1_0.usuario=?
Usuario encontrado: fernenri33@gmail.com
Hibernate: select e1_0.id,e1_0.comentario_proveedor,e1_0.comentario_supervisor,e1_0.estado,e1_0.fecha_creacion,e1_0.fecha_entrega,e1_0.fecha_modificacion,e1_0.fecha_salida,e1_0.motorisata,e1_0.proveedor,e1_0.supervisor from envio e1_0 where e1_0.proveedor=?
Hibernate: select p1_0.id,p1_0.cantidad,p1_0.descripcion,p1_0.nombre,p1_0.unidad_medida from producto p1_0
Hibernate: select e1_0.id,e1_0.comentario_proveedor,e1_0.comentario_supervisor,e1_0.estado,e1_0.fecha_creacion,e1_0.fecha_entrega,e1_0.fecha_modificacion,e1_0.fecha_salida,e1_0.motorisata,p1_0.id,p1_0.apellido,p1_0.direccion,p1_0.email,p1_0.nombre,o1_0.id,o1_0.descripcion,o1_0.direccion,o1_0.email,o1_0.nombre,o1_0.telefono,p1_0.password,r1_0.usuario,r1_1.id,r1_1.descripcion,r1_1.nombre,p1_0.telefono,s1_0.id,s1_0.apellido,s1_0.direccion,s1_0.email,s1_0.nombre,o2_0.id,o2_0.descripcion,o2_0.direccion,o2_0.email,o2_0.nombre,o2_0.telefono,s1_0.password,r2_0.usuario,r2_1.id,r2_1.descripcion,r2_1.nombre,s1_0.telefono from envio e1_0 left join usuario p1_0 on p1_0.id=e1_0.proveedor left join organizacion o1_0 on o1_0.id=p1_0.organizacion left join usuario_rol r1_0 on p1_0.id=r1_0.usuario left join rol r1_1 on r1_1.id=r1_0.rol left join usuario s1_0 on s1_0.id=e1_0.supervisor left join organizacion o2_0 on o2_0.id=s1_0.organizacion left join usuario_rol r2_0 on s1_0.id=r2_0.usuario left join rol r2_1 on r2_1.id=r2_0.rol where e1_0.id=?
Hibernate: select ed1_0.id,ed1_0.cantidad,ed1_0.envio,ed1_0.producto from envio_detalle ed1_0 where ed1_0.envio=?
Hibernate: select e1_0.id,e1_0.comentario_proveedor,e1_0.comentario_supervisor,e1_0.estado,e1_0.fecha_creacion,e1_0.fecha_entrega,e1_0.fecha_modificacion,e1_0.fecha_salida,e1_0.motorisata,e1_0.proveedor,e1_0.supervisor from envio e1_0
Hibernate: select u1_0.id,u1_0.apellido,u1_0.direccion,u1_0.email,u1_0.nombre,o1_0.id,o1_0.descripcion,o1_0.direccion,o1_0.email,o1_0.nombre,o1_0.telefono,u1_0.password,r1_0.usuario,r1_1.id,r1_1.descripcion,r1_1.nombre,u1_0.telefono from usuario u1_0 left join organizacion o1_0 on o1_0.id=u1_0.organizacion left join usuario_rol r1_0 on u1_0.id=r1_0.usuario left join rol r1_1 on r1_1.id=r1_0.rol where u1_0.id=?
Hibernate: select u1_0.id,u1_0.apellido,u1_0.direccion,u1_0.email,u1_0.nombre,o1_0.id,o1_0.descripcion,o1_0.direccion,o1_0.email,o1_0.nombre,o1_0.telefono,u1_0.password,r1_0.usuario,r1_1.id,r1_1.descripcion,r1_1.nombre,u1_0.telefono from usuario u1_0 left join organizacion o1_0 on o1_0.id=u1_0.organizacion left join usuario_rol r1_0 on u1_0.id=r1_0.usuario left join rol r1_1 on r1_1.id=r1_0.rol where u1_0.id=?
Hibernate: select u1_0.id,u1_0.apellido,u1_0.direccion,u1_0.email,u1_0.nombre,o1_0.id,o1_0.descripcion,o1_0.direccion,o1_0.email,o1_0.nombre,o1_0.telefono,u1_0.password,r1_0.usuario,r1_1.id,r1_1.descripcion,r1_1.nombre,u1_0.telefono from usuario u1_0 left join organizacion o1_0 on o1_0.id=u1_0.organizacion left join usuario_rol r1_0 on u1_0.id=r1_0.usuario left join rol r1_1 on r1_1.id=r1_0.rol where u1_0.id=?
Hibernate: select p1_0.id,p1_0.cantidad,p1_0.descripcion,p1_0.nombre,p1_0.unidad_medida from producto p1_0
Hibernate: select e1_0.id,e1_0.comentario_proveedor,e1_0.comentario_supervisor,e1_0.estado,e1_0.fecha_creacion,e1_0.fecha_entrega,e1_0.fecha_modificacion,e1_0.fecha_salida,e1_0.motorisata,p1_0.id,p1_0.apellido,p1_0.direccion,p1_0.email,p1_0.nombre,o1_0.id,o1_0.descripcion,o1_0.direccion,o1_0.email,o1_0.nombre,o1_0.telefono,p1_0.password,r1_0.usuario,r1_1.id,r1_1.descripcion,r1_1.nombre,p1_0.telefono,s1_0.id,s1_0.apellido,s1_0.direccion,s1_0.email,s1_0.nombre,o2_0.id,o2_0.descripcion,o2_0.direccion,o2_0.email,o2_0.nombre,o2_0.telefono,s1_0.password,r2_0.usuario,r2_1.id,r2_1.descripcion,r2_1.nombre,s1_0.telefono from envio e1_0 left join usuario p1_0 on p1_0.id=e1_0.proveedor left join organizacion o1_0 on o1_0.id=p1_0.organizacion left join usuario_rol r1_0 on p1_0.id=r1_0.usuario left join rol r1_1 on r1_1.id=r1_0.rol left join usuario s1_0 on s1_0.id=e1_0.supervisor left join organizacion o2_0 on o2_0.id=s1_0.organizacion left join usuario_rol r2_0 on s1_0.id=r2_0.usuario left join rol r2_1 on r2_1.id=r2_0.rol where e1_0.id=?
Hibernate: select ed1_0.id,ed1_0.cantidad,ed1_0.envio,ed1_0.producto from envio_detalle ed1_0 where ed1_0.envio=?
Hibernate: select e1_0.id,e1_0.comentario_proveedor,e1_0.comentario_supervisor,e1_0.estado,e1_0.fecha_creacion,e1_0.fecha_entrega,e1_0.fecha_modificacion,e1_0.fecha_salida,e1_0.motorisata,e1_0.proveedor,e1_0.supervisor from envio e1_0
Hibernate: select u1_0.id,u1_0.apellido,u1_0.direccion,u1_0.email,u1_0.nombre,o1_0.id,o1_0.descripcion,o1_0.direccion,o1_0.email,o1_0.nombre,o1_0.telefono,u1_0.password,r1_0.usuario,r1_1.id,r1_1.descripcion,r1_1.nombre,u1_0.telefono from usuario u1_0 left join organizacion o1_0 on o1_0.id=u1_0.organizacion left join usuario_rol r1_0 on u1_0.id=r1_0.usuario left join rol r1_1 on r1_1.id=r1_0.rol where u1_0.id=?
Hibernate: select u1_0.id,u1_0.apellido,u1_0.direccion,u1_0.email,u1_0.nombre,o1_0.id,o1_0.descripcion,o1_0.direccion,o1_0.email,o1_0.nombre,o1_0.telefono,u1_0.password,r1_0.usuario,r1_1.id,r1_1.descripcion,r1_1.nombre,u1_0.telefono from usuario u1_0 left join organizacion o1_0 on o1_0.id=u1_0.organizacion left join usuario_rol r1_0 on u1_0.id=r1_0.usuario left join rol r1_1 on r1_1.id=r1_0.rol where u1_0.id=?
Hibernate: select u1_0.id,u1_0.apellido,u1_0.direccion,u1_0.email,u1_0.nombre,o1_0.id,o1_0.descripcion,o1_0.direccion,o1_0.email,o1_0.nombre,o1_0.telefono,u1_0.password,r1_0.usuario,r1_1.id,r1_1.descripcion,r1_1.nombre,u1_0.telefono from usuario u1_0 left join organizacion o1_0 on o1_0.id=u1_0.organizacion left join usuario_rol r1_0 on u1_0.id=r1_0.usuario left join rol r1_1 on r1_1.id=r1_0.rol where u1_0.id=?
Hibernate: select p1_0.id,p1_0.cantidad,p1_0.descripcion,p1_0.nombre,p1_0.unidad_medida from producto p1_0
Hibernate: select e1_0.id,e1_0.comentario_proveedor,e1_0.comentario_supervisor,e1_0.estado,e1_0.fecha_creacion,e1_0.fecha_entrega,e1_0.fecha_modificacion,e1_0.fecha_salida,e1_0.motorisata,p1_0.id,p1_0.apellido,p1_0.direccion,p1_0.email,p1_0.nombre,o1_0.id,o1_0.descripcion,o1_0.direccion,o1_0.email,o1_0.nombre,o1_0.telefono,p1_0.password,r1_0.usuario,r1_1.id,r1_1.descripcion,r1_1.nombre,p1_0.telefono,s1_0.id,s1_0.apellido,s1_0.direccion,s1_0.email,s1_0.nombre,o2_0.id,o2_0.descripcion,o2_0.direccion,o2_0.email,o2_0.nombre,o2_0.telefono,s1_0.password,r2_0.usuario,r2_1.id,r2_1.descripcion,r2_1.nombre,s1_0.telefono from envio e1_0 left join usuario p1_0 on p1_0.id=e1_0.proveedor left join organizacion o1_0 on o1_0.id=p1_0.organizacion left join usuario_rol r1_0 on p1_0.id=r1_0.usuario left join rol r1_1 on r1_1.id=r1_0.rol left join usuario s1_0 on s1_0.id=e1_0.supervisor left join organizacion o2_0 on o2_0.id=s1_0.organizacion left join usuario_rol r2_0 on s1_0.id=r2_0.usuario left join rol r2_1 on r2_1.id=r2_0.rol where e1_0.id=?
Hibernate: select ed1_0.id,ed1_0.cantidad,ed1_0.envio,ed1_0.producto from envio_detalle ed1_0 where ed1_0.envio=?
Hibernate: select e1_0.id,e1_0.comentario_proveedor,e1_0.comentario_supervisor,e1_0.estado,e1_0.fecha_creacion,e1_0.fecha_entrega,e1_0.fecha_modificacion,e1_0.fecha_salida,e1_0.motorisata,e1_0.proveedor,e1_0.supervisor from envio e1_0
Hibernate: select u1_0.id,u1_0.apellido,u1_0.direccion,u1_0.email,u1_0.nombre,o1_0.id,o1_0.descripcion,o1_0.direccion,o1_0.email,o1_0.nombre,o1_0.telefono,u1_0.password,r1_0.usuario,r1_1.id,r1_1.descripcion,r1_1.nombre,u1_0.telefono from usuario u1_0 left join organizacion o1_0 on o1_0.id=u1_0.organizacion left join usuario_rol r1_0 on u1_0.id=r1_0.usuario left join rol r1_1 on r1_1.id=r1_0.rol where u1_0.id=?
Hibernate: select u1_0.id,u1_0.apellido,u1_0.direccion,u1_0.email,u1_0.nombre,o1_0.id,o1_0.descripcion,o1_0.direccion,o1_0.email,o1_0.nombre,o1_0.telefono,u1_0.password,r1_0.usuario,r1_1.id,r1_1.descripcion,r1_1.nombre,u1_0.telefono from usuario u1_0 left join organizacion o1_0 on o1_0.id=u1_0.organizacion left join usuario_rol r1_0 on u1_0.id=r1_0.usuario left join rol r1_1 on r1_1.id=r1_0.rol where u1_0.id=?
Hibernate: select u1_0.id,u1_0.apellido,u1_0.direccion,u1_0.email,u1_0.nombre,o1_0.id,o1_0.descripcion,o1_0.direccion,o1_0.email,o1_0.nombre,o1_0.telefono,u1_0.password,r1_0.usuario,r1_1.id,r1_1.descripcion,r1_1.nombre,u1_0.telefono from usuario u1_0 left join organizacion o1_0 on o1_0.id=u1_0.organizacion left join usuario_rol r1_0 on u1_0.id=r1_0.usuario left join rol r1_1 on r1_1.id=r1_0.rol where u1_0.id=?
Hibernate: select p1_0.id,p1_0.cantidad,p1_0.descripcion,p1_0.nombre,p1_0.unidad_medida from producto p1_0
Hibernate: select e1_0.id,e1_0.comentario_proveedor,e1_0.comentario_supervisor,e1_0.estado,e1_0.fecha_creacion,e1_0.fecha_entrega,e1_0.fecha_modificacion,e1_0.fecha_salida,e1_0.motorisata,p1_0.id,p1_0.apellido,p1_0.direccion,p1_0.email,p1_0.nombre,o1_0.id,o1_0.descripcion,o1_0.direccion,o1_0.email,o1_0.nombre,o1_0.telefono,p1_0.password,r1_0.usuario,r1_1.id,r1_1.descripcion,r1_1.nombre,p1_0.telefono,s1_0.id,s1_0.apellido,s1_0.direccion,s1_0.email,s1_0.nombre,o2_0.id,o2_0.descripcion,o2_0.direccion,o2_0.email,o2_0.nombre,o2_0.telefono,s1_0.password,r2_0.usuario,r2_1.id,r2_1.descripcion,r2_1.nombre,s1_0.telefono from envio e1_0 left join usuario p1_0 on p1_0.id=e1_0.proveedor left join organizacion o1_0 on o1_0.id=p1_0.organizacion left join usuario_rol r1_0 on p1_0.id=r1_0.usuario left join rol r1_1 on r1_1.id=r1_0.rol left join usuario s1_0 on s1_0.id=e1_0.supervisor left join organizacion o2_0 on o2_0.id=s1_0.organizacion left join usuario_rol r2_0 on s1_0.id=r2_0.usuario left join rol r2_1 on r2_1.id=r2_0.rol where e1_0.id=?
Hibernate: select ed1_0.id,ed1_0.cantidad,ed1_0.envio,ed1_0.producto from envio_detalle ed1_0 where ed1_0.envio=?
Hibernate: select e1_0.id,e1_0.comentario_proveedor,e1_0.comentario_supervisor,e1_0.estado,e1_0.fecha_creacion,e1_0.fecha_entrega,e1_0.fecha_modificacion,e1_0.fecha_salida,e1_0.motorisata,e1_0.proveedor,e1_0.supervisor from envio e1_0
Hibernate: select u1_0.id,u1_0.apellido,u1_0.direccion,u1_0.email,u1_0.nombre,o1_0.id,o1_0.descripcion,o1_0.direccion,o1_0.email,o1_0.nombre,o1_0.telefono,u1_0.password,r1_0.usuario,r1_1.id,r1_1.descripcion,r1_1.nombre,u1_0.telefono from usuario u1_0 left join organizacion o1_0 on o1_0.id=u1_0.organizacion left join usuario_rol r1_0 on u1_0.id=r1_0.usuario left join rol r1_1 on r1_1.id=r1_0.rol where u1_0.id=?
Hibernate: select u1_0.id,u1_0.apellido,u1_0.direccion,u1_0.email,u1_0.nombre,o1_0.id,o1_0.descripcion,o1_0.direccion,o1_0.email,o1_0.nombre,o1_0.telefono,u1_0.password,r1_0.usuario,r1_1.id,r1_1.descripcion,r1_1.nombre,u1_0.telefono from usuario u1_0 left join organizacion o1_0 on o1_0.id=u1_0.organizacion left join usuario_rol r1_0 on u1_0.id=r1_0.usuario left join rol r1_1 on r1_1.id=r1_0.rol where u1_0.id=?
Hibernate: select u1_0.id,u1_0.apellido,u1_0.direccion,u1_0.email,u1_0.nombre,o1_0.id,o1_0.descripcion,o1_0.direccion,o1_0.email,o1_0.nombre,o1_0.telefono,u1_0.password,r1_0.usuario,r1_1.id,r1_1.descripcion,r1_1.nombre,u1_0.telefono from usuario u1_0 left join organizacion o1_0 on o1_0.id=u1_0.organizacion left join usuario_rol r1_0 on u1_0.id=r1_0.usuario left join rol r1_1 on r1_1.id=r1_0.rol where u1_0.id=?
Hibernate: select e1_0.id,e1_0.comentario_proveedor,e1_0.comentario_supervisor,e1_0.estado,e1_0.fecha_creacion,e1_0.fecha_entrega,e1_0.fecha_modificacion,e1_0.fecha_salida,e1_0.motorisata,e1_0.proveedor,e1_0.supervisor from envio e1_0
Hibernate: select u1_0.id,u1_0.apellido,u1_0.direccion,u1_0.email,u1_0.nombre,o1_0.id,o1_0.descripcion,o1_0.direccion,o1_0.email,o1_0.nombre,o1_0.telefono,u1_0.password,r1_0.usuario,r1_1.id,r1_1.descripcion,r1_1.nombre,u1_0.telefono from usuario u1_0 left join organizacion o1_0 on o1_0.id=u1_0.organizacion left join usuario_rol r1_0 on u1_0.id=r1_0.usuario left join rol r1_1 on r1_1.id=r1_0.rol where u1_0.id=?
Hibernate: select u1_0.id,u1_0.apellido,u1_0.direccion,u1_0.email,u1_0.nombre,o1_0.id,o1_0.descripcion,o1_0.direccion,o1_0.email,o1_0.nombre,o1_0.telefono,u1_0.password,r1_0.usuario,r1_1.id,r1_1.descripcion,r1_1.nombre,u1_0.telefono from usuario u1_0 left join organizacion o1_0 on o1_0.id=u1_0.organizacion left join usuario_rol r1_0 on u1_0.id=r1_0.usuario left join rol r1_1 on r1_1.id=r1_0.rol where u1_0.id=?
Hibernate: select u1_0.id,u1_0.apellido,u1_0.direccion,u1_0.email,u1_0.nombre,o1_0.id,o1_0.descripcion,o1_0.direccion,o1_0.email,o1_0.nombre,o1_0.telefono,u1_0.password,r1_0.usuario,r1_1.id,r1_1.descripcion,r1_1.nombre,u1_0.telefono from usuario u1_0 left join organizacion o1_0 on o1_0.id=u1_0.organizacion left join usuario_rol r1_0 on u1_0.id=r1_0.usuario left join rol r1_1 on r1_1.id=r1_0.rol where u1_0.id=?
Hibernate: select e1_0.id,e1_0.comentario_proveedor,e1_0.comentario_supervisor,e1_0.estado,e1_0.fecha_creacion,e1_0.fecha_entrega,e1_0.fecha_modificacion,e1_0.fecha_salida,e1_0.motorisata,e1_0.proveedor,e1_0.supervisor from envio e1_0
Hibernate: select u1_0.id,u1_0.apellido,u1_0.direccion,u1_0.email,u1_0.nombre,o1_0.id,o1_0.descripcion,o1_0.direccion,o1_0.email,o1_0.nombre,o1_0.telefono,u1_0.password,r1_0.usuario,r1_1.id,r1_1.descripcion,r1_1.nombre,u1_0.telefono from usuario u1_0 left join organizacion o1_0 on o1_0.id=u1_0.organizacion left join usuario_rol r1_0 on u1_0.id=r1_0.usuario left join rol r1_1 on r1_1.id=r1_0.rol where u1_0.id=?
Hibernate: select u1_0.id,u1_0.apellido,u1_0.direccion,u1_0.email,u1_0.nombre,o1_0.id,o1_0.descripcion,o1_0.direccion,o1_0.email,o1_0.nombre,o1_0.telefono,u1_0.password,r1_0.usuario,r1_1.id,r1_1.descripcion,r1_1.nombre,u1_0.telefono from usuario u1_0 left join organizacion o1_0 on o1_0.id=u1_0.organizacion left join usuario_rol r1_0 on u1_0.id=r1_0.usuario left join rol r1_1 on r1_1.id=r1_0.rol where u1_0.id=?
Hibernate: select u1_0.id,u1_0.apellido,u1_0.direccion,u1_0.email,u1_0.nombre,o1_0.id,o1_0.descripcion,o1_0.direccion,o1_0.email,o1_0.nombre,o1_0.telefono,u1_0.password,r1_0.usuario,r1_1.id,r1_1.descripcion,r1_1.nombre,u1_0.telefono from usuario u1_0 left join organizacion o1_0 on o1_0.id=u1_0.organizacion left join usuario_rol r1_0 on u1_0.id=r1_0.usuario left join rol r1_1 on r1_1.id=r1_0.rol where u1_0.id=?
Hibernate: select p1_0.id,p1_0.cantidad,p1_0.descripcion,p1_0.nombre,p1_0.unidad_medida from producto p1_0
Hibernate: select e1_0.id,e1_0.comentario_proveedor,e1_0.comentario_supervisor,e1_0.estado,e1_0.fecha_creacion,e1_0.fecha_entrega,e1_0.fecha_modificacion,e1_0.fecha_salida,e1_0.motorisata,p1_0.id,p1_0.apellido,p1_0.direccion,p1_0.email,p1_0.nombre,o1_0.id,o1_0.descripcion,o1_0.direccion,o1_0.email,o1_0.nombre,o1_0.telefono,p1_0.password,r1_0.usuario,r1_1.id,r1_1.descripcion,r1_1.nombre,p1_0.telefono,s1_0.id,s1_0.apellido,s1_0.direccion,s1_0.email,s1_0.nombre,o2_0.id,o2_0.descripcion,o2_0.direccion,o2_0.email,o2_0.nombre,o2_0.telefono,s1_0.password,r2_0.usuario,r2_1.id,r2_1.descripcion,r2_1.nombre,s1_0.telefono from envio e1_0 left join usuario p1_0 on p1_0.id=e1_0.proveedor left join organizacion o1_0 on o1_0.id=p1_0.organizacion left join usuario_rol r1_0 on p1_0.id=r1_0.usuario left join rol r1_1 on r1_1.id=r1_0.rol left join usuario s1_0 on s1_0.id=e1_0.supervisor left join organizacion o2_0 on o2_0.id=s1_0.organizacion left join usuario_rol r2_0 on s1_0.id=r2_0.usuario left join rol r2_1 on r2_1.id=r2_0.rol where e1_0.id=?
Hibernate: select ed1_0.id,ed1_0.cantidad,ed1_0.envio,ed1_0.producto from envio_detalle ed1_0 where ed1_0.envio=?
Hibernate: select p1_0.id,p1_0.cantidad,p1_0.descripcion,p1_0.nombre,p1_0.unidad_medida from producto p1_0 where p1_0.id=?
Hibernate: select e1_0.id,e1_0.comentario_proveedor,e1_0.comentario_supervisor,e1_0.estado,e1_0.fecha_creacion,e1_0.fecha_entrega,e1_0.fecha_modificacion,e1_0.fecha_salida,e1_0.motorisata,p1_0.id,p1_0.apellido,p1_0.direccion,p1_0.email,p1_0.nombre,o1_0.id,o1_0.descripcion,o1_0.direccion,o1_0.email,o1_0.nombre,o1_0.telefono,p1_0.password,r1_0.usuario,r1_1.id,r1_1.descripcion,r1_1.nombre,p1_0.telefono,s1_0.id,s1_0.apellido,s1_0.direccion,s1_0.email,s1_0.nombre,o2_0.id,o2_0.descripcion,o2_0.direccion,o2_0.email,o2_0.nombre,o2_0.telefono,s1_0.password,r2_0.usuario,r2_1.id,r2_1.descripcion,r2_1.nombre,s1_0.telefono from envio e1_0 left join usuario p1_0 on p1_0.id=e1_0.proveedor left join organizacion o1_0 on o1_0.id=p1_0.organizacion left join usuario_rol r1_0 on p1_0.id=r1_0.usuario left join rol r1_1 on r1_1.id=r1_0.rol left join usuario s1_0 on s1_0.id=e1_0.supervisor left join organizacion o2_0 on o2_0.id=s1_0.organizacion left join usuario_rol r2_0 on s1_0.id=r2_0.usuario left join rol r2_1 on r2_1.id=r2_0.rol where e1_0.id=?
Hibernate: update envio set comentario_proveedor=?,comentario_supervisor=?,estado=?,fecha_creacion=?,fecha_entrega=?,fecha_modificacion=?,fecha_salida=?,motorisata=?,proveedor=?,supervisor=? where id=?
Hibernate: select e1_0.id,e1_0.comentario_proveedor,e1_0.comentario_supervisor,e1_0.estado,e1_0.fecha_creacion,e1_0.fecha_entrega,e1_0.fecha_modificacion,e1_0.fecha_salida,e1_0.motorisata,e1_0.proveedor,e1_0.supervisor from envio e1_0
Hibernate: select u1_0.id,u1_0.apellido,u1_0.direccion,u1_0.email,u1_0.nombre,o1_0.id,o1_0.descripcion,o1_0.direccion,o1_0.email,o1_0.nombre,o1_0.telefono,u1_0.password,r1_0.usuario,r1_1.id,r1_1.descripcion,r1_1.nombre,u1_0.telefono from usuario u1_0 left join organizacion o1_0 on o1_0.id=u1_0.organizacion left join usuario_rol r1_0 on u1_0.id=r1_0.usuario left join rol r1_1 on r1_1.id=r1_0.rol where u1_0.id=?
Hibernate: select u1_0.id,u1_0.apellido,u1_0.direccion,u1_0.email,u1_0.nombre,o1_0.id,o1_0.descripcion,o1_0.direccion,o1_0.email,o1_0.nombre,o1_0.telefono,u1_0.password,r1_0.usuario,r1_1.id,r1_1.descripcion,r1_1.nombre,u1_0.telefono from usuario u1_0 left join organizacion o1_0 on o1_0.id=u1_0.organizacion left join usuario_rol r1_0 on u1_0.id=r1_0.usuario left join rol r1_1 on r1_1.id=r1_0.rol where u1_0.id=?
Hibernate: select u1_0.id,u1_0.apellido,u1_0.direccion,u1_0.email,u1_0.nombre,o1_0.id,o1_0.descripcion,o1_0.direccion,o1_0.email,o1_0.nombre,o1_0.telefono,u1_0.password,r1_0.usuario,r1_1.id,r1_1.descripcion,r1_1.nombre,u1_0.telefono from usuario u1_0 left join organizacion o1_0 on o1_0.id=u1_0.organizacion left join usuario_rol r1_0 on u1_0.id=r1_0.usuario left join rol r1_1 on r1_1.id=r1_0.rol where u1_0.id=?
Hibernate: select p1_0.id,p1_0.cantidad,p1_0.descripcion,p1_0.nombre,p1_0.unidad_medida from producto p1_0
Hibernate: select e1_0.id,e1_0.comentario_proveedor,e1_0.comentario_supervisor,e1_0.estado,e1_0.fecha_creacion,e1_0.fecha_entrega,e1_0.fecha_modificacion,e1_0.fecha_salida,e1_0.motorisata,p1_0.id,p1_0.apellido,p1_0.direccion,p1_0.email,p1_0.nombre,o1_0.id,o1_0.descripcion,o1_0.direccion,o1_0.email,o1_0.nombre,o1_0.telefono,p1_0.password,r1_0.usuario,r1_1.id,r1_1.descripcion,r1_1.nombre,p1_0.telefono,s1_0.id,s1_0.apellido,s1_0.direccion,s1_0.email,s1_0.nombre,o2_0.id,o2_0.descripcion,o2_0.direccion,o2_0.email,o2_0.nombre,o2_0.telefono,s1_0.password,r2_0.usuario,r2_1.id,r2_1.descripcion,r2_1.nombre,s1_0.telefono from envio e1_0 left join usuario p1_0 on p1_0.id=e1_0.proveedor left join organizacion o1_0 on o1_0.id=p1_0.organizacion left join usuario_rol r1_0 on p1_0.id=r1_0.usuario left join rol r1_1 on r1_1.id=r1_0.rol left join usuario s1_0 on s1_0.id=e1_0.supervisor left join organizacion o2_0 on o2_0.id=s1_0.organizacion left join usuario_rol r2_0 on s1_0.id=r2_0.usuario left join rol r2_1 on r2_1.id=r2_0.rol where e1_0.id=?
Hibernate: select ed1_0.id,ed1_0.cantidad,ed1_0.envio,ed1_0.producto from envio_detalle ed1_0 where ed1_0.envio=?
Hibernate: select e1_0.id,e1_0.comentario_proveedor,e1_0.comentario_supervisor,e1_0.estado,e1_0.fecha_creacion,e1_0.fecha_entrega,e1_0.fecha_modificacion,e1_0.fecha_salida,e1_0.motorisata,e1_0.proveedor,e1_0.supervisor from envio e1_0
Hibernate: select u1_0.id,u1_0.apellido,u1_0.direccion,u1_0.email,u1_0.nombre,o1_0.id,o1_0.descripcion,o1_0.direccion,o1_0.email,o1_0.nombre,o1_0.telefono,u1_0.password,r1_0.usuario,r1_1.id,r1_1.descripcion,r1_1.nombre,u1_0.telefono from usuario u1_0 left join organizacion o1_0 on o1_0.id=u1_0.organizacion left join usuario_rol r1_0 on u1_0.id=r1_0.usuario left join rol r1_1 on r1_1.id=r1_0.rol where u1_0.id=?
Hibernate: select u1_0.id,u1_0.apellido,u1_0.direccion,u1_0.email,u1_0.nombre,o1_0.id,o1_0.descripcion,o1_0.direccion,o1_0.email,o1_0.nombre,o1_0.telefono,u1_0.password,r1_0.usuario,r1_1.id,r1_1.descripcion,r1_1.nombre,u1_0.telefono from usuario u1_0 left join organizacion o1_0 on o1_0.id=u1_0.organizacion left join usuario_rol r1_0 on u1_0.id=r1_0.usuario left join rol r1_1 on r1_1.id=r1_0.rol where u1_0.id=?
Hibernate: select u1_0.id,u1_0.apellido,u1_0.direccion,u1_0.email,u1_0.nombre,o1_0.id,o1_0.descripcion,o1_0.direccion,o1_0.email,o1_0.nombre,o1_0.telefono,u1_0.password,r1_0.usuario,r1_1.id,r1_1.descripcion,r1_1.nombre,u1_0.telefono from usuario u1_0 left join organizacion o1_0 on o1_0.id=u1_0.organizacion left join usuario_rol r1_0 on u1_0.id=r1_0.usuario left join rol r1_1 on r1_1.id=r1_0.rol where u1_0.id=?
Hibernate: select e1_0.id,e1_0.comentario_proveedor,e1_0.comentario_supervisor,e1_0.estado,e1_0.fecha_creacion,e1_0.fecha_entrega,e1_0.fecha_modificacion,e1_0.fecha_salida,e1_0.motorisata,e1_0.proveedor,e1_0.supervisor from envio e1_0
Hibernate: select u1_0.id,u1_0.apellido,u1_0.direccion,u1_0.email,u1_0.nombre,o1_0.id,o1_0.descripcion,o1_0.direccion,o1_0.email,o1_0.nombre,o1_0.telefono,u1_0.password,r1_0.usuario,r1_1.id,r1_1.descripcion,r1_1.nombre,u1_0.telefono from usuario u1_0 left join organizacion o1_0 on o1_0.id=u1_0.organizacion left join usuario_rol r1_0 on u1_0.id=r1_0.usuario left join rol r1_1 on r1_1.id=r1_0.rol where u1_0.id=?
Hibernate: select u1_0.id,u1_0.apellido,u1_0.direccion,u1_0.email,u1_0.nombre,o1_0.id,o1_0.descripcion,o1_0.direccion,o1_0.email,o1_0.nombre,o1_0.telefono,u1_0.password,r1_0.usuario,r1_1.id,r1_1.descripcion,r1_1.nombre,u1_0.telefono from usuario u1_0 left join organizacion o1_0 on o1_0.id=u1_0.organizacion left join usuario_rol r1_0 on u1_0.id=r1_0.usuario left join rol r1_1 on r1_1.id=r1_0.rol where u1_0.id=?
Hibernate: select u1_0.id,u1_0.apellido,u1_0.direccion,u1_0.email,u1_0.nombre,o1_0.id,o1_0.descripcion,o1_0.direccion,o1_0.email,o1_0.nombre,o1_0.telefono,u1_0.password,r1_0.usuario,r1_1.id,r1_1.descripcion,r1_1.nombre,u1_0.telefono from usuario u1_0 left join organizacion o1_0 on o1_0.id=u1_0.organizacion left join usuario_rol r1_0 on u1_0.id=r1_0.usuario left join rol r1_1 on r1_1.id=r1_0.rol where u1_0.id=?
Hibernate: select p1_0.id,p1_0.cantidad,p1_0.descripcion,p1_0.nombre,p1_0.unidad_medida from producto p1_0
Hibernate: select e1_0.id,e1_0.comentario_proveedor,e1_0.comentario_supervisor,e1_0.estado,e1_0.fecha_creacion,e1_0.fecha_entrega,e1_0.fecha_modificacion,e1_0.fecha_salida,e1_0.motorisata,p1_0.id,p1_0.apellido,p1_0.direccion,p1_0.email,p1_0.nombre,o1_0.id,o1_0.descripcion,o1_0.direccion,o1_0.email,o1_0.nombre,o1_0.telefono,p1_0.password,r1_0.usuario,r1_1.id,r1_1.descripcion,r1_1.nombre,p1_0.telefono,s1_0.id,s1_0.apellido,s1_0.direccion,s1_0.email,s1_0.nombre,o2_0.id,o2_0.descripcion,o2_0.direccion,o2_0.email,o2_0.nombre,o2_0.telefono,s1_0.password,r2_0.usuario,r2_1.id,r2_1.descripcion,r2_1.nombre,s1_0.telefono from envio e1_0 left join usuario p1_0 on p1_0.id=e1_0.proveedor left join organizacion o1_0 on o1_0.id=p1_0.organizacion left join usuario_rol r1_0 on p1_0.id=r1_0.usuario left join rol r1_1 on r1_1.id=r1_0.rol left join usuario s1_0 on s1_0.id=e1_0.supervisor left join organizacion o2_0 on o2_0.id=s1_0.organizacion left join usuario_rol r2_0 on s1_0.id=r2_0.usuario left join rol r2_1 on r2_1.id=r2_0.rol where e1_0.id=?
Hibernate: select ed1_0.id,ed1_0.cantidad,ed1_0.envio,ed1_0.producto from envio_detalle ed1_0 where ed1_0.envio=?
Hibernate: select p1_0.id,p1_0.cantidad,p1_0.descripcion,p1_0.nombre,p1_0.unidad_medida from producto p1_0 where p1_0.id=?
Hibernate: select e1_0.id,e1_0.comentario_proveedor,e1_0.comentario_supervisor,e1_0.estado,e1_0.fecha_creacion,e1_0.fecha_entrega,e1_0.fecha_modificacion,e1_0.fecha_salida,e1_0.motorisata,p1_0.id,p1_0.apellido,p1_0.direccion,p1_0.email,p1_0.nombre,o1_0.id,o1_0.descripcion,o1_0.direccion,o1_0.email,o1_0.nombre,o1_0.telefono,p1_0.password,r1_0.usuario,r1_1.id,r1_1.descripcion,r1_1.nombre,p1_0.telefono,s1_0.id,s1_0.apellido,s1_0.direccion,s1_0.email,s1_0.nombre,o2_0.id,o2_0.descripcion,o2_0.direccion,o2_0.email,o2_0.nombre,o2_0.telefono,s1_0.password,r2_0.usuario,r2_1.id,r2_1.descripcion,r2_1.nombre,s1_0.telefono from envio e1_0 left join usuario p1_0 on p1_0.id=e1_0.proveedor left join organizacion o1_0 on o1_0.id=p1_0.organizacion left join usuario_rol r1_0 on p1_0.id=r1_0.usuario left join rol r1_1 on r1_1.id=r1_0.rol left join usuario s1_0 on s1_0.id=e1_0.supervisor left join organizacion o2_0 on o2_0.id=s1_0.organizacion left join usuario_rol r2_0 on s1_0.id=r2_0.usuario left join rol r2_1 on r2_1.id=r2_0.rol where e1_0.id=?
Hibernate: update envio set comentario_proveedor=?,comentario_supervisor=?,estado=?,fecha_creacion=?,fecha_entrega=?,fecha_modificacion=?,fecha_salida=?,motorisata=?,proveedor=?,supervisor=? where id=?
Hibernate: select e1_0.id,e1_0.comentario_proveedor,e1_0.comentario_supervisor,e1_0.estado,e1_0.fecha_creacion,e1_0.fecha_entrega,e1_0.fecha_modificacion,e1_0.fecha_salida,e1_0.motorisata,e1_0.proveedor,e1_0.supervisor from envio e1_0
Hibernate: select u1_0.id,u1_0.apellido,u1_0.direccion,u1_0.email,u1_0.nombre,o1_0.id,o1_0.descripcion,o1_0.direccion,o1_0.email,o1_0.nombre,o1_0.telefono,u1_0.password,r1_0.usuario,r1_1.id,r1_1.descripcion,r1_1.nombre,u1_0.telefono from usuario u1_0 left join organizacion o1_0 on o1_0.id=u1_0.organizacion left join usuario_rol r1_0 on u1_0.id=r1_0.usuario left join rol r1_1 on r1_1.id=r1_0.rol where u1_0.id=?
Hibernate: select u1_0.id,u1_0.apellido,u1_0.direccion,u1_0.email,u1_0.nombre,o1_0.id,o1_0.descripcion,o1_0.direccion,o1_0.email,o1_0.nombre,o1_0.telefono,u1_0.password,r1_0.usuario,r1_1.id,r1_1.descripcion,r1_1.nombre,u1_0.telefono from usuario u1_0 left join organizacion o1_0 on o1_0.id=u1_0.organizacion left join usuario_rol r1_0 on u1_0.id=r1_0.usuario left join rol r1_1 on r1_1.id=r1_0.rol where u1_0.id=?
Hibernate: select u1_0.id,u1_0.apellido,u1_0.direccion,u1_0.email,u1_0.nombre,o1_0.id,o1_0.descripcion,o1_0.direccion,o1_0.email,o1_0.nombre,o1_0.telefono,u1_0.password,r1_0.usuario,r1_1.id,r1_1.descripcion,r1_1.nombre,u1_0.telefono from usuario u1_0 left join organizacion o1_0 on o1_0.id=u1_0.organizacion left join usuario_rol r1_0 on u1_0.id=r1_0.usuario left join rol r1_1 on r1_1.id=r1_0.rol where u1_0.id=?
Hibernate: select e1_0.id,e1_0.comentario_proveedor,e1_0.comentario_supervisor,e1_0.estado,e1_0.fecha_creacion,e1_0.fecha_entrega,e1_0.fecha_modificacion,e1_0.fecha_salida,e1_0.motorisata,e1_0.proveedor,e1_0.supervisor from envio e1_0
Hibernate: select u1_0.id,u1_0.apellido,u1_0.direccion,u1_0.email,u1_0.nombre,o1_0.id,o1_0.descripcion,o1_0.direccion,o1_0.email,o1_0.nombre,o1_0.telefono,u1_0.password,r1_0.usuario,r1_1.id,r1_1.descripcion,r1_1.nombre,u1_0.telefono from usuario u1_0 left join organizacion o1_0 on o1_0.id=u1_0.organizacion left join usuario_rol r1_0 on u1_0.id=r1_0.usuario left join rol r1_1 on r1_1.id=r1_0.rol where u1_0.id=?
Hibernate: select u1_0.id,u1_0.apellido,u1_0.direccion,u1_0.email,u1_0.nombre,o1_0.id,o1_0.descripcion,o1_0.direccion,o1_0.email,o1_0.nombre,o1_0.telefono,u1_0.password,r1_0.usuario,r1_1.id,r1_1.descripcion,r1_1.nombre,u1_0.telefono from usuario u1_0 left join organizacion o1_0 on o1_0.id=u1_0.organizacion left join usuario_rol r1_0 on u1_0.id=r1_0.usuario left join rol r1_1 on r1_1.id=r1_0.rol where u1_0.id=?
Hibernate: select u1_0.id,u1_0.apellido,u1_0.direccion,u1_0.email,u1_0.nombre,o1_0.id,o1_0.descripcion,o1_0.direccion,o1_0.email,o1_0.nombre,o1_0.telefono,u1_0.password,r1_0.usuario,r1_1.id,r1_1.descripcion,r1_1.nombre,u1_0.telefono from usuario u1_0 left join organizacion o1_0 on o1_0.id=u1_0.organizacion left join usuario_rol r1_0 on u1_0.id=r1_0.usuario left join rol r1_1 on r1_1.id=r1_0.rol where u1_0.id=?
Hibernate: select p1_0.id,p1_0.cantidad,p1_0.descripcion,p1_0.nombre,p1_0.unidad_medida from producto p1_0
Hibernate: select e1_0.id,e1_0.comentario_proveedor,e1_0.comentario_supervisor,e1_0.estado,e1_0.fecha_creacion,e1_0.fecha_entrega,e1_0.fecha_modificacion,e1_0.fecha_salida,e1_0.motorisata,p1_0.id,p1_0.apellido,p1_0.direccion,p1_0.email,p1_0.nombre,o1_0.id,o1_0.descripcion,o1_0.direccion,o1_0.email,o1_0.nombre,o1_0.telefono,p1_0.password,r1_0.usuario,r1_1.id,r1_1.descripcion,r1_1.nombre,p1_0.telefono,s1_0.id,s1_0.apellido,s1_0.direccion,s1_0.email,s1_0.nombre,o2_0.id,o2_0.descripcion,o2_0.direccion,o2_0.email,o2_0.nombre,o2_0.telefono,s1_0.password,r2_0.usuario,r2_1.id,r2_1.descripcion,r2_1.nombre,s1_0.telefono from envio e1_0 left join usuario p1_0 on p1_0.id=e1_0.proveedor left join organizacion o1_0 on o1_0.id=p1_0.organizacion left join usuario_rol r1_0 on p1_0.id=r1_0.usuario left join rol r1_1 on r1_1.id=r1_0.rol left join usuario s1_0 on s1_0.id=e1_0.supervisor left join organizacion o2_0 on o2_0.id=s1_0.organizacion left join usuario_rol r2_0 on s1_0.id=r2_0.usuario left join rol r2_1 on r2_1.id=r2_0.rol where e1_0.id=?
Hibernate: select ed1_0.id,ed1_0.cantidad,ed1_0.envio,ed1_0.producto from envio_detalle ed1_0 where ed1_0.envio=?
Hibernate: select e1_0.id,e1_0.comentario_proveedor,e1_0.comentario_supervisor,e1_0.estado,e1_0.fecha_creacion,e1_0.fecha_entrega,e1_0.fecha_modificacion,e1_0.fecha_salida,e1_0.motorisata,e1_0.proveedor,e1_0.supervisor from envio e1_0
Hibernate: select u1_0.id,u1_0.apellido,u1_0.direccion,u1_0.email,u1_0.nombre,o1_0.id,o1_0.descripcion,o1_0.direccion,o1_0.email,o1_0.nombre,o1_0.telefono,u1_0.password,r1_0.usuario,r1_1.id,r1_1.descripcion,r1_1.nombre,u1_0.telefono from usuario u1_0 left join organizacion o1_0 on o1_0.id=u1_0.organizacion left join usuario_rol r1_0 on u1_0.id=r1_0.usuario left join rol r1_1 on r1_1.id=r1_0.rol where u1_0.id=?
Hibernate: select u1_0.id,u1_0.apellido,u1_0.direccion,u1_0.email,u1_0.nombre,o1_0.id,o1_0.descripcion,o1_0.direccion,o1_0.email,o1_0.nombre,o1_0.telefono,u1_0.password,r1_0.usuario,r1_1.id,r1_1.descripcion,r1_1.nombre,u1_0.telefono from usuario u1_0 left join organizacion o1_0 on o1_0.id=u1_0.organizacion left join usuario_rol r1_0 on u1_0.id=r1_0.usuario left join rol r1_1 on r1_1.id=r1_0.rol where u1_0.id=?
Hibernate: select u1_0.id,u1_0.apellido,u1_0.direccion,u1_0.email,u1_0.nombre,o1_0.id,o1_0.descripcion,o1_0.direccion,o1_0.email,o1_0.nombre,o1_0.telefono,u1_0.password,r1_0.usuario,r1_1.id,r1_1.descripcion,r1_1.nombre,u1_0.telefono from usuario u1_0 left join organizacion o1_0 on o1_0.id=u1_0.organizacion left join usuario_rol r1_0 on u1_0.id=r1_0.usuario left join rol r1_1 on r1_1.id=r1_0.rol where u1_0.id=?
Hibernate: select p1_0.id,p1_0.cantidad,p1_0.descripcion,p1_0.nombre,p1_0.unidad_medida from producto p1_0
Hibernate: select e1_0.id,e1_0.comentario_proveedor,e1_0.comentario_supervisor,e1_0.estado,e1_0.fecha_creacion,e1_0.fecha_entrega,e1_0.fecha_modificacion,e1_0.fecha_salida,e1_0.motorisata,p1_0.id,p1_0.apellido,p1_0.direccion,p1_0.email,p1_0.nombre,o1_0.id,o1_0.descripcion,o1_0.direccion,o1_0.email,o1_0.nombre,o1_0.telefono,p1_0.password,r1_0.usuario,r1_1.id,r1_1.descripcion,r1_1.nombre,p1_0.telefono,s1_0.id,s1_0.apellido,s1_0.direccion,s1_0.email,s1_0.nombre,o2_0.id,o2_0.descripcion,o2_0.direccion,o2_0.email,o2_0.nombre,o2_0.telefono,s1_0.password,r2_0.usuario,r2_1.id,r2_1.descripcion,r2_1.nombre,s1_0.telefono from envio e1_0 left join usuario p1_0 on p1_0.id=e1_0.proveedor left join organizacion o1_0 on o1_0.id=p1_0.organizacion left join usuario_rol r1_0 on p1_0.id=r1_0.usuario left join rol r1_1 on r1_1.id=r1_0.rol left join usuario s1_0 on s1_0.id=e1_0.supervisor left join organizacion o2_0 on o2_0.id=s1_0.organizacion left join usuario_rol r2_0 on s1_0.id=r2_0.usuario left join rol r2_1 on r2_1.id=r2_0.rol where e1_0.id=?
Hibernate: select ed1_0.id,ed1_0.cantidad,ed1_0.envio,ed1_0.producto from envio_detalle ed1_0 where ed1_0.envio=?
Hibernate: select p1_0.id,p1_0.cantidad,p1_0.descripcion,p1_0.nombre,p1_0.unidad_medida from producto p1_0 where p1_0.id=?
Hibernate: select e1_0.id,e1_0.comentario_proveedor,e1_0.comentario_supervisor,e1_0.estado,e1_0.fecha_creacion,e1_0.fecha_entrega,e1_0.fecha_modificacion,e1_0.fecha_salida,e1_0.motorisata,e1_0.proveedor,e1_0.supervisor from envio e1_0
Hibernate: select u1_0.id,u1_0.apellido,u1_0.direccion,u1_0.email,u1_0.nombre,o1_0.id,o1_0.descripcion,o1_0.direccion,o1_0.email,o1_0.nombre,o1_0.telefono,u1_0.password,r1_0.usuario,r1_1.id,r1_1.descripcion,r1_1.nombre,u1_0.telefono from usuario u1_0 left join organizacion o1_0 on o1_0.id=u1_0.organizacion left join usuario_rol r1_0 on u1_0.id=r1_0.usuario left join rol r1_1 on r1_1.id=r1_0.rol where u1_0.id=?
Hibernate: select u1_0.id,u1_0.apellido,u1_0.direccion,u1_0.email,u1_0.nombre,o1_0.id,o1_0.descripcion,o1_0.direccion,o1_0.email,o1_0.nombre,o1_0.telefono,u1_0.password,r1_0.usuario,r1_1.id,r1_1.descripcion,r1_1.nombre,u1_0.telefono from usuario u1_0 left join organizacion o1_0 on o1_0.id=u1_0.organizacion left join usuario_rol r1_0 on u1_0.id=r1_0.usuario left join rol r1_1 on r1_1.id=r1_0.rol where u1_0.id=?
Hibernate: select u1_0.id,u1_0.apellido,u1_0.direccion,u1_0.email,u1_0.nombre,o1_0.id,o1_0.descripcion,o1_0.direccion,o1_0.email,o1_0.nombre,o1_0.telefono,u1_0.password,r1_0.usuario,r1_1.id,r1_1.descripcion,r1_1.nombre,u1_0.telefono from usuario u1_0 left join organizacion o1_0 on o1_0.id=u1_0.organizacion left join usuario_rol r1_0 on u1_0.id=r1_0.usuario left join rol r1_1 on r1_1.id=r1_0.rol where u1_0.id=?
Hibernate: select e1_0.id,e1_0.comentario_proveedor,e1_0.comentario_supervisor,e1_0.estado,e1_0.fecha_creacion,e1_0.fecha_entrega,e1_0.fecha_modificacion,e1_0.fecha_salida,e1_0.motorisata,e1_0.proveedor,e1_0.supervisor from envio e1_0
Hibernate: select u1_0.id,u1_0.apellido,u1_0.direccion,u1_0.email,u1_0.nombre,o1_0.id,o1_0.descripcion,o1_0.direccion,o1_0.email,o1_0.nombre,o1_0.telefono,u1_0.password,r1_0.usuario,r1_1.id,r1_1.descripcion,r1_1.nombre,u1_0.telefono from usuario u1_0 left join organizacion o1_0 on o1_0.id=u1_0.organizacion left join usuario_rol r1_0 on u1_0.id=r1_0.usuario left join rol r1_1 on r1_1.id=r1_0.rol where u1_0.id=?
Hibernate: select u1_0.id,u1_0.apellido,u1_0.direccion,u1_0.email,u1_0.nombre,o1_0.id,o1_0.descripcion,o1_0.direccion,o1_0.email,o1_0.nombre,o1_0.telefono,u1_0.password,r1_0.usuario,r1_1.id,r1_1.descripcion,r1_1.nombre,u1_0.telefono from usuario u1_0 left join organizacion o1_0 on o1_0.id=u1_0.organizacion left join usuario_rol r1_0 on u1_0.id=r1_0.usuario left join rol r1_1 on r1_1.id=r1_0.rol where u1_0.id=?
Hibernate: select u1_0.id,u1_0.apellido,u1_0.direccion,u1_0.email,u1_0.nombre,o1_0.id,o1_0.descripcion,o1_0.direccion,o1_0.email,o1_0.nombre,o1_0.telefono,u1_0.password,r1_0.usuario,r1_1.id,r1_1.descripcion,r1_1.nombre,u1_0.telefono from usuario u1_0 left join organizacion o1_0 on o1_0.id=u1_0.organizacion left join usuario_rol r1_0 on u1_0.id=r1_0.usuario left join rol r1_1 on r1_1.id=r1_0.rol where u1_0.id=?
Hibernate: select p1_0.id,p1_0.cantidad,p1_0.descripcion,p1_0.nombre,p1_0.unidad_medida from producto p1_0
Hibernate: select e1_0.id,e1_0.comentario_proveedor,e1_0.comentario_supervisor,e1_0.estado,e1_0.fecha_creacion,e1_0.fecha_entrega,e1_0.fecha_modificacion,e1_0.fecha_salida,e1_0.motorisata,p1_0.id,p1_0.apellido,p1_0.direccion,p1_0.email,p1_0.nombre,o1_0.id,o1_0.descripcion,o1_0.direccion,o1_0.email,o1_0.nombre,o1_0.telefono,p1_0.password,r1_0.usuario,r1_1.id,r1_1.descripcion,r1_1.nombre,p1_0.telefono,s1_0.id,s1_0.apellido,s1_0.direccion,s1_0.email,s1_0.nombre,o2_0.id,o2_0.descripcion,o2_0.direccion,o2_0.email,o2_0.nombre,o2_0.telefono,s1_0.password,r2_0.usuario,r2_1.id,r2_1.descripcion,r2_1.nombre,s1_0.telefono from envio e1_0 left join usuario p1_0 on p1_0.id=e1_0.proveedor left join organizacion o1_0 on o1_0.id=p1_0.organizacion left join usuario_rol r1_0 on p1_0.id=r1_0.usuario left join rol r1_1 on r1_1.id=r1_0.rol left join usuario s1_0 on s1_0.id=e1_0.supervisor left join organizacion o2_0 on o2_0.id=s1_0.organizacion left join usuario_rol r2_0 on s1_0.id=r2_0.usuario left join rol r2_1 on r2_1.id=r2_0.rol where e1_0.id=?
Hibernate: select ed1_0.id,ed1_0.cantidad,ed1_0.envio,ed1_0.producto from envio_detalle ed1_0 where ed1_0.envio=?
Hibernate: select p1_0.id,p1_0.cantidad,p1_0.descripcion,p1_0.nombre,p1_0.unidad_medida from producto p1_0 where p1_0.id=?
2025-05-25T19:04:39.435Z ERROR 42081 --- [apiAE] [io-8080-exec-10] o.a.c.c.C.[.[.[/].[dispatcherServlet]    : Servlet.service() for servlet [dispatcherServlet] in context with path [] threw exception

io.jsonwebtoken.ExpiredJwtException: JWT expired at 2025-05-25T19:02:51Z. Current time: 2025-05-25T19:04:39Z, a difference of 108434 milliseconds.  Allowed clock skew: 0 milliseconds.
	at io.jsonwebtoken.impl.DefaultJwtParser.parse(DefaultJwtParser.java:427) ~[jjwt-impl-0.11.5.jar!/:0.11.5]
	at io.jsonwebtoken.impl.DefaultJwtParser.parse(DefaultJwtParser.java:529) ~[jjwt-impl-0.11.5.jar!/:0.11.5]
	at io.jsonwebtoken.impl.DefaultJwtParser.parseClaimsJws(DefaultJwtParser.java:589) ~[jjwt-impl-0.11.5.jar!/:0.11.5]
	at io.jsonwebtoken.impl.ImmutableJwtParser.parseClaimsJws(ImmutableJwtParser.java:173) ~[jjwt-impl-0.11.5.jar!/:0.11.5]
	at com.AgroEnvios.apiAE.Security.JwtUtil.extractAllClaims(JwtUtil.java:81) ~[!/:0.0.1-SNAPSHOT]
	at com.AgroEnvios.apiAE.Security.JwtUtil.extractUsername(JwtUtil.java:55) ~[!/:0.0.1-SNAPSHOT]
	at com.AgroEnvios.apiAE.Security.JwtFilter.doFilterInternal(JwtFilter.java:33) ~[!/:0.0.1-SNAPSHOT]
	at org.springframework.web.filter.OncePerRequestFilter.doFilter(OncePerRequestFilter.java:116) ~[spring-web-6.2.3.jar!/:6.2.3]
	at org.apache.catalina.core.ApplicationFilterChain.internalDoFilter(ApplicationFilterChain.java:164) ~[tomcat-embed-core-10.1.36.jar!/:na]
	at org.apache.catalina.core.ApplicationFilterChain.doFilter(ApplicationFilterChain.java:140) ~[tomcat-embed-core-10.1.36.jar!/:na]
	at org.springframework.web.filter.CompositeFilter$VirtualFilterChain.doFilter(CompositeFilter.java:108) ~[spring-web-6.2.3.jar!/:6.2.3]
	at org.springframework.security.web.FilterChainProxy.lambda$doFilterInternal$3(FilterChainProxy.java:231) ~[spring-security-web-6.4.3.jar!/:6.4.3]
	at org.springframework.security.web.FilterChainProxy$VirtualFilterChain.doFilter(FilterChainProxy.java:365) ~[spring-security-web-6.4.3.jar!/:6.4.3]
	at org.springframework.security.web.access.intercept.AuthorizationFilter.doFilter(AuthorizationFilter.java:101) ~[spring-security-web-6.4.3.jar!/:6.4.3]
	at org.springframework.security.web.FilterChainProxy$VirtualFilterChain.doFilter(FilterChainProxy.java:374) ~[spring-security-web-6.4.3.jar!/:6.4.3]
	at org.springframework.security.web.access.ExceptionTranslationFilter.doFilter(ExceptionTranslationFilter.java:126) ~[spring-security-web-6.4.3.jar!/:6.4.3]
	at org.springframework.security.web.access.ExceptionTranslationFilter.doFilter(ExceptionTranslationFilter.java:120) ~[spring-security-web-6.4.3.jar!/:6.4.3]
	at org.springframework.security.web.FilterChainProxy$VirtualFilterChain.doFilter(FilterChainProxy.java:374) ~[spring-security-web-6.4.3.jar!/:6.4.3]
	at org.springframework.security.web.authentication.AnonymousAuthenticationFilter.doFilter(AnonymousAuthenticationFilter.java:100) ~[spring-security-web-6.4.3.jar!/:6.4.3]
	at org.springframework.security.web.FilterChainProxy$VirtualFilterChain.doFilter(FilterChainProxy.java:374) ~[spring-security-web-6.4.3.jar!/:6.4.3]
	at org.springframework.security.web.servletapi.SecurityContextHolderAwareRequestFilter.doFilter(SecurityContextHolderAwareRequestFilter.java:179) ~[spring-security-web-6.4.3.jar!/:6.4.3]
	at org.springframework.security.web.FilterChainProxy$VirtualFilterChain.doFilter(FilterChainProxy.java:374) ~[spring-security-web-6.4.3.jar!/:6.4.3]
	at org.springframework.security.web.savedrequest.RequestCacheAwareFilter.doFilter(RequestCacheAwareFilter.java:63) ~[spring-security-web-6.4.3.jar!/:6.4.3]
	at org.springframework.security.web.FilterChainProxy$VirtualFilterChain.doFilter(FilterChainProxy.java:374) ~[spring-security-web-6.4.3.jar!/:6.4.3]
	at org.springframework.security.web.authentication.logout.LogoutFilter.doFilter(LogoutFilter.java:107) ~[spring-security-web-6.4.3.jar!/:6.4.3]
	at org.springframework.security.web.authentication.logout.LogoutFilter.doFilter(LogoutFilter.java:93) ~[spring-security-web-6.4.3.jar!/:6.4.3]
	at org.springframework.security.web.FilterChainProxy$VirtualFilterChain.doFilter(FilterChainProxy.java:374) ~[spring-security-web-6.4.3.jar!/:6.4.3]
	at org.springframework.web.filter.CorsFilter.doFilterInternal(CorsFilter.java:91) ~[spring-web-6.2.3.jar!/:6.2.3]
	at org.springframework.web.filter.OncePerRequestFilter.doFilter(OncePerRequestFilter.java:116) ~[spring-web-6.2.3.jar!/:6.2.3]
	at org.springframework.security.web.FilterChainProxy$VirtualFilterChain.doFilter(FilterChainProxy.java:374) ~[spring-security-web-6.4.3.jar!/:6.4.3]
	at org.springframework.security.web.header.HeaderWriterFilter.doHeadersAfter(HeaderWriterFilter.java:90) ~[spring-security-web-6.4.3.jar!/:6.4.3]
	at org.springframework.security.web.header.HeaderWriterFilter.doFilterInternal(HeaderWriterFilter.java:75) ~[spring-security-web-6.4.3.jar!/:6.4.3]
	at org.springframework.web.filter.OncePerRequestFilter.doFilter(OncePerRequestFilter.java:116) ~[spring-web-6.2.3.jar!/:6.2.3]
	at org.springframework.security.web.FilterChainProxy$VirtualFilterChain.doFilter(FilterChainProxy.java:374) ~[spring-security-web-6.4.3.jar!/:6.4.3]
	at org.springframework.security.web.context.SecurityContextHolderFilter.doFilter(SecurityContextHolderFilter.java:82) ~[spring-security-web-6.4.3.jar!/:6.4.3]
	at org.springframework.security.web.context.SecurityContextHolderFilter.doFilter(SecurityContextHolderFilter.java:69) ~[spring-security-web-6.4.3.jar!/:6.4.3]
	at org.springframework.security.web.FilterChainProxy$VirtualFilterChain.doFilter(FilterChainProxy.java:374) ~[spring-security-web-6.4.3.jar!/:6.4.3]
	at org.springframework.security.web.context.request.async.WebAsyncManagerIntegrationFilter.doFilterInternal(WebAsyncManagerIntegrationFilter.java:62) ~[spring-security-web-6.4.3.jar!/:6.4.3]
	at org.springframework.web.filter.OncePerRequestFilter.doFilter(OncePerRequestFilter.java:116) ~[spring-web-6.2.3.jar!/:6.2.3]
	at org.springframework.security.web.FilterChainProxy$VirtualFilterChain.doFilter(FilterChainProxy.java:374) ~[spring-security-web-6.4.3.jar!/:6.4.3]
	at org.springframework.security.web.session.DisableEncodeUrlFilter.doFilterInternal(DisableEncodeUrlFilter.java:42) ~[spring-security-web-6.4.3.jar!/:6.4.3]
	at org.springframework.web.filter.OncePerRequestFilter.doFilter(OncePerRequestFilter.java:116) ~[spring-web-6.2.3.jar!/:6.2.3]
	at org.springframework.security.web.FilterChainProxy$VirtualFilterChain.doFilter(FilterChainProxy.java:374) ~[spring-security-web-6.4.3.jar!/:6.4.3]
	at org.springframework.security.web.FilterChainProxy.doFilterInternal(FilterChainProxy.java:233) ~[spring-security-web-6.4.3.jar!/:6.4.3]
	at org.springframework.security.web.FilterChainProxy.doFilter(FilterChainProxy.java:191) ~[spring-security-web-6.4.3.jar!/:6.4.3]
	at org.springframework.web.filter.CompositeFilter$VirtualFilterChain.doFilter(CompositeFilter.java:113) ~[spring-web-6.2.3.jar!/:6.2.3]
	at org.springframework.web.servlet.handler.HandlerMappingIntrospector.lambda$createCacheFilter$3(HandlerMappingIntrospector.java:243) ~[spring-webmvc-6.2.3.jar!/:6.2.3]
	at org.springframework.web.filter.CompositeFilter$VirtualFilterChain.doFilter(CompositeFilter.java:113) ~[spring-web-6.2.3.jar!/:6.2.3]
	at org.springframework.web.filter.CompositeFilter.doFilter(CompositeFilter.java:74) ~[spring-web-6.2.3.jar!/:6.2.3]
	at org.springframework.security.config.annotation.web.configuration.WebMvcSecurityConfiguration$CompositeFilterChainProxy.doFilter(WebMvcSecurityConfiguration.java:238) ~[spring-security-config-6.4.3.jar!/:6.4.3]
	at org.springframework.web.filter.DelegatingFilterProxy.invokeDelegate(DelegatingFilterProxy.java:362) ~[spring-web-6.2.3.jar!/:6.2.3]
	at org.springframework.web.filter.DelegatingFilterProxy.doFilter(DelegatingFilterProxy.java:278) ~[spring-web-6.2.3.jar!/:6.2.3]
	at org.apache.catalina.core.ApplicationFilterChain.internalDoFilter(ApplicationFilterChain.java:164) ~[tomcat-embed-core-10.1.36.jar!/:na]
	at org.apache.catalina.core.ApplicationFilterChain.doFilter(ApplicationFilterChain.java:140) ~[tomcat-embed-core-10.1.36.jar!/:na]
	at org.springframework.web.filter.RequestContextFilter.doFilterInternal(RequestContextFilter.java:100) ~[spring-web-6.2.3.jar!/:6.2.3]
	at org.springframework.web.filter.OncePerRequestFilter.doFilter(OncePerRequestFilter.java:116) ~[spring-web-6.2.3.jar!/:6.2.3]
	at org.apache.catalina.core.ApplicationFilterChain.internalDoFilter(ApplicationFilterChain.java:164) ~[tomcat-embed-core-10.1.36.jar!/:na]
	at org.apache.catalina.core.ApplicationFilterChain.doFilter(ApplicationFilterChain.java:140) ~[tomcat-embed-core-10.1.36.jar!/:na]
	at org.springframework.web.filter.FormContentFilter.doFilterInternal(FormContentFilter.java:93) ~[spring-web-6.2.3.jar!/:6.2.3]
	at org.springframework.web.filter.OncePerRequestFilter.doFilter(OncePerRequestFilter.java:116) ~[spring-web-6.2.3.jar!/:6.2.3]
	at org.apache.catalina.core.ApplicationFilterChain.internalDoFilter(ApplicationFilterChain.java:164) ~[tomcat-embed-core-10.1.36.jar!/:na]
	at org.apache.catalina.core.ApplicationFilterChain.doFilter(ApplicationFilterChain.java:140) ~[tomcat-embed-core-10.1.36.jar!/:na]
	at org.springframework.web.filter.CharacterEncodingFilter.doFilterInternal(CharacterEncodingFilter.java:201) ~[spring-web-6.2.3.jar!/:6.2.3]
	at org.springframework.web.filter.OncePerRequestFilter.doFilter(OncePerRequestFilter.java:116) ~[spring-web-6.2.3.jar!/:6.2.3]
	at org.apache.catalina.core.ApplicationFilterChain.internalDoFilter(ApplicationFilterChain.java:164) ~[tomcat-embed-core-10.1.36.jar!/:na]
	at org.apache.catalina.core.ApplicationFilterChain.doFilter(ApplicationFilterChain.java:140) ~[tomcat-embed-core-10.1.36.jar!/:na]
	at org.apache.catalina.core.StandardWrapperValve.invoke(StandardWrapperValve.java:167) ~[tomcat-embed-core-10.1.36.jar!/:na]
	at org.apache.catalina.core.StandardContextValve.invoke(StandardContextValve.java:90) ~[tomcat-embed-core-10.1.36.jar!/:na]
	at org.apache.catalina.authenticator.AuthenticatorBase.invoke(AuthenticatorBase.java:483) ~[tomcat-embed-core-10.1.36.jar!/:na]
	at org.apache.catalina.core.StandardHostValve.invoke(StandardHostValve.java:115) ~[tomcat-embed-core-10.1.36.jar!/:na]
	at org.apache.catalina.valves.ErrorReportValve.invoke(ErrorReportValve.java:93) ~[tomcat-embed-core-10.1.36.jar!/:na]
	at org.apache.catalina.core.StandardEngineValve.invoke(StandardEngineValve.java:74) ~[tomcat-embed-core-10.1.36.jar!/:na]
	at org.apache.catalina.connector.CoyoteAdapter.service(CoyoteAdapter.java:344) ~[tomcat-embed-core-10.1.36.jar!/:na]
	at org.apache.coyote.http11.Http11Processor.service(Http11Processor.java:397) ~[tomcat-embed-core-10.1.36.jar!/:na]
	at org.apache.coyote.AbstractProcessorLight.process(AbstractProcessorLight.java:63) ~[tomcat-embed-core-10.1.36.jar!/:na]
	at org.apache.coyote.AbstractProtocol$ConnectionHandler.process(AbstractProtocol.java:905) ~[tomcat-embed-core-10.1.36.jar!/:na]
	at org.apache.tomcat.util.net.NioEndpoint$SocketProcessor.doRun(NioEndpoint.java:1743) ~[tomcat-embed-core-10.1.36.jar!/:na]
	at org.apache.tomcat.util.net.SocketProcessorBase.run(SocketProcessorBase.java:52) ~[tomcat-embed-core-10.1.36.jar!/:na]
	at org.apache.tomcat.util.threads.ThreadPoolExecutor.runWorker(ThreadPoolExecutor.java:1190) ~[tomcat-embed-core-10.1.36.jar!/:na]
	at org.apache.tomcat.util.threads.ThreadPoolExecutor$Worker.run(ThreadPoolExecutor.java:659) ~[tomcat-embed-core-10.1.36.jar!/:na]
	at org.apache.tomcat.util.threads.TaskThread$WrappingRunnable.run(TaskThread.java:63) ~[tomcat-embed-core-10.1.36.jar!/:na]
	at java.base/java.lang.Thread.run(Thread.java:1583) ~[na:na]

2025-05-25T19:04:59.271Z ERROR 42081 --- [apiAE] [nio-8080-exec-6] o.a.c.c.C.[.[.[/].[dispatcherServlet]    : Servlet.service() for servlet [dispatcherServlet] in context with path [] threw exception

io.jsonwebtoken.ExpiredJwtException: JWT expired at 2025-05-25T19:02:51Z. Current time: 2025-05-25T19:04:59Z, a difference of 128271 milliseconds.  Allowed clock skew: 0 milliseconds.
	at io.jsonwebtoken.impl.DefaultJwtParser.parse(DefaultJwtParser.java:427) ~[jjwt-impl-0.11.5.jar!/:0.11.5]
	at io.jsonwebtoken.impl.DefaultJwtParser.parse(DefaultJwtParser.java:529) ~[jjwt-impl-0.11.5.jar!/:0.11.5]
	at io.jsonwebtoken.impl.DefaultJwtParser.parseClaimsJws(DefaultJwtParser.java:589) ~[jjwt-impl-0.11.5.jar!/:0.11.5]
	at io.jsonwebtoken.impl.ImmutableJwtParser.parseClaimsJws(ImmutableJwtParser.java:173) ~[jjwt-impl-0.11.5.jar!/:0.11.5]
	at com.AgroEnvios.apiAE.Security.JwtUtil.extractAllClaims(JwtUtil.java:81) ~[!/:0.0.1-SNAPSHOT]
	at com.AgroEnvios.apiAE.Security.JwtUtil.extractUsername(JwtUtil.java:55) ~[!/:0.0.1-SNAPSHOT]
	at com.AgroEnvios.apiAE.Security.JwtFilter.doFilterInternal(JwtFilter.java:33) ~[!/:0.0.1-SNAPSHOT]
	at org.springframework.web.filter.OncePerRequestFilter.doFilter(OncePerRequestFilter.java:116) ~[spring-web-6.2.3.jar!/:6.2.3]
	at org.apache.catalina.core.ApplicationFilterChain.internalDoFilter(ApplicationFilterChain.java:164) ~[tomcat-embed-core-10.1.36.jar!/:na]
	at org.apache.catalina.core.ApplicationFilterChain.doFilter(ApplicationFilterChain.java:140) ~[tomcat-embed-core-10.1.36.jar!/:na]
	at org.springframework.web.filter.CompositeFilter$VirtualFilterChain.doFilter(CompositeFilter.java:108) ~[spring-web-6.2.3.jar!/:6.2.3]
	at org.springframework.security.web.FilterChainProxy.lambda$doFilterInternal$3(FilterChainProxy.java:231) ~[spring-security-web-6.4.3.jar!/:6.4.3]
	at org.springframework.security.web.FilterChainProxy$VirtualFilterChain.doFilter(FilterChainProxy.java:365) ~[spring-security-web-6.4.3.jar!/:6.4.3]
	at org.springframework.security.web.access.intercept.AuthorizationFilter.doFilter(AuthorizationFilter.java:101) ~[spring-security-web-6.4.3.jar!/:6.4.3]
	at org.springframework.security.web.FilterChainProxy$VirtualFilterChain.doFilter(FilterChainProxy.java:374) ~[spring-security-web-6.4.3.jar!/:6.4.3]
	at org.springframework.security.web.access.ExceptionTranslationFilter.doFilter(ExceptionTranslationFilter.java:126) ~[spring-security-web-6.4.3.jar!/:6.4.3]
	at org.springframework.security.web.access.ExceptionTranslationFilter.doFilter(ExceptionTranslationFilter.java:120) ~[spring-security-web-6.4.3.jar!/:6.4.3]
	at org.springframework.security.web.FilterChainProxy$VirtualFilterChain.doFilter(FilterChainProxy.java:374) ~[spring-security-web-6.4.3.jar!/:6.4.3]
	at org.springframework.security.web.authentication.AnonymousAuthenticationFilter.doFilter(AnonymousAuthenticationFilter.java:100) ~[spring-security-web-6.4.3.jar!/:6.4.3]
	at org.springframework.security.web.FilterChainProxy$VirtualFilterChain.doFilter(FilterChainProxy.java:374) ~[spring-security-web-6.4.3.jar!/:6.4.3]
	at org.springframework.security.web.servletapi.SecurityContextHolderAwareRequestFilter.doFilter(SecurityContextHolderAwareRequestFilter.java:179) ~[spring-security-web-6.4.3.jar!/:6.4.3]
	at org.springframework.security.web.FilterChainProxy$VirtualFilterChain.doFilter(FilterChainProxy.java:374) ~[spring-security-web-6.4.3.jar!/:6.4.3]
	at org.springframework.security.web.savedrequest.RequestCacheAwareFilter.doFilter(RequestCacheAwareFilter.java:63) ~[spring-security-web-6.4.3.jar!/:6.4.3]
	at org.springframework.security.web.FilterChainProxy$VirtualFilterChain.doFilter(FilterChainProxy.java:374) ~[spring-security-web-6.4.3.jar!/:6.4.3]
	at org.springframework.security.web.authentication.logout.LogoutFilter.doFilter(LogoutFilter.java:107) ~[spring-security-web-6.4.3.jar!/:6.4.3]
	at org.springframework.security.web.authentication.logout.LogoutFilter.doFilter(LogoutFilter.java:93) ~[spring-security-web-6.4.3.jar!/:6.4.3]
	at org.springframework.security.web.FilterChainProxy$VirtualFilterChain.doFilter(FilterChainProxy.java:374) ~[spring-security-web-6.4.3.jar!/:6.4.3]
	at org.springframework.web.filter.CorsFilter.doFilterInternal(CorsFilter.java:91) ~[spring-web-6.2.3.jar!/:6.2.3]
	at org.springframework.web.filter.OncePerRequestFilter.doFilter(OncePerRequestFilter.java:116) ~[spring-web-6.2.3.jar!/:6.2.3]
	at org.springframework.security.web.FilterChainProxy$VirtualFilterChain.doFilter(FilterChainProxy.java:374) ~[spring-security-web-6.4.3.jar!/:6.4.3]
	at org.springframework.security.web.header.HeaderWriterFilter.doHeadersAfter(HeaderWriterFilter.java:90) ~[spring-security-web-6.4.3.jar!/:6.4.3]
	at org.springframework.security.web.header.HeaderWriterFilter.doFilterInternal(HeaderWriterFilter.java:75) ~[spring-security-web-6.4.3.jar!/:6.4.3]
	at org.springframework.web.filter.OncePerRequestFilter.doFilter(OncePerRequestFilter.java:116) ~[spring-web-6.2.3.jar!/:6.2.3]
	at org.springframework.security.web.FilterChainProxy$VirtualFilterChain.doFilter(FilterChainProxy.java:374) ~[spring-security-web-6.4.3.jar!/:6.4.3]
	at org.springframework.security.web.context.SecurityContextHolderFilter.doFilter(SecurityContextHolderFilter.java:82) ~[spring-security-web-6.4.3.jar!/:6.4.3]
	at org.springframework.security.web.context.SecurityContextHolderFilter.doFilter(SecurityContextHolderFilter.java:69) ~[spring-security-web-6.4.3.jar!/:6.4.3]
	at org.springframework.security.web.FilterChainProxy$VirtualFilterChain.doFilter(FilterChainProxy.java:374) ~[spring-security-web-6.4.3.jar!/:6.4.3]
	at org.springframework.security.web.context.request.async.WebAsyncManagerIntegrationFilter.doFilterInternal(WebAsyncManagerIntegrationFilter.java:62) ~[spring-security-web-6.4.3.jar!/:6.4.3]
	at org.springframework.web.filter.OncePerRequestFilter.doFilter(OncePerRequestFilter.java:116) ~[spring-web-6.2.3.jar!/:6.2.3]
	at org.springframework.security.web.FilterChainProxy$VirtualFilterChain.doFilter(FilterChainProxy.java:374) ~[spring-security-web-6.4.3.jar!/:6.4.3]
	at org.springframework.security.web.session.DisableEncodeUrlFilter.doFilterInternal(DisableEncodeUrlFilter.java:42) ~[spring-security-web-6.4.3.jar!/:6.4.3]
	at org.springframework.web.filter.OncePerRequestFilter.doFilter(OncePerRequestFilter.java:116) ~[spring-web-6.2.3.jar!/:6.2.3]
	at org.springframework.security.web.FilterChainProxy$VirtualFilterChain.doFilter(FilterChainProxy.java:374) ~[spring-security-web-6.4.3.jar!/:6.4.3]
	at org.springframework.security.web.FilterChainProxy.doFilterInternal(FilterChainProxy.java:233) ~[spring-security-web-6.4.3.jar!/:6.4.3]
	at org.springframework.security.web.FilterChainProxy.doFilter(FilterChainProxy.java:191) ~[spring-security-web-6.4.3.jar!/:6.4.3]
	at org.springframework.web.filter.CompositeFilter$VirtualFilterChain.doFilter(CompositeFilter.java:113) ~[spring-web-6.2.3.jar!/:6.2.3]
	at org.springframework.web.servlet.handler.HandlerMappingIntrospector.lambda$createCacheFilter$3(HandlerMappingIntrospector.java:243) ~[spring-webmvc-6.2.3.jar!/:6.2.3]
	at org.springframework.web.filter.CompositeFilter$VirtualFilterChain.doFilter(CompositeFilter.java:113) ~[spring-web-6.2.3.jar!/:6.2.3]
	at org.springframework.web.filter.CompositeFilter.doFilter(CompositeFilter.java:74) ~[spring-web-6.2.3.jar!/:6.2.3]
	at org.springframework.security.config.annotation.web.configuration.WebMvcSecurityConfiguration$CompositeFilterChainProxy.doFilter(WebMvcSecurityConfiguration.java:238) ~[spring-security-config-6.4.3.jar!/:6.4.3]
	at org.springframework.web.filter.DelegatingFilterProxy.invokeDelegate(DelegatingFilterProxy.java:362) ~[spring-web-6.2.3.jar!/:6.2.3]
	at org.springframework.web.filter.DelegatingFilterProxy.doFilter(DelegatingFilterProxy.java:278) ~[spring-web-6.2.3.jar!/:6.2.3]
	at org.apache.catalina.core.ApplicationFilterChain.internalDoFilter(ApplicationFilterChain.java:164) ~[tomcat-embed-core-10.1.36.jar!/:na]
	at org.apache.catalina.core.ApplicationFilterChain.doFilter(ApplicationFilterChain.java:140) ~[tomcat-embed-core-10.1.36.jar!/:na]
	at org.springframework.web.filter.RequestContextFilter.doFilterInternal(RequestContextFilter.java:100) ~[spring-web-6.2.3.jar!/:6.2.3]
	at org.springframework.web.filter.OncePerRequestFilter.doFilter(OncePerRequestFilter.java:116) ~[spring-web-6.2.3.jar!/:6.2.3]
	at org.apache.catalina.core.ApplicationFilterChain.internalDoFilter(ApplicationFilterChain.java:164) ~[tomcat-embed-core-10.1.36.jar!/:na]
	at org.apache.catalina.core.ApplicationFilterChain.doFilter(ApplicationFilterChain.java:140) ~[tomcat-embed-core-10.1.36.jar!/:na]
	at org.springframework.web.filter.FormContentFilter.doFilterInternal(FormContentFilter.java:93) ~[spring-web-6.2.3.jar!/:6.2.3]
	at org.springframework.web.filter.OncePerRequestFilter.doFilter(OncePerRequestFilter.java:116) ~[spring-web-6.2.3.jar!/:6.2.3]
	at org.apache.catalina.core.ApplicationFilterChain.internalDoFilter(ApplicationFilterChain.java:164) ~[tomcat-embed-core-10.1.36.jar!/:na]
	at org.apache.catalina.core.ApplicationFilterChain.doFilter(ApplicationFilterChain.java:140) ~[tomcat-embed-core-10.1.36.jar!/:na]
	at org.springframework.web.filter.CharacterEncodingFilter.doFilterInternal(CharacterEncodingFilter.java:201) ~[spring-web-6.2.3.jar!/:6.2.3]
	at org.springframework.web.filter.OncePerRequestFilter.doFilter(OncePerRequestFilter.java:116) ~[spring-web-6.2.3.jar!/:6.2.3]
	at org.apache.catalina.core.ApplicationFilterChain.internalDoFilter(ApplicationFilterChain.java:164) ~[tomcat-embed-core-10.1.36.jar!/:na]
	at org.apache.catalina.core.ApplicationFilterChain.doFilter(ApplicationFilterChain.java:140) ~[tomcat-embed-core-10.1.36.jar!/:na]
	at org.apache.catalina.core.StandardWrapperValve.invoke(StandardWrapperValve.java:167) ~[tomcat-embed-core-10.1.36.jar!/:na]
	at org.apache.catalina.core.StandardContextValve.invoke(StandardContextValve.java:90) ~[tomcat-embed-core-10.1.36.jar!/:na]
	at org.apache.catalina.authenticator.AuthenticatorBase.invoke(AuthenticatorBase.java:483) ~[tomcat-embed-core-10.1.36.jar!/:na]
	at org.apache.catalina.core.StandardHostValve.invoke(StandardHostValve.java:115) ~[tomcat-embed-core-10.1.36.jar!/:na]
	at org.apache.catalina.valves.ErrorReportValve.invoke(ErrorReportValve.java:93) ~[tomcat-embed-core-10.1.36.jar!/:na]
	at org.apache.catalina.core.StandardEngineValve.invoke(StandardEngineValve.java:74) ~[tomcat-embed-core-10.1.36.jar!/:na]
	at org.apache.catalina.connector.CoyoteAdapter.service(CoyoteAdapter.java:344) ~[tomcat-embed-core-10.1.36.jar!/:na]
	at org.apache.coyote.http11.Http11Processor.service(Http11Processor.java:397) ~[tomcat-embed-core-10.1.36.jar!/:na]
	at org.apache.coyote.AbstractProcessorLight.process(AbstractProcessorLight.java:63) ~[tomcat-embed-core-10.1.36.jar!/:na]
	at org.apache.coyote.AbstractProtocol$ConnectionHandler.process(AbstractProtocol.java:905) ~[tomcat-embed-core-10.1.36.jar!/:na]
	at org.apache.tomcat.util.net.NioEndpoint$SocketProcessor.doRun(NioEndpoint.java:1743) ~[tomcat-embed-core-10.1.36.jar!/:na]
	at org.apache.tomcat.util.net.SocketProcessorBase.run(SocketProcessorBase.java:52) ~[tomcat-embed-core-10.1.36.jar!/:na]
	at org.apache.tomcat.util.threads.ThreadPoolExecutor.runWorker(ThreadPoolExecutor.java:1190) ~[tomcat-embed-core-10.1.36.jar!/:na]
	at org.apache.tomcat.util.threads.ThreadPoolExecutor$Worker.run(ThreadPoolExecutor.java:659) ~[tomcat-embed-core-10.1.36.jar!/:na]
	at org.apache.tomcat.util.threads.TaskThread$WrappingRunnable.run(TaskThread.java:63) ~[tomcat-embed-core-10.1.36.jar!/:na]
	at java.base/java.lang.Thread.run(Thread.java:1583) ~[na:na]

2025-05-25T19:05:02.571Z ERROR 42081 --- [apiAE] [nio-8080-exec-3] o.a.c.c.C.[.[.[/].[dispatcherServlet]    : Servlet.service() for servlet [dispatcherServlet] in context with path [] threw exception

io.jsonwebtoken.ExpiredJwtException: JWT expired at 2025-05-25T19:02:51Z. Current time: 2025-05-25T19:05:02Z, a difference of 131571 milliseconds.  Allowed clock skew: 0 milliseconds.
	at io.jsonwebtoken.impl.DefaultJwtParser.parse(DefaultJwtParser.java:427) ~[jjwt-impl-0.11.5.jar!/:0.11.5]
	at io.jsonwebtoken.impl.DefaultJwtParser.parse(DefaultJwtParser.java:529) ~[jjwt-impl-0.11.5.jar!/:0.11.5]
	at io.jsonwebtoken.impl.DefaultJwtParser.parseClaimsJws(DefaultJwtParser.java:589) ~[jjwt-impl-0.11.5.jar!/:0.11.5]
	at io.jsonwebtoken.impl.ImmutableJwtParser.parseClaimsJws(ImmutableJwtParser.java:173) ~[jjwt-impl-0.11.5.jar!/:0.11.5]
	at com.AgroEnvios.apiAE.Security.JwtUtil.extractAllClaims(JwtUtil.java:81) ~[!/:0.0.1-SNAPSHOT]
	at com.AgroEnvios.apiAE.Security.JwtUtil.extractUsername(JwtUtil.java:55) ~[!/:0.0.1-SNAPSHOT]
	at com.AgroEnvios.apiAE.Security.JwtFilter.doFilterInternal(JwtFilter.java:33) ~[!/:0.0.1-SNAPSHOT]
	at org.springframework.web.filter.OncePerRequestFilter.doFilter(OncePerRequestFilter.java:116) ~[spring-web-6.2.3.jar!/:6.2.3]
	at org.apache.catalina.core.ApplicationFilterChain.internalDoFilter(ApplicationFilterChain.java:164) ~[tomcat-embed-core-10.1.36.jar!/:na]
	at org.apache.catalina.core.ApplicationFilterChain.doFilter(ApplicationFilterChain.java:140) ~[tomcat-embed-core-10.1.36.jar!/:na]
	at org.springframework.web.filter.CompositeFilter$VirtualFilterChain.doFilter(CompositeFilter.java:108) ~[spring-web-6.2.3.jar!/:6.2.3]
	at org.springframework.security.web.FilterChainProxy.lambda$doFilterInternal$3(FilterChainProxy.java:231) ~[spring-security-web-6.4.3.jar!/:6.4.3]
	at org.springframework.security.web.FilterChainProxy$VirtualFilterChain.doFilter(FilterChainProxy.java:365) ~[spring-security-web-6.4.3.jar!/:6.4.3]
	at org.springframework.security.web.access.intercept.AuthorizationFilter.doFilter(AuthorizationFilter.java:101) ~[spring-security-web-6.4.3.jar!/:6.4.3]
	at org.springframework.security.web.FilterChainProxy$VirtualFilterChain.doFilter(FilterChainProxy.java:374) ~[spring-security-web-6.4.3.jar!/:6.4.3]
	at org.springframework.security.web.access.ExceptionTranslationFilter.doFilter(ExceptionTranslationFilter.java:126) ~[spring-security-web-6.4.3.jar!/:6.4.3]
	at org.springframework.security.web.access.ExceptionTranslationFilter.doFilter(ExceptionTranslationFilter.java:120) ~[spring-security-web-6.4.3.jar!/:6.4.3]
	at org.springframework.security.web.FilterChainProxy$VirtualFilterChain.doFilter(FilterChainProxy.java:374) ~[spring-security-web-6.4.3.jar!/:6.4.3]
	at org.springframework.security.web.authentication.AnonymousAuthenticationFilter.doFilter(AnonymousAuthenticationFilter.java:100) ~[spring-security-web-6.4.3.jar!/:6.4.3]
	at org.springframework.security.web.FilterChainProxy$VirtualFilterChain.doFilter(FilterChainProxy.java:374) ~[spring-security-web-6.4.3.jar!/:6.4.3]
	at org.springframework.security.web.servletapi.SecurityContextHolderAwareRequestFilter.doFilter(SecurityContextHolderAwareRequestFilter.java:179) ~[spring-security-web-6.4.3.jar!/:6.4.3]
	at org.springframework.security.web.FilterChainProxy$VirtualFilterChain.doFilter(FilterChainProxy.java:374) ~[spring-security-web-6.4.3.jar!/:6.4.3]
	at org.springframework.security.web.savedrequest.RequestCacheAwareFilter.doFilter(RequestCacheAwareFilter.java:63) ~[spring-security-web-6.4.3.jar!/:6.4.3]
	at org.springframework.security.web.FilterChainProxy$VirtualFilterChain.doFilter(FilterChainProxy.java:374) ~[spring-security-web-6.4.3.jar!/:6.4.3]
	at org.springframework.security.web.authentication.logout.LogoutFilter.doFilter(LogoutFilter.java:107) ~[spring-security-web-6.4.3.jar!/:6.4.3]
	at org.springframework.security.web.authentication.logout.LogoutFilter.doFilter(LogoutFilter.java:93) ~[spring-security-web-6.4.3.jar!/:6.4.3]
	at org.springframework.security.web.FilterChainProxy$VirtualFilterChain.doFilter(FilterChainProxy.java:374) ~[spring-security-web-6.4.3.jar!/:6.4.3]
	at org.springframework.web.filter.CorsFilter.doFilterInternal(CorsFilter.java:91) ~[spring-web-6.2.3.jar!/:6.2.3]
	at org.springframework.web.filter.OncePerRequestFilter.doFilter(OncePerRequestFilter.java:116) ~[spring-web-6.2.3.jar!/:6.2.3]
	at org.springframework.security.web.FilterChainProxy$VirtualFilterChain.doFilter(FilterChainProxy.java:374) ~[spring-security-web-6.4.3.jar!/:6.4.3]
	at org.springframework.security.web.header.HeaderWriterFilter.doHeadersAfter(HeaderWriterFilter.java:90) ~[spring-security-web-6.4.3.jar!/:6.4.3]
	at org.springframework.security.web.header.HeaderWriterFilter.doFilterInternal(HeaderWriterFilter.java:75) ~[spring-security-web-6.4.3.jar!/:6.4.3]
	at org.springframework.web.filter.OncePerRequestFilter.doFilter(OncePerRequestFilter.java:116) ~[spring-web-6.2.3.jar!/:6.2.3]
	at org.springframework.security.web.FilterChainProxy$VirtualFilterChain.doFilter(FilterChainProxy.java:374) ~[spring-security-web-6.4.3.jar!/:6.4.3]
	at org.springframework.security.web.context.SecurityContextHolderFilter.doFilter(SecurityContextHolderFilter.java:82) ~[spring-security-web-6.4.3.jar!/:6.4.3]
	at org.springframework.security.web.context.SecurityContextHolderFilter.doFilter(SecurityContextHolderFilter.java:69) ~[spring-security-web-6.4.3.jar!/:6.4.3]
	at org.springframework.security.web.FilterChainProxy$VirtualFilterChain.doFilter(FilterChainProxy.java:374) ~[spring-security-web-6.4.3.jar!/:6.4.3]
	at org.springframework.security.web.context.request.async.WebAsyncManagerIntegrationFilter.doFilterInternal(WebAsyncManagerIntegrationFilter.java:62) ~[spring-security-web-6.4.3.jar!/:6.4.3]
	at org.springframework.web.filter.OncePerRequestFilter.doFilter(OncePerRequestFilter.java:116) ~[spring-web-6.2.3.jar!/:6.2.3]
	at org.springframework.security.web.FilterChainProxy$VirtualFilterChain.doFilter(FilterChainProxy.java:374) ~[spring-security-web-6.4.3.jar!/:6.4.3]
	at org.springframework.security.web.session.DisableEncodeUrlFilter.doFilterInternal(DisableEncodeUrlFilter.java:42) ~[spring-security-web-6.4.3.jar!/:6.4.3]
	at org.springframework.web.filter.OncePerRequestFilter.doFilter(OncePerRequestFilter.java:116) ~[spring-web-6.2.3.jar!/:6.2.3]
	at org.springframework.security.web.FilterChainProxy$VirtualFilterChain.doFilter(FilterChainProxy.java:374) ~[spring-security-web-6.4.3.jar!/:6.4.3]
	at org.springframework.security.web.FilterChainProxy.doFilterInternal(FilterChainProxy.java:233) ~[spring-security-web-6.4.3.jar!/:6.4.3]
	at org.springframework.security.web.FilterChainProxy.doFilter(FilterChainProxy.java:191) ~[spring-security-web-6.4.3.jar!/:6.4.3]
	at org.springframework.web.filter.CompositeFilter$VirtualFilterChain.doFilter(CompositeFilter.java:113) ~[spring-web-6.2.3.jar!/:6.2.3]
	at org.springframework.web.servlet.handler.HandlerMappingIntrospector.lambda$createCacheFilter$3(HandlerMappingIntrospector.java:243) ~[spring-webmvc-6.2.3.jar!/:6.2.3]
	at org.springframework.web.filter.CompositeFilter$VirtualFilterChain.doFilter(CompositeFilter.java:113) ~[spring-web-6.2.3.jar!/:6.2.3]
	at org.springframework.web.filter.CompositeFilter.doFilter(CompositeFilter.java:74) ~[spring-web-6.2.3.jar!/:6.2.3]
	at org.springframework.security.config.annotation.web.configuration.WebMvcSecurityConfiguration$CompositeFilterChainProxy.doFilter(WebMvcSecurityConfiguration.java:238) ~[spring-security-config-6.4.3.jar!/:6.4.3]
	at org.springframework.web.filter.DelegatingFilterProxy.invokeDelegate(DelegatingFilterProxy.java:362) ~[spring-web-6.2.3.jar!/:6.2.3]
	at org.springframework.web.filter.DelegatingFilterProxy.doFilter(DelegatingFilterProxy.java:278) ~[spring-web-6.2.3.jar!/:6.2.3]
	at org.apache.catalina.core.ApplicationFilterChain.internalDoFilter(ApplicationFilterChain.java:164) ~[tomcat-embed-core-10.1.36.jar!/:na]
	at org.apache.catalina.core.ApplicationFilterChain.doFilter(ApplicationFilterChain.java:140) ~[tomcat-embed-core-10.1.36.jar!/:na]
	at org.springframework.web.filter.RequestContextFilter.doFilterInternal(RequestContextFilter.java:100) ~[spring-web-6.2.3.jar!/:6.2.3]
	at org.springframework.web.filter.OncePerRequestFilter.doFilter(OncePerRequestFilter.java:116) ~[spring-web-6.2.3.jar!/:6.2.3]
	at org.apache.catalina.core.ApplicationFilterChain.internalDoFilter(ApplicationFilterChain.java:164) ~[tomcat-embed-core-10.1.36.jar!/:na]
	at org.apache.catalina.core.ApplicationFilterChain.doFilter(ApplicationFilterChain.java:140) ~[tomcat-embed-core-10.1.36.jar!/:na]
	at org.springframework.web.filter.FormContentFilter.doFilterInternal(FormContentFilter.java:93) ~[spring-web-6.2.3.jar!/:6.2.3]
	at org.springframework.web.filter.OncePerRequestFilter.doFilter(OncePerRequestFilter.java:116) ~[spring-web-6.2.3.jar!/:6.2.3]
	at org.apache.catalina.core.ApplicationFilterChain.internalDoFilter(ApplicationFilterChain.java:164) ~[tomcat-embed-core-10.1.36.jar!/:na]
	at org.apache.catalina.core.ApplicationFilterChain.doFilter(ApplicationFilterChain.java:140) ~[tomcat-embed-core-10.1.36.jar!/:na]
	at org.springframework.web.filter.CharacterEncodingFilter.doFilterInternal(CharacterEncodingFilter.java:201) ~[spring-web-6.2.3.jar!/:6.2.3]
	at org.springframework.web.filter.OncePerRequestFilter.doFilter(OncePerRequestFilter.java:116) ~[spring-web-6.2.3.jar!/:6.2.3]
	at org.apache.catalina.core.ApplicationFilterChain.internalDoFilter(ApplicationFilterChain.java:164) ~[tomcat-embed-core-10.1.36.jar!/:na]
	at org.apache.catalina.core.ApplicationFilterChain.doFilter(ApplicationFilterChain.java:140) ~[tomcat-embed-core-10.1.36.jar!/:na]
	at org.apache.catalina.core.StandardWrapperValve.invoke(StandardWrapperValve.java:167) ~[tomcat-embed-core-10.1.36.jar!/:na]
	at org.apache.catalina.core.StandardContextValve.invoke(StandardContextValve.java:90) ~[tomcat-embed-core-10.1.36.jar!/:na]
	at org.apache.catalina.authenticator.AuthenticatorBase.invoke(AuthenticatorBase.java:483) ~[tomcat-embed-core-10.1.36.jar!/:na]
	at org.apache.catalina.core.StandardHostValve.invoke(StandardHostValve.java:115) ~[tomcat-embed-core-10.1.36.jar!/:na]
	at org.apache.catalina.valves.ErrorReportValve.invoke(ErrorReportValve.java:93) ~[tomcat-embed-core-10.1.36.jar!/:na]
	at org.apache.catalina.core.StandardEngineValve.invoke(StandardEngineValve.java:74) ~[tomcat-embed-core-10.1.36.jar!/:na]
	at org.apache.catalina.connector.CoyoteAdapter.service(CoyoteAdapter.java:344) ~[tomcat-embed-core-10.1.36.jar!/:na]
	at org.apache.coyote.http11.Http11Processor.service(Http11Processor.java:397) ~[tomcat-embed-core-10.1.36.jar!/:na]
	at org.apache.coyote.AbstractProcessorLight.process(AbstractProcessorLight.java:63) ~[tomcat-embed-core-10.1.36.jar!/:na]
	at org.apache.coyote.AbstractProtocol$ConnectionHandler.process(AbstractProtocol.java:905) ~[tomcat-embed-core-10.1.36.jar!/:na]
	at org.apache.tomcat.util.net.NioEndpoint$SocketProcessor.doRun(NioEndpoint.java:1743) ~[tomcat-embed-core-10.1.36.jar!/:na]
	at org.apache.tomcat.util.net.SocketProcessorBase.run(SocketProcessorBase.java:52) ~[tomcat-embed-core-10.1.36.jar!/:na]
	at org.apache.tomcat.util.threads.ThreadPoolExecutor.runWorker(ThreadPoolExecutor.java:1190) ~[tomcat-embed-core-10.1.36.jar!/:na]
	at org.apache.tomcat.util.threads.ThreadPoolExecutor$Worker.run(ThreadPoolExecutor.java:659) ~[tomcat-embed-core-10.1.36.jar!/:na]
	at org.apache.tomcat.util.threads.TaskThread$WrappingRunnable.run(TaskThread.java:63) ~[tomcat-embed-core-10.1.36.jar!/:na]
	at java.base/java.lang.Thread.run(Thread.java:1583) ~[na:na]

2025-05-25T19:05:05.450Z ERROR 42081 --- [apiAE] [nio-8080-exec-2] o.a.c.c.C.[.[.[/].[dispatcherServlet]    : Servlet.service() for servlet [dispatcherServlet] in context with path [] threw exception

io.jsonwebtoken.ExpiredJwtException: JWT expired at 2025-05-25T19:02:51Z. Current time: 2025-05-25T19:05:05Z, a difference of 134449 milliseconds.  Allowed clock skew: 0 milliseconds.
	at io.jsonwebtoken.impl.DefaultJwtParser.parse(DefaultJwtParser.java:427) ~[jjwt-impl-0.11.5.jar!/:0.11.5]
	at io.jsonwebtoken.impl.DefaultJwtParser.parse(DefaultJwtParser.java:529) ~[jjwt-impl-0.11.5.jar!/:0.11.5]
	at io.jsonwebtoken.impl.DefaultJwtParser.parseClaimsJws(DefaultJwtParser.java:589) ~[jjwt-impl-0.11.5.jar!/:0.11.5]
	at io.jsonwebtoken.impl.ImmutableJwtParser.parseClaimsJws(ImmutableJwtParser.java:173) ~[jjwt-impl-0.11.5.jar!/:0.11.5]
	at com.AgroEnvios.apiAE.Security.JwtUtil.extractAllClaims(JwtUtil.java:81) ~[!/:0.0.1-SNAPSHOT]
	at com.AgroEnvios.apiAE.Security.JwtUtil.extractUsername(JwtUtil.java:55) ~[!/:0.0.1-SNAPSHOT]
	at com.AgroEnvios.apiAE.Security.JwtFilter.doFilterInternal(JwtFilter.java:33) ~[!/:0.0.1-SNAPSHOT]
	at org.springframework.web.filter.OncePerRequestFilter.doFilter(OncePerRequestFilter.java:116) ~[spring-web-6.2.3.jar!/:6.2.3]
	at org.apache.catalina.core.ApplicationFilterChain.internalDoFilter(ApplicationFilterChain.java:164) ~[tomcat-embed-core-10.1.36.jar!/:na]
	at org.apache.catalina.core.ApplicationFilterChain.doFilter(ApplicationFilterChain.java:140) ~[tomcat-embed-core-10.1.36.jar!/:na]
	at org.springframework.web.filter.CompositeFilter$VirtualFilterChain.doFilter(CompositeFilter.java:108) ~[spring-web-6.2.3.jar!/:6.2.3]
	at org.springframework.security.web.FilterChainProxy.lambda$doFilterInternal$3(FilterChainProxy.java:231) ~[spring-security-web-6.4.3.jar!/:6.4.3]
	at org.springframework.security.web.FilterChainProxy$VirtualFilterChain.doFilter(FilterChainProxy.java:365) ~[spring-security-web-6.4.3.jar!/:6.4.3]
	at org.springframework.security.web.access.intercept.AuthorizationFilter.doFilter(AuthorizationFilter.java:101) ~[spring-security-web-6.4.3.jar!/:6.4.3]
	at org.springframework.security.web.FilterChainProxy$VirtualFilterChain.doFilter(FilterChainProxy.java:374) ~[spring-security-web-6.4.3.jar!/:6.4.3]
	at org.springframework.security.web.access.ExceptionTranslationFilter.doFilter(ExceptionTranslationFilter.java:126) ~[spring-security-web-6.4.3.jar!/:6.4.3]
	at org.springframework.security.web.access.ExceptionTranslationFilter.doFilter(ExceptionTranslationFilter.java:120) ~[spring-security-web-6.4.3.jar!/:6.4.3]
	at org.springframework.security.web.FilterChainProxy$VirtualFilterChain.doFilter(FilterChainProxy.java:374) ~[spring-security-web-6.4.3.jar!/:6.4.3]
	at org.springframework.security.web.authentication.AnonymousAuthenticationFilter.doFilter(AnonymousAuthenticationFilter.java:100) ~[spring-security-web-6.4.3.jar!/:6.4.3]
	at org.springframework.security.web.FilterChainProxy$VirtualFilterChain.doFilter(FilterChainProxy.java:374) ~[spring-security-web-6.4.3.jar!/:6.4.3]
	at org.springframework.security.web.servletapi.SecurityContextHolderAwareRequestFilter.doFilter(SecurityContextHolderAwareRequestFilter.java:179) ~[spring-security-web-6.4.3.jar!/:6.4.3]
	at org.springframework.security.web.FilterChainProxy$VirtualFilterChain.doFilter(FilterChainProxy.java:374) ~[spring-security-web-6.4.3.jar!/:6.4.3]
	at org.springframework.security.web.savedrequest.RequestCacheAwareFilter.doFilter(RequestCacheAwareFilter.java:63) ~[spring-security-web-6.4.3.jar!/:6.4.3]
	at org.springframework.security.web.FilterChainProxy$VirtualFilterChain.doFilter(FilterChainProxy.java:374) ~[spring-security-web-6.4.3.jar!/:6.4.3]
	at org.springframework.security.web.authentication.logout.LogoutFilter.doFilter(LogoutFilter.java:107) ~[spring-security-web-6.4.3.jar!/:6.4.3]
	at org.springframework.security.web.authentication.logout.LogoutFilter.doFilter(LogoutFilter.java:93) ~[spring-security-web-6.4.3.jar!/:6.4.3]
	at org.springframework.security.web.FilterChainProxy$VirtualFilterChain.doFilter(FilterChainProxy.java:374) ~[spring-security-web-6.4.3.jar!/:6.4.3]
	at org.springframework.web.filter.CorsFilter.doFilterInternal(CorsFilter.java:91) ~[spring-web-6.2.3.jar!/:6.2.3]
	at org.springframework.web.filter.OncePerRequestFilter.doFilter(OncePerRequestFilter.java:116) ~[spring-web-6.2.3.jar!/:6.2.3]
	at org.springframework.security.web.FilterChainProxy$VirtualFilterChain.doFilter(FilterChainProxy.java:374) ~[spring-security-web-6.4.3.jar!/:6.4.3]
	at org.springframework.security.web.header.HeaderWriterFilter.doHeadersAfter(HeaderWriterFilter.java:90) ~[spring-security-web-6.4.3.jar!/:6.4.3]
	at org.springframework.security.web.header.HeaderWriterFilter.doFilterInternal(HeaderWriterFilter.java:75) ~[spring-security-web-6.4.3.jar!/:6.4.3]
	at org.springframework.web.filter.OncePerRequestFilter.doFilter(OncePerRequestFilter.java:116) ~[spring-web-6.2.3.jar!/:6.2.3]
	at org.springframework.security.web.FilterChainProxy$VirtualFilterChain.doFilter(FilterChainProxy.java:374) ~[spring-security-web-6.4.3.jar!/:6.4.3]
	at org.springframework.security.web.context.SecurityContextHolderFilter.doFilter(SecurityContextHolderFilter.java:82) ~[spring-security-web-6.4.3.jar!/:6.4.3]
	at org.springframework.security.web.context.SecurityContextHolderFilter.doFilter(SecurityContextHolderFilter.java:69) ~[spring-security-web-6.4.3.jar!/:6.4.3]
	at org.springframework.security.web.FilterChainProxy$VirtualFilterChain.doFilter(FilterChainProxy.java:374) ~[spring-security-web-6.4.3.jar!/:6.4.3]
	at org.springframework.security.web.context.request.async.WebAsyncManagerIntegrationFilter.doFilterInternal(WebAsyncManagerIntegrationFilter.java:62) ~[spring-security-web-6.4.3.jar!/:6.4.3]
	at org.springframework.web.filter.OncePerRequestFilter.doFilter(OncePerRequestFilter.java:116) ~[spring-web-6.2.3.jar!/:6.2.3]
	at org.springframework.security.web.FilterChainProxy$VirtualFilterChain.doFilter(FilterChainProxy.java:374) ~[spring-security-web-6.4.3.jar!/:6.4.3]
	at org.springframework.security.web.session.DisableEncodeUrlFilter.doFilterInternal(DisableEncodeUrlFilter.java:42) ~[spring-security-web-6.4.3.jar!/:6.4.3]
	at org.springframework.web.filter.OncePerRequestFilter.doFilter(OncePerRequestFilter.java:116) ~[spring-web-6.2.3.jar!/:6.2.3]
	at org.springframework.security.web.FilterChainProxy$VirtualFilterChain.doFilter(FilterChainProxy.java:374) ~[spring-security-web-6.4.3.jar!/:6.4.3]
	at org.springframework.security.web.FilterChainProxy.doFilterInternal(FilterChainProxy.java:233) ~[spring-security-web-6.4.3.jar!/:6.4.3]
	at org.springframework.security.web.FilterChainProxy.doFilter(FilterChainProxy.java:191) ~[spring-security-web-6.4.3.jar!/:6.4.3]
	at org.springframework.web.filter.CompositeFilter$VirtualFilterChain.doFilter(CompositeFilter.java:113) ~[spring-web-6.2.3.jar!/:6.2.3]
	at org.springframework.web.servlet.handler.HandlerMappingIntrospector.lambda$createCacheFilter$3(HandlerMappingIntrospector.java:243) ~[spring-webmvc-6.2.3.jar!/:6.2.3]
	at org.springframework.web.filter.CompositeFilter$VirtualFilterChain.doFilter(CompositeFilter.java:113) ~[spring-web-6.2.3.jar!/:6.2.3]
	at org.springframework.web.filter.CompositeFilter.doFilter(CompositeFilter.java:74) ~[spring-web-6.2.3.jar!/:6.2.3]
	at org.springframework.security.config.annotation.web.configuration.WebMvcSecurityConfiguration$CompositeFilterChainProxy.doFilter(WebMvcSecurityConfiguration.java:238) ~[spring-security-config-6.4.3.jar!/:6.4.3]
	at org.springframework.web.filter.DelegatingFilterProxy.invokeDelegate(DelegatingFilterProxy.java:362) ~[spring-web-6.2.3.jar!/:6.2.3]
	at org.springframework.web.filter.DelegatingFilterProxy.doFilter(DelegatingFilterProxy.java:278) ~[spring-web-6.2.3.jar!/:6.2.3]
	at org.apache.catalina.core.ApplicationFilterChain.internalDoFilter(ApplicationFilterChain.java:164) ~[tomcat-embed-core-10.1.36.jar!/:na]
	at org.apache.catalina.core.ApplicationFilterChain.doFilter(ApplicationFilterChain.java:140) ~[tomcat-embed-core-10.1.36.jar!/:na]
	at org.springframework.web.filter.RequestContextFilter.doFilterInternal(RequestContextFilter.java:100) ~[spring-web-6.2.3.jar!/:6.2.3]
	at org.springframework.web.filter.OncePerRequestFilter.doFilter(OncePerRequestFilter.java:116) ~[spring-web-6.2.3.jar!/:6.2.3]
	at org.apache.catalina.core.ApplicationFilterChain.internalDoFilter(ApplicationFilterChain.java:164) ~[tomcat-embed-core-10.1.36.jar!/:na]
	at org.apache.catalina.core.ApplicationFilterChain.doFilter(ApplicationFilterChain.java:140) ~[tomcat-embed-core-10.1.36.jar!/:na]
	at org.springframework.web.filter.FormContentFilter.doFilterInternal(FormContentFilter.java:93) ~[spring-web-6.2.3.jar!/:6.2.3]
	at org.springframework.web.filter.OncePerRequestFilter.doFilter(OncePerRequestFilter.java:116) ~[spring-web-6.2.3.jar!/:6.2.3]
	at org.apache.catalina.core.ApplicationFilterChain.internalDoFilter(ApplicationFilterChain.java:164) ~[tomcat-embed-core-10.1.36.jar!/:na]
	at org.apache.catalina.core.ApplicationFilterChain.doFilter(ApplicationFilterChain.java:140) ~[tomcat-embed-core-10.1.36.jar!/:na]
	at org.springframework.web.filter.CharacterEncodingFilter.doFilterInternal(CharacterEncodingFilter.java:201) ~[spring-web-6.2.3.jar!/:6.2.3]
	at org.springframework.web.filter.OncePerRequestFilter.doFilter(OncePerRequestFilter.java:116) ~[spring-web-6.2.3.jar!/:6.2.3]
	at org.apache.catalina.core.ApplicationFilterChain.internalDoFilter(ApplicationFilterChain.java:164) ~[tomcat-embed-core-10.1.36.jar!/:na]
	at org.apache.catalina.core.ApplicationFilterChain.doFilter(ApplicationFilterChain.java:140) ~[tomcat-embed-core-10.1.36.jar!/:na]
	at org.apache.catalina.core.StandardWrapperValve.invoke(StandardWrapperValve.java:167) ~[tomcat-embed-core-10.1.36.jar!/:na]
	at org.apache.catalina.core.StandardContextValve.invoke(StandardContextValve.java:90) ~[tomcat-embed-core-10.1.36.jar!/:na]
	at org.apache.catalina.authenticator.AuthenticatorBase.invoke(AuthenticatorBase.java:483) ~[tomcat-embed-core-10.1.36.jar!/:na]
	at org.apache.catalina.core.StandardHostValve.invoke(StandardHostValve.java:115) ~[tomcat-embed-core-10.1.36.jar!/:na]
	at org.apache.catalina.valves.ErrorReportValve.invoke(ErrorReportValve.java:93) ~[tomcat-embed-core-10.1.36.jar!/:na]
	at org.apache.catalina.core.StandardEngineValve.invoke(StandardEngineValve.java:74) ~[tomcat-embed-core-10.1.36.jar!/:na]
	at org.apache.catalina.connector.CoyoteAdapter.service(CoyoteAdapter.java:344) ~[tomcat-embed-core-10.1.36.jar!/:na]
	at org.apache.coyote.http11.Http11Processor.service(Http11Processor.java:397) ~[tomcat-embed-core-10.1.36.jar!/:na]
	at org.apache.coyote.AbstractProcessorLight.process(AbstractProcessorLight.java:63) ~[tomcat-embed-core-10.1.36.jar!/:na]
	at org.apache.coyote.AbstractProtocol$ConnectionHandler.process(AbstractProtocol.java:905) ~[tomcat-embed-core-10.1.36.jar!/:na]
	at org.apache.tomcat.util.net.NioEndpoint$SocketProcessor.doRun(NioEndpoint.java:1743) ~[tomcat-embed-core-10.1.36.jar!/:na]
	at org.apache.tomcat.util.net.SocketProcessorBase.run(SocketProcessorBase.java:52) ~[tomcat-embed-core-10.1.36.jar!/:na]
	at org.apache.tomcat.util.threads.ThreadPoolExecutor.runWorker(ThreadPoolExecutor.java:1190) ~[tomcat-embed-core-10.1.36.jar!/:na]
	at org.apache.tomcat.util.threads.ThreadPoolExecutor$Worker.run(ThreadPoolExecutor.java:659) ~[tomcat-embed-core-10.1.36.jar!/:na]
	at org.apache.tomcat.util.threads.TaskThread$WrappingRunnable.run(TaskThread.java:63) ~[tomcat-embed-core-10.1.36.jar!/:na]
	at java.base/java.lang.Thread.run(Thread.java:1583) ~[na:na]

Hibernate: select u1_0.id,u1_0.apellido,u1_0.direccion,u1_0.email,u1_0.nombre,u1_0.organizacion,u1_0.password,u1_0.telefono from usuario u1_0 where u1_0.email=?
Hibernate: select o1_0.id,o1_0.descripcion,o1_0.direccion,o1_0.email,o1_0.nombre,o1_0.telefono from organizacion o1_0 where o1_0.id=?
Hibernate: select r1_0.usuario,r1_1.id,r1_1.descripcion,r1_1.nombre from usuario_rol r1_0 join rol r1_1 on r1_1.id=r1_0.rol where r1_0.usuario=?
Hibernate: select u1_0.id,u1_0.apellido,u1_0.direccion,u1_0.email,u1_0.nombre,u1_0.organizacion,u1_0.password,u1_0.telefono from usuario u1_0 where u1_0.email=?
Hibernate: select p1_0.id,p1_0.cantidad,p1_0.descripcion,p1_0.nombre,p1_0.unidad_medida from producto p1_0
Hibernate: select e1_0.id,e1_0.comentario_proveedor,e1_0.comentario_supervisor,e1_0.estado,e1_0.fecha_creacion,e1_0.fecha_entrega,e1_0.fecha_modificacion,e1_0.fecha_salida,e1_0.motorisata,p1_0.id,p1_0.apellido,p1_0.direccion,p1_0.email,p1_0.nombre,o1_0.id,o1_0.descripcion,o1_0.direccion,o1_0.email,o1_0.nombre,o1_0.telefono,p1_0.password,r1_0.usuario,r1_1.id,r1_1.descripcion,r1_1.nombre,p1_0.telefono,s1_0.id,s1_0.apellido,s1_0.direccion,s1_0.email,s1_0.nombre,o2_0.id,o2_0.descripcion,o2_0.direccion,o2_0.email,o2_0.nombre,o2_0.telefono,s1_0.password,r2_0.usuario,r2_1.id,r2_1.descripcion,r2_1.nombre,s1_0.telefono from envio e1_0 left join usuario p1_0 on p1_0.id=e1_0.proveedor left join organizacion o1_0 on o1_0.id=p1_0.organizacion left join usuario_rol r1_0 on p1_0.id=r1_0.usuario left join rol r1_1 on r1_1.id=r1_0.rol left join usuario s1_0 on s1_0.id=e1_0.supervisor left join organizacion o2_0 on o2_0.id=s1_0.organizacion left join usuario_rol r2_0 on s1_0.id=r2_0.usuario left join rol r2_1 on r2_1.id=r2_0.rol where e1_0.id=?
Hibernate: select ed1_0.id,ed1_0.cantidad,ed1_0.envio,ed1_0.producto from envio_detalle ed1_0 where ed1_0.envio=?
Hibernate: select p1_0.id,p1_0.cantidad,p1_0.descripcion,p1_0.nombre,p1_0.unidad_medida from producto p1_0 where p1_0.id=?
Hibernate: select p1_0.id,p1_0.cantidad,p1_0.descripcion,p1_0.nombre,p1_0.unidad_medida from producto p1_0
Hibernate: select e1_0.id,e1_0.comentario_proveedor,e1_0.comentario_supervisor,e1_0.estado,e1_0.fecha_creacion,e1_0.fecha_entrega,e1_0.fecha_modificacion,e1_0.fecha_salida,e1_0.motorisata,p1_0.id,p1_0.apellido,p1_0.direccion,p1_0.email,p1_0.nombre,o1_0.id,o1_0.descripcion,o1_0.direccion,o1_0.email,o1_0.nombre,o1_0.telefono,p1_0.password,r1_0.usuario,r1_1.id,r1_1.descripcion,r1_1.nombre,p1_0.telefono,s1_0.id,s1_0.apellido,s1_0.direccion,s1_0.email,s1_0.nombre,o2_0.id,o2_0.descripcion,o2_0.direccion,o2_0.email,o2_0.nombre,o2_0.telefono,s1_0.password,r2_0.usuario,r2_1.id,r2_1.descripcion,r2_1.nombre,s1_0.telefono from envio e1_0 left join usuario p1_0 on p1_0.id=e1_0.proveedor left join organizacion o1_0 on o1_0.id=p1_0.organizacion left join usuario_rol r1_0 on p1_0.id=r1_0.usuario left join rol r1_1 on r1_1.id=r1_0.rol left join usuario s1_0 on s1_0.id=e1_0.supervisor left join organizacion o2_0 on o2_0.id=s1_0.organizacion left join usuario_rol r2_0 on s1_0.id=r2_0.usuario left join rol r2_1 on r2_1.id=r2_0.rol where e1_0.id=?
Hibernate: select ed1_0.id,ed1_0.cantidad,ed1_0.envio,ed1_0.producto from envio_detalle ed1_0 where ed1_0.envio=?
Hibernate: select p1_0.id,p1_0.cantidad,p1_0.descripcion,p1_0.nombre,p1_0.unidad_medida from producto p1_0 where p1_0.id=?
